timestamp,Pusa__PM2.5,Pusa__PM10,Pusa__NO,Pusa__NO2,Pusa__NOx,Pusa__NH3,Pusa__SO2,Pusa__CO,Pusa__Ozone,Pusa__Benzene,Pusa__Toluene,Pusa__Xylene,Pusa__O Xylene,Pusa__Eth-Benzene,Pusa__MP-Xylene,Pusa__AT,Pusa__RH,Pusa__WS,Pusa__WD,Pusa__RF,Pusa__TOT-RF,Pusa__SR,Pusa__BP,Pusa__VWS,IBHAS_Dilshad_garden__PM2.5,IBHAS_Dilshad_garden__PM10,IBHAS_Dilshad_garden__NO,IBHAS_Dilshad_garden__NO2,IBHAS_Dilshad_garden__NOx,IBHAS_Dilshad_garden__NH3,IBHAS_Dilshad_garden__SO2,IBHAS_Dilshad_garden__CO,IBHAS_Dilshad_garden__Ozone,IBHAS_Dilshad_garden__Benzene,IBHAS_Dilshad_garden__Toluene,IBHAS_Dilshad_garden__Xylene,IBHAS_Dilshad_garden__O Xylene,IBHAS_Dilshad_garden__Eth-Benzene,IBHAS_Dilshad_garden__MP-Xylene,IBHAS_Dilshad_garden__AT,IBHAS_Dilshad_garden__RH,IBHAS_Dilshad_garden__WS,IBHAS_Dilshad_garden__WD,IBHAS_Dilshad_garden__RF,IBHAS_Dilshad_garden__TOT-RF,IBHAS_Dilshad_garden__SR,IBHAS_Dilshad_garden__BP,IBHAS_Dilshad_garden__VWS,Sirifort__PM2.5,Sirifort__PM10,Sirifort__NO,Sirifort__NO2,Sirifort__NOx,Sirifort__NH3,Sirifort__SO2,Sirifort__CO,Sirifort__Ozone,Sirifort__Benzene,Sirifort__Toluene,Sirifort__Xylene,Sirifort__O Xylene,Sirifort__Eth-Benzene,Sirifort__MP-Xylene,Sirifort__AT,Sirifort__RH,Sirifort__WS,Sirifort__WD,Sirifort__RF,Sirifort__TOT-RF,Sirifort__SR,Sirifort__BP,Sirifort__VWS,Jahangirpur__PM2.5,Jahangirpur__PM10,Jahangirpur__NO,Jahangirpur__NO2,Jahangirpur__NOx,Jahangirpur__NH3,Jahangirpur__SO2,Jahangirpur__CO,Jahangirpur__Ozone,Jahangirpur__Benzene,Jahangirpur__Toluene,Jahangirpur__Xylene,Jahangirpur__O Xylene,Jahangirpur__Eth-Benzene,Jahangirpur__MP-Xylene,Jahangirpur__AT,Jahangirpur__RH,Jahangirpur__WS,Jahangirpur__WD,Jahangirpur__RF,Jahangirpur__TOT-RF,Jahangirpur__SR,Jahangirpur__BP,Jahangirpur__VWS,Najafgarh__PM2.5,Najafgarh__PM10,Najafgarh__NO,Najafgarh__NO2,Najafgarh__NOx,Najafgarh__NH3,Najafgarh__SO2,Najafgarh__CO,Najafgarh__Ozone,Najafgarh__Benzene,Najafgarh__Toluene,Najafgarh__Xylene,Najafgarh__O Xylene,Najafgarh__Eth-Benzene,Najafgarh__MP-Xylene,Najafgarh__AT,Najafgarh__RH,Najafgarh__WS,Najafgarh__WD,Najafgarh__RF,Najafgarh__TOT-RF,Najafgarh__SR,Najafgarh__BP,Najafgarh__VWS,Wazirpur__PM2.5,Wazirpur__PM10,Wazirpur__NO,Wazirpur__NO2,Wazirpur__NOx,Wazirpur__NH3,Wazirpur__SO2,Wazirpur__CO,Wazirpur__Ozone,Wazirpur__Benzene,Wazirpur__Toluene,Wazirpur__Xylene,Wazirpur__O Xylene,Wazirpur__Eth-Benzene,Wazirpur__MP-Xylene,Wazirpur__AT,Wazirpur__RH,Wazirpur__WS,Wazirpur__WD,Wazirpur__RF,Wazirpur__TOT-RF,Wazirpur__SR,Wazirpur__BP,Wazirpur__VWS,Vivek_vihar__PM2.5,Vivek_vihar__PM10,Vivek_vihar__NO,Vivek_vihar__NO2,Vivek_vihar__NOx,Vivek_vihar__NH3,Vivek_vihar__SO2,Vivek_vihar__CO,Vivek_vihar__Ozone,Vivek_vihar__Benzene,Vivek_vihar__Toluene,Vivek_vihar__Xylene,Vivek_vihar__O Xylene,Vivek_vihar__Eth-Benzene,Vivek_vihar__MP-Xylene,Vivek_vihar__AT,Vivek_vihar__RH,Vivek_vihar__WS,Vivek_vihar__WD,Vivek_vihar__RF,Vivek_vihar__TOT-RF,Vivek_vihar__SR,Vivek_vihar__BP,Vivek_vihar__VWS,Mundka__PM2.5,Mundka__PM10,Mundka__NO,Mundka__NO2,Mundka__NOx,Mundka__NH3,Mundka__SO2,Mundka__CO,Mundka__Ozone,Mundka__Benzene,Mundka__Toluene,Mundka__Xylene,Mundka__O Xylene,Mundka__Eth-Benzene,Mundka__MP-Xylene,Mundka__AT,Mundka__RH,Mundka__WS,Mundka__WD,Mundka__RF,Mundka__TOT-RF,Mundka__SR,Mundka__BP,Mundka__VWS,Sri_Aurbuindo_Marg__PM2.5,Sri_Aurbuindo_Marg__PM10,Sri_Aurbuindo_Marg__NO,Sri_Aurbuindo_Marg__NO2,Sri_Aurbuindo_Marg__NOx,Sri_Aurbuindo_Marg__NH3,Sri_Aurbuindo_Marg__SO2,Sri_Aurbuindo_Marg__CO,Sri_Aurbuindo_Marg__Ozone,Sri_Aurbuindo_Marg__Benzene,Sri_Aurbuindo_Marg__Toluene,Sri_Aurbuindo_Marg__Xylene,Sri_Aurbuindo_Marg__O Xylene,Sri_Aurbuindo_Marg__Eth-Benzene,Sri_Aurbuindo_Marg__MP-Xylene,Sri_Aurbuindo_Marg__AT,Sri_Aurbuindo_Marg__RH,Sri_Aurbuindo_Marg__WS,Sri_Aurbuindo_Marg__WD,Sri_Aurbuindo_Marg__RF,Sri_Aurbuindo_Marg__TOT-RF,Sri_Aurbuindo_Marg__SR,Sri_Aurbuindo_Marg__BP,Sri_Aurbuindo_Marg__VWS,Chandani_Chowk__PM2.5,Chandani_Chowk__PM10,Chandani_Chowk__NO,Chandani_Chowk__NO2,Chandani_Chowk__NOx,Chandani_Chowk__NH3,Chandani_Chowk__SO2,Chandani_Chowk__CO,Chandani_Chowk__Ozone,Chandani_Chowk__Benzene,Chandani_Chowk__Toluene,Chandani_Chowk__Xylene,Chandani_Chowk__O Xylene,Chandani_Chowk__Eth-Benzene,Chandani_Chowk__MP-Xylene,Chandani_Chowk__AT,Chandani_Chowk__RH,Chandani_Chowk__WS,Chandani_Chowk__WD,Chandani_Chowk__RF,Chandani_Chowk__TOT-RF,Chandani_Chowk__SR,Chandani_Chowk__BP,Chandani_Chowk__VWS,Huda_Sector_fatehabad__PM2.5,Huda_Sector_fatehabad__PM10,Huda_Sector_fatehabad__NO,Huda_Sector_fatehabad__NO2,Huda_Sector_fatehabad__NOx,Huda_Sector_fatehabad__NH3,Huda_Sector_fatehabad__SO2,Huda_Sector_fatehabad__CO,Huda_Sector_fatehabad__Ozone,Huda_Sector_fatehabad__Benzene,Huda_Sector_fatehabad__Toluene,Huda_Sector_fatehabad__Xylene,Huda_Sector_fatehabad__O Xylene,Huda_Sector_fatehabad__Eth-Benzene,Huda_Sector_fatehabad__MP-Xylene,Huda_Sector_fatehabad__AT,Huda_Sector_fatehabad__RH,Huda_Sector_fatehabad__WS,Huda_Sector_fatehabad__WD,Huda_Sector_fatehabad__RF,Huda_Sector_fatehabad__TOT-RF,Huda_Sector_fatehabad__SR,Huda_Sector_fatehabad__BP,Huda_Sector_fatehabad__VWS
2024-12-02 00:00:00,165.08,252.12,82.1,88.64,113.91,,,2.97,12.32,,,,,,,,,,,,0,,,,121.22,272.68,26.28,6.09,18.68,42.86,43.91,2.67,5.92,18.78,102.49,19.11,,9.71,32.75,,82.24,0.3,190.41,,0,15.2,,-0.27,163.93,275.54,33.06,25.45,58.73,58.46,48.24,1.65,22.63,0.13,,,,0.02,0.1,14.35,86.3,,154.99,0.0,0.0,,,,170.0,288.0,47.42,78.78,80.38,44.62,2.15,1.21,6.32,1.65,5.3,,,,,22.15,70.25,0.28,173.0,0.0,0.0,7.0,975.0,,140.0,185.0,13.58,58.97,42.38,39.2,10.48,1.16,9.88,1.03,1.1,,,,,19.12,80.75,0.25,249.25,0.0,0.0,3.0,990.0,,202.0,350.0,76.95,87.9,109.22,50.48,17.58,3.13,40.33,7.88,8.25,,,,,21.12,71.25,0.38,317.75,0.0,0.0,9.5,965.75,,214.5,302.25,118.82,16.42,105.35,68.5,4.32,4.39,9.9,4.9,57.32,,,,,23.08,76.75,0.3,285.0,0.0,0.0,5.0,986.0,,223.0,610.0,71.4,63.15,91.62,37.42,12.07,1.53,13.5,0.0,21.2,,,,,21.95,74.5,1.3,54.0,0.0,0.0,3.0,985.5,,147.0,206.75,34.55,31.92,45.1,27.38,30.82,1.8,4.95,0.35,2.3,,,,,20.1,82.25,0.55,66.75,0.0,0.0,11.0,980.5,,,248.22,57.14,85.76,92.08,61.98,26.2,,10.39,2.54,7.04,5.68,,3.73,2.91,30.1,29.93,,,0.0,0.0,,996.5,,68.22,113.71,6.98,19.26,15.7,52.55,,0.78,20.0,3.84,5.98,5.51,,4.47,5.96,,,3.4,270.59,0.0,0.0,28.7,,
2024-12-02 01:00:00,145.22,214.7,79.15,77.6,105.59,,,2.7,11.63,,,,,,,,,,,,0,,,,87.0,263.12,37.45,5.02,29.8,41.68,47.12,2.16,5.77,11.88,57.04,12.5,,6.68,21.83,,74.22,0.54,146.98,,0,15.4,,-0.28,165.66,265.5,30.61,25.21,55.78,58.54,48.42,1.67,22.03,0.35,,,,0.04,0.04,14.22,86.04,0.06,154.94,0.0,0.0,,,,148.0,250.0,25.0,71.9,58.6,45.5,0.85,1.08,6.3,1.38,3.82,,,,,22.22,68.75,0.3,180.25,0.0,0.0,7.0,975.0,,145.0,174.0,17.75,58.62,45.68,42.32,10.55,1.13,9.1,0.32,0.35,,,,,18.58,83.0,0.22,223.25,0.0,0.0,3.0,989.75,,171.0,284.0,57.0,86.95,92.4,50.7,18.27,2.41,38.9,7.6,7.82,,,,,21.08,71.0,0.38,314.75,0.0,0.0,9.75,965.75,,199.25,256.75,109.4,16.38,97.65,68.38,2.68,3.44,8.9,4.82,55.4,,,,,23.0,74.75,0.3,285.0,0.0,0.0,5.0,986.0,,212.0,483.0,69.82,59.45,88.42,38.0,11.3,1.26,12.8,0.0,0.0,,,,,21.35,78.0,1.3,54.0,0.0,0.0,3.0,986.0,,149.5,198.75,22.98,40.57,40.28,26.42,30.7,1.65,4.8,0.32,2.17,,,,,20.23,82.75,1.15,69.0,0.0,0.0,20.0,982.5,,,222.4,57.08,88.2,93.33,62.64,26.11,1.27,12.4,2.62,6.92,5.74,,3.7,2.94,30.1,29.93,,,0.0,0.0,,996.5,,68.03,113.39,7.09,17.75,11.32,49.89,,0.6,20.0,3.87,5.74,5.4,,4.32,5.88,,,3.95,293.32,0.0,0.0,28.7,,
2024-12-02 02:00:00,127.88,204.17,77.71,73.07,102.04,,,2.4,17.36,,,,,,,,,,,,0,,,,74.05,265.23,37.31,5.13,32.03,40.58,46.31,1.56,5.87,8.5,27.02,6.91,,4.03,11.86,,77.72,0.34,176.44,,0,14.65,,-0.28,157.44,247.17,32.35,25.07,57.33,58.48,48.23,1.58,21.94,0.34,,,,0.03,0.17,13.82,86.55,0.06,154.96,0.0,0.0,,,,134.0,222.0,21.0,68.3,53.4,45.7,,1.24,7.27,0.8,2.65,,,,,21.68,71.25,0.3,187.25,0.0,0.0,7.0,975.0,,145.0,172.0,17.4,53.1,42.4,40.8,10.4,1.19,9.57,0.68,0.8,,,,,18.2,83.0,0.35,206.5,0.0,0.0,3.0,989.25,,153.0,240.0,43.6,83.4,79.8,52.4,15.7,2.0,42.65,7.18,7.45,,,,,20.7,72.75,0.35,306.25,0.0,0.0,10.0,966.0,,177.5,233.5,93.58,16.05,84.62,68.32,1.72,2.54,9.0,4.38,50.72,,,,,22.82,73.25,0.3,285.0,0.0,0.0,5.0,986.0,,189.0,390.0,47.1,57.6,69.0,41.1,11.7,1.12,12.5,0.0,71.65,,,,,21.1,79.0,1.3,54.0,0.0,0.0,3.0,986.25,,143.0,198.0,17.8,38.6,35.1,27.0,30.9,1.74,5.12,0.3,1.9,,,,,20.12,82.75,0.2,41.0,0.0,0.0,11.0,984.5,,,251.98,54.99,88.13,91.6,61.36,25.66,1.7,11.26,2.57,6.91,5.77,,3.63,2.91,30.1,29.93,,,0.0,0.0,,996.5,,66.26,110.44,7.23,17.44,15.93,47.76,,0.76,20.0,3.92,5.68,5.56,,4.2,5.89,,,3.6,292.94,0.0,0.0,28.7,,
2024-12-02 03:00:00,117.46,179.89,71.24,63.42,91.64,,,2.1,16.84,,,,,,,,,,,,0,,,,116.1,244.05,35.42,2.68,27.64,39.93,47.14,1.96,5.93,6.65,18.8,5.21,,3.08,8.42,,82.88,0.38,185.43,,0,14.75,,-0.28,152.34,218.08,32.85,25.16,58.08,58.48,47.91,1.41,21.87,0.16,,,,0.04,0.12,13.43,87.92,,155.03,0.0,0.0,,,,152.0,241.0,19.65,63.78,49.85,45.25,6.58,1.86,6.98,1.55,2.95,,,,,21.18,74.75,0.28,179.25,0.0,0.0,7.0,975.0,,138.0,163.0,22.42,38.17,38.55,60.0,13.47,1.32,10.05,1.42,1.7,,,,,17.92,83.0,0.38,224.5,0.0,0.0,3.0,989.0,,152.0,235.0,38.9,73.95,70.8,48.52,12.45,1.67,33.88,7.2,7.12,,,,,20.3,75.25,0.3,285.75,0.0,0.0,10.75,966.0,,152.25,194.75,73.47,16.98,68.78,68.5,1.1,2.27,9.78,3.92,44.62,,,,,22.45,75.75,0.3,285.0,0.0,0.0,5.0,986.0,,194.0,379.0,73.55,56.18,89.52,37.85,9.75,1.04,12.22,0.0,144.2,,,,,20.65,81.75,1.3,54.0,0.0,0.0,3.0,985.5,,143.25,201.25,13.22,34.58,29.15,24.08,30.3,1.32,4.82,0.3,1.72,,,,,19.82,82.5,,70.0,0.0,0.0,11.0,981.0,,,245.42,54.85,87.39,91.08,61.56,25.9,1.29,12.15,2.6,6.93,5.78,,3.61,2.86,30.1,29.93,,,0.0,0.0,,996.5,,66.19,110.32,7.14,18.9,14.87,51.91,5.91,0.74,20.0,3.89,5.87,5.35,,4.43,6.34,,,3.15,288.54,0.0,0.0,28.7,,
2024-12-02 04:00:00,112.23,177.0,50.58,56.36,71.06,,,1.95,12.45,,,,,,,,,,,,0,,,,104.28,233.23,41.8,3.25,34.83,42.5,45.42,1.68,12.33,5.7,15.2,4.17,,2.6,6.7,,84.81,0.59,140.42,,0,15.48,,-0.28,144.91,219.61,32.07,25.58,57.64,58.4,47.76,1.26,21.51,0.22,,,,0.04,0.11,13.22,88.96,,154.99,0.0,0.0,,,,190.0,295.0,18.52,64.0,49.12,45.68,9.23,1.84,6.4,1.42,4.12,,,,,20.88,76.75,0.25,153.5,0.0,0.0,7.0,975.0,,121.0,145.0,24.6,36.85,39.57,47.1,14.2,1.14,9.75,1.62,2.0,,,,,17.68,83.0,0.28,251.75,0.0,0.0,3.0,989.0,,185.0,260.0,42.88,73.78,73.92,48.18,11.52,1.7,26.38,7.58,7.28,,,,,19.95,76.5,0.35,290.25,0.0,0.0,9.0,965.25,,142.0,173.0,57.95,16.6,55.98,68.47,0.6,2.17,10.05,3.4,38.88,,,,,21.85,79.25,0.3,284.75,0.0,0.0,5.0,986.0,,202.0,400.0,53.52,52.62,71.5,36.78,9.45,1.2,12.8,0.0,0.0,,,,,20.58,82.5,1.3,54.0,0.0,0.0,3.0,985.25,,141.0,189.25,12.55,28.35,25.3,26.05,30.3,1.01,4.8,0.22,1.52,,,,,19.65,82.75,0.1,106.5,0.0,0.0,10.75,982.75,,,244.7,55.98,89.78,93.27,64.03,26.21,1.94,11.12,2.56,6.97,5.76,,3.7,2.91,30.1,29.93,,,0.0,0.0,,996.5,,66.94,111.56,7.14,18.05,14.77,49.21,6.46,0.75,20.0,3.89,5.72,5.33,,4.28,6.03,,,3.26,285.68,0.0,0.0,28.7,,
2024-12-02 05:00:00,113.8,161.98,35.93,50.51,56.07,,,1.78,11.51,,,,,,,,,,,,0,,,,103.12,226.85,37.42,12.61,37.13,38.46,42.35,1.48,12.82,5.56,14.88,3.72,,2.36,5.64,,70.28,0.68,67.53,,0,15.6,,-0.27,146.64,220.15,32.4,25.66,57.96,58.42,47.64,1.14,21.28,0.2,,,,0.06,0.25,13.24,88.76,0.58,154.94,0.0,0.0,,,,224.0,326.0,46.4,64.58,72.08,45.2,10.22,1.98,6.52,1.08,4.05,,,,,20.72,77.75,0.2,178.0,0.0,0.0,7.0,975.0,,118.0,144.0,20.02,37.45,36.4,42.2,12.48,1.12,9.4,1.5,2.0,,,,,17.52,82.0,0.2,227.25,0.0,0.0,3.0,989.5,,196.0,273.0,34.38,67.85,63.92,46.48,11.9,1.54,25.1,7.35,7.2,,,,,19.98,76.0,0.43,316.75,0.0,0.0,9.75,965.75,,140.0,176.0,46.42,15.65,46.1,68.85,0.5,1.95,10.28,3.12,34.75,,,,,22.32,76.75,0.35,270.75,0.0,0.0,5.0,986.0,,223.0,382.0,54.85,52.28,72.4,35.72,9.43,1.57,13.1,0.0,0.0,,,,,20.25,85.5,1.3,54.0,0.0,0.0,3.0,985.25,,136.25,179.0,20.1,27.8,31.1,26.52,30.25,0.95,4.78,0.25,1.45,,,,,19.55,85.25,0.55,64.0,0.0,0.0,11.25,986.25,,,270.0,61.7,94.47,100.42,67.87,26.54,2.15,14.79,2.61,6.92,5.78,,3.74,2.84,30.1,29.93,,,0.0,0.0,,996.5,,66.87,111.45,7.06,18.51,15.6,48.59,5.76,0.74,20.0,3.88,5.77,5.54,,4.2,6.34,,,3.88,311.55,0.0,0.0,28.7,,
2024-12-02 06:00:00,136.91,173.28,55.11,46.18,69.34,,,1.74,11.34,,,,,,,,,,,,0,,,,108.22,223.55,35.7,3.86,29.71,42.95,38.99,1.55,12.49,5.31,13.62,3.12,,2.02,4.58,,69.32,0.85,51.08,,0,15.72,,-0.26,200.17,773.64,32.77,25.38,58.22,58.5,47.44,1.05,21.34,0.16,,,,0.03,0.11,13.7,86.12,0.5,159.41,0.0,0.0,0.11,,,277.0,412.0,47.52,76.18,78.97,45.15,11.38,2.24,7.22,1.7,4.15,,,,,20.68,78.25,0.25,197.25,0.0,0.0,7.0,975.0,,117.0,139.0,23.2,34.48,37.2,43.88,12.68,1.1,9.4,1.58,2.0,,,,,17.23,82.0,0.35,229.75,0.0,0.0,3.25,990.25,,200.0,266.0,43.35,72.53,73.7,45.48,13.92,1.6,34.92,7.08,6.78,,,,,20.02,76.0,0.5,305.5,0.0,0.0,9.5,965.5,,156.75,194.25,36.8,16.73,38.78,68.82,0.4,1.94,10.3,2.62,31.02,,,,,22.32,75.75,0.43,239.5,0.0,0.0,5.5,986.25,,204.0,360.0,48.18,48.55,64.95,36.25,9.48,1.29,12.28,0.0,0.0,,,,,20.2,85.5,1.3,54.0,0.0,0.0,3.0,985.0,,129.75,178.5,35.05,28.95,43.92,26.85,30.28,0.83,5.2,0.2,1.4,,,,,19.68,87.25,0.45,61.5,0.0,0.0,11.33,979.25,,,255.85,53.85,83.63,88.27,61.7,26.4,1.87,15.28,2.58,6.95,5.73,,3.75,2.74,30.1,29.93,,,0.0,0.0,,996.5,,66.77,111.29,6.95,17.89,15.49,50.06,10.85,0.72,20.0,3.9,5.78,5.57,,4.33,6.04,,,3.85,328.0,0.0,0.0,28.7,,
2024-12-02 07:00:00,158.11,197.12,72.47,49.98,85.52,,,1.88,12.55,,,,,,,,,,,,0,,,,111.4,234.05,28.09,2.35,19.37,38.78,39.96,1.62,12.72,5.81,13.44,3.33,,2.15,5.06,,64.96,0.86,86.33,,0,27.08,,-0.23,169.03,254.82,32.17,25.42,57.5,58.4,47.42,1.01,21.49,0.33,,,,0.04,0.1,13.5,87.55,0.98,164.15,0.0,0.0,6.37,,,207.0,318.0,42.88,75.22,74.88,45.6,11.25,2.27,7.35,1.68,3.95,,,,,21.05,75.5,0.35,184.5,0.0,0.0,12.75,975.0,,119.0,145.0,25.7,36.12,40.12,44.62,13.68,1.13,9.43,1.58,2.3,,,,,17.23,82.0,0.43,229.75,0.0,0.0,8.0,991.25,,269.0,366.0,53.48,79.9,85.98,46.85,15.28,1.8,39.15,7.42,6.9,,,,,20.38,74.0,0.95,306.0,0.0,0.0,14.25,966.0,,174.25,231.75,32.02,16.55,34.85,69.12,3.7,2.0,10.18,2.48,28.45,,,,,23.45,69.5,0.98,282.5,0.0,0.0,21.75,986.25,,217.0,423.0,55.95,47.32,70.65,36.05,9.9,1.48,14.5,0.0,0.0,,,,,20.23,86.25,1.3,54.0,0.0,0.0,13.5,985.0,,135.5,188.0,46.15,35.17,56.25,28.88,30.4,0.94,5.15,0.2,1.25,,,,,19.73,88.0,0.67,60.0,0.0,0.0,29.5,986.75,,,313.02,55.36,84.92,90.18,63.19,27.4,1.95,22.52,2.59,7.08,5.77,,3.68,2.78,30.1,29.93,,,0.0,0.0,,996.5,,64.17,106.97,7.33,17.43,15.76,49.1,35.51,0.71,20.0,3.91,5.74,5.48,,4.25,6.16,,,3.55,334.05,0.0,0.0,28.7,,
2024-12-02 08:00:00,153.28,233.95,67.62,77.08,95.99,,,1.98,12.58,,,,,,,,,,,,0,,,,111.7,258.77,34.95,5.08,30.18,37.3,41.39,1.72,20.66,5.61,13.06,3.91,,2.2,5.88,,55.31,0.83,83.29,,0,96.7,,-0.1,180.45,275.23,33.94,25.58,59.46,58.47,47.55,0.96,22.21,0.19,,,,0.03,0.18,15.31,81.83,1.64,168.01,0.0,0.0,17.1,,,211.0,349.0,24.05,79.32,61.7,45.65,10.53,1.91,8.45,1.18,3.28,,,,,21.82,70.75,0.4,191.25,0.0,0.0,27.25,975.0,,119.0,149.0,25.72,43.0,43.8,44.02,13.1,1.14,12.58,1.27,1.62,,,,,18.2,82.25,0.32,279.5,0.0,0.0,24.0,992.25,,196.0,310.0,33.1,81.85,70.42,46.6,16.23,1.85,49.18,7.22,6.45,,,,,21.67,68.0,1.1,282.25,0.0,0.0,74.0,966.0,,189.75,271.0,30.95,16.7,34.08,69.32,7.1,2.22,10.78,2.45,25.55,,,,,25.98,59.5,1.38,263.25,0.0,0.0,58.75,986.5,,282.0,455.0,33.5,57.72,57.95,38.05,11.25,1.48,19.1,33.5,0.0,,,,,21.68,78.75,1.3,54.0,0.0,0.0,43.0,985.25,,157.5,246.5,22.15,58.68,49.2,30.08,30.65,1.03,9.28,0.2,1.2,,,,,21.72,82.5,0.2,87.5,0.0,0.0,93.0,984.75,,,316.6,56.86,91.93,96.06,65.91,25.52,1.96,22.54,2.59,7.08,5.66,,3.72,2.85,30.1,29.93,,,0.0,0.0,,996.5,,66.55,110.92,7.04,18.3,16.64,50.3,29.96,0.74,20.0,3.86,5.84,5.69,,4.34,5.88,,,3.64,258.96,0.0,0.0,28.7,,
2024-12-02 09:00:00,162.91,287.67,33.44,103.66,82.24,,,2.03,10.78,,,,,,,,,,,,0,,,,135.07,285.15,33.21,4.18,27.92,39.71,37.5,1.64,20.75,4.7,10.29,3.16,,1.82,5.05,,45.53,1.1,89.74,,0,176.8,,0.03,192.37,298.5,31.21,25.29,57.04,57.46,46.39,0.82,22.52,0.17,,,,0.02,0.07,17.99,72.48,1.76,169.79,0.0,0.0,25.36,,,196.0,335.0,19.18,78.75,57.25,45.52,12.3,1.61,10.02,1.65,4.0,,,,,23.12,66.25,0.48,207.5,0.0,0.0,37.0,975.0,,139.0,180.0,15.6,48.45,39.53,51.5,12.17,1.15,38.0,0.6,0.7,,,,,20.45,78.75,0.52,306.25,0.0,0.0,38.75,993.0,,196.0,382.0,21.5,72.08,56.12,44.38,20.5,1.46,69.12,6.8,6.2,,,,,23.58,60.25,1.88,272.25,0.0,0.0,166.25,965.75,,192.0,291.25,28.5,17.65,32.58,69.15,12.5,1.84,16.15,2.42,24.0,,,,,28.38,50.0,2.05,273.75,0.0,0.0,169.0,986.25,,288.0,469.0,10.92,51.22,36.15,37.65,13.42,1.24,31.0,0.0,0.0,,,,,24.72,64.5,1.3,54.0,0.0,0.0,138.25,985.25,,158.0,258.25,15.55,67.2,48.4,30.08,33.48,1.04,22.55,0.22,1.27,,,,,23.73,61.5,,50.67,0.0,0.0,216.5,913.0,,,318.6,59.29,103.68,108.03,69.43,23.6,1.82,32.43,2.59,6.94,5.8,,3.69,2.88,30.1,29.93,,,0.0,0.0,,996.5,,67.47,112.44,7.14,19.04,11.8,48.83,1.27,0.55,20.0,3.94,5.8,5.52,,4.26,6.21,,,3.57,26.14,0.0,0.0,28.7,,
2024-12-02 10:00:00,130.23,270.19,11.6,62.07,42.4,,,1.74,30.87,,,,,,,,,,,,0,,,,120.47,273.03,18.54,36.66,33.28,37.19,12.54,1.4,23.1,3.68,7.59,2.24,,1.74,3.49,,40.82,1.38,104.35,,0,230.7,,0.12,166.55,287.74,26.45,29.24,55.21,49.52,42.09,0.78,22.17,0.15,,,,0.02,0.09,20.56,65.52,1.55,150.13,0.0,0.0,38.19,,,184.0,326.0,14.1,61.45,44.15,45.58,13.5,1.52,14.88,1.3,3.02,,,,,24.7,58.75,0.55,193.25,0.0,0.0,45.5,975.5,,183.0,228.0,10.15,46.95,32.63,53.35,13.35,1.1,94.2,0.0,0.0,,,,,23.68,63.25,0.4,294.0,0.0,0.0,54.5,993.75,,141.0,273.0,17.92,63.5,48.55,47.35,20.02,1.36,87.22,6.3,5.88,,,,,25.45,54.5,1.9,272.25,0.0,0.0,156.75,965.0,,139.25,250.5,21.9,19.15,28.0,69.32,19.35,1.58,23.58,2.1,21.92,,,,,29.72,45.75,2.48,299.5,0.0,0.0,212.75,986.0,,202.0,355.0,3.45,42.68,25.5,35.05,19.08,0.92,48.3,0.0,0.0,,,,,27.55,53.75,1.3,54.0,0.0,0.0,213.75,985.75,,161.25,252.25,10.35,60.82,40.78,28.58,36.2,0.93,44.42,0.2,1.23,,,,,22.4,46.25,,8.0,0.0,0.0,243.75,883.75,,,265.08,58.1,104.92,107.73,69.59,25.43,1.69,32.47,2.59,7.0,5.73,,3.68,2.96,30.1,29.93,,,0.0,0.0,,996.5,,66.59,110.99,7.14,18.34,15.0,50.62,3.67,0.73,20.0,3.89,5.88,5.38,,4.36,5.85,,,3.15,59.52,0.0,0.0,28.7,,
2024-12-02 11:00:00,81.75,180.33,8.21,44.92,30.57,,,1.34,52.7,,,,,,,,,,,,0,,,,117.12,266.68,10.81,45.76,33.13,36.93,13.44,1.03,56.82,3.54,7.26,1.93,,1.55,2.61,,36.65,1.32,103.44,,0,268.85,,0.18,162.01,277.58,25.8,26.83,53.05,43.86,41.52,0.76,22.34,0.19,,,,0.03,0.12,22.1,61.83,1.5,115.85,0.0,0.0,60.8,,,148.0,284.0,10.3,51.6,35.83,45.98,14.45,1.2,17.4,1.25,3.92,,,,,26.0,53.25,0.5,204.25,0.0,0.0,56.75,976.0,,185.0,246.0,6.85,38.15,25.9,58.25,15.22,1.08,145.2,0.55,0.45,,,,,26.55,49.25,0.4,279.75,0.0,0.0,79.25,993.25,,128.0,243.0,15.25,48.6,38.42,44.2,18.9,1.0,111.48,6.08,7.1,,,,,26.55,50.5,2.17,243.25,0.0,0.0,304.25,965.0,,112.0,210.75,12.6,21.0,21.38,69.15,15.72,1.45,36.83,1.95,19.8,,,,,30.8,43.0,2.33,279.25,0.0,0.0,208.75,986.0,,141.0,262.0,1.9,39.95,22.25,33.85,28.65,0.89,61.45,0.0,0.0,,,,,29.08,48.75,1.3,54.0,0.0,0.0,255.5,986.0,,148.0,236.75,7.55,61.3,38.75,28.35,39.98,0.96,64.78,0.22,1.32,,,,,24.2,41.0,,45.5,0.0,0.0,213.0,865.67,,,281.35,57.88,141.38,121.96,78.37,29.64,1.66,45.4,2.58,7.02,5.63,,3.83,2.82,30.1,29.93,,,0.0,0.0,,996.5,,63.07,105.13,7.59,17.89,11.57,49.34,11.88,0.55,20.0,4.04,5.77,5.46,,4.29,6.13,,,3.34,61.82,0.0,0.0,28.7,,
2024-12-02 12:00:00,101.61,203.5,7.96,54.79,35.59,,,1.31,68.22,,,,,,,,,,,,0,,,,118.7,243.73,11.6,46.75,34.29,38.0,12.68,1.68,55.86,3.07,6.46,1.78,,1.7,2.51,,33.41,1.31,105.18,,0,253.9,,0.13,158.4,291.86,26.84,29.63,56.08,36.8,45.44,0.71,26.57,0.23,,,,0.02,0.18,23.5,56.97,1.97,164.29,0.0,0.0,78.43,,,115.0,226.0,7.93,47.6,31.78,45.9,16.75,1.04,20.88,1.4,2.17,,,,,27.0,49.5,0.55,212.25,0.0,0.0,80.25,975.5,,143.0,189.0,5.42,32.7,21.8,52.75,15.52,0.94,177.82,1.4,1.12,,,,,27.45,44.0,0.48,242.25,0.0,0.0,106.25,992.5,,94.0,190.0,13.92,50.12,38.38,43.0,24.7,0.82,118.22,5.5,6.35,,,,,27.45,47.5,2.38,224.75,0.0,0.0,283.25,965.0,,97.5,188.25,6.9,31.68,22.45,68.75,25.25,1.33,110.4,1.65,16.6,,,,,31.42,41.25,2.55,291.25,0.0,0.0,277.25,985.75,,112.0,204.0,1.73,33.9,19.43,34.33,24.23,0.8,75.95,0.0,0.0,,,,,29.62,46.75,1.3,54.0,0.0,0.0,241.5,984.75,,146.0,263.5,5.88,51.2,32.02,30.72,43.98,1.22,85.12,0.22,1.55,,,,,29.85,42.5,0.1,75.75,0.0,0.0,212.75,985.0,,,304.7,56.83,184.48,149.01,86.91,31.7,2.11,49.45,2.67,6.89,5.81,,3.57,2.89,30.1,29.93,,,0.0,0.0,,996.5,,60.83,101.38,7.06,18.83,15.67,50.48,18.36,0.7,20.0,3.9,5.82,5.49,,4.32,6.14,,,2.81,58.1,0.0,0.0,28.7,,
2024-12-02 13:00:00,102.48,189.42,8.24,42.74,29.43,,,1.21,72.26,,,,,,,,,,,,0,,,,96.22,238.25,12.37,57.88,40.84,42.84,12.55,1.25,55.38,2.53,6.32,1.76,,1.58,2.2,,31.41,1.14,97.8,,0,143.57,,-0.06,127.73,235.62,26.12,31.39,57.33,33.52,45.83,0.61,27.7,0.18,,,,0.03,0.09,25.2,51.4,1.94,128.54,0.0,0.0,312.83,,,104.0,207.0,9.25,44.6,31.28,46.18,19.7,0.9,22.8,1.68,2.22,,,,,28.25,45.75,0.7,219.0,0.0,0.0,215.75,975.5,,102.0,135.0,4.28,27.52,18.1,46.98,15.68,0.8,194.82,1.08,1.75,,,,,26.78,42.75,0.92,154.0,0.0,0.0,61.5,991.5,,80.0,169.0,11.45,47.02,34.42,43.8,26.1,0.68,120.38,5.08,6.68,,,,,27.85,46.5,2.62,250.75,0.0,0.0,259.75,965.0,,90.0,168.0,4.8,44.38,27.48,66.82,,1.32,3.9,1.38,13.08,,,,,31.45,40.5,2.72,296.25,0.0,0.0,243.5,985.0,,94.0,196.0,,,,,,,79.88,0.3,9.8,,,,,30.1,45.25,1.3,54.0,0.0,0.0,252.5,983.25,,145.5,259.75,5.72,41.85,26.92,,50.82,1.07,87.78,0.25,1.92,,,,,29.58,42.25,,52.75,,0.0,163.67,974.5,,,262.47,54.78,185.3,147.78,86.36,33.26,2.01,45.98,2.59,7.01,5.88,,3.72,2.92,30.1,29.93,,,0.0,0.0,,996.5,,53.29,88.82,7.27,18.99,14.57,49.15,38.38,0.7,20.0,3.91,5.92,5.59,,4.36,6.1,,,2.05,204.16,0.0,0.0,28.7,,
2024-12-02 14:00:00,90.83,157.7,9.77,32.62,23.51,,,1.12,67.8,,,,,,,,,,,,0,,,,101.05,214.48,10.83,41.03,30.62,43.58,12.17,1.14,57.0,2.42,9.38,1.69,,1.4,2.05,,29.44,1.0,89.54,,0,78.68,,-0.18,126.8,,26.92,35.03,61.33,34.92,45.67,0.45,32.13,0.42,,,,0.01,0.04,25.06,50.68,2.25,169.42,0.0,0.0,126.3,,,82.0,178.0,10.92,46.75,33.8,45.72,33.33,1.02,23.72,1.42,1.78,,,,,29.38,42.5,0.6,217.75,0.0,0.0,64.75,974.75,,79.0,128.0,3.5,24.4,15.8,43.42,15.3,0.72,188.1,0.88,3.42,,,,,26.75,42.0,0.78,147.75,0.0,0.0,47.75,991.0,,77.0,160.0,15.5,55.18,42.0,43.12,39.4,0.7,104.32,4.38,10.92,,,,,28.5,45.25,1.92,277.75,0.0,0.0,238.75,965.0,,78.0,157.0,,,,,,,3.9,1.05,13.32,,,,,31.7,40.25,2.18,281.75,0.0,0.0,192.0,985.0,,64.0,161.0,1.2,28.8,15.87,34.2,11.13,0.69,77.5,0.2,1.85,,,,,30.3,44.5,1.3,54.0,0.0,0.0,199.75,982.25,,119.5,226.5,4.22,33.38,21.18,25.02,48.72,0.7,86.35,0.18,1.92,,,,,31.05,40.75,2.7,39.75,0.0,0.0,279.0,974.25,,,,51.48,194.6,150.04,87.25,,2.1,67.43,2.62,6.96,5.82,,3.63,2.84,30.1,29.93,,,0.0,0.0,,996.5,,47.93,79.88,7.11,17.95,10.76,47.18,31.08,0.53,20.0,3.79,5.77,5.1,,4.25,6.07,,,3.4,334.89,0.0,0.0,28.7,,
2024-12-02 15:00:00,56.32,118.55,8.13,23.68,19.2,,,1.0,71.46,,,,,,,,,,,,0,,,,82.38,220.6,12.66,49.07,36.38,40.05,12.02,0.69,55.32,2.48,10.2,1.55,,1.27,2.02,,28.99,0.92,85.9,,0,51.3,,-0.23,,0.07,27.0,36.19,63.42,35.36,42.59,0.34,33.52,0.2,,,,0.01,0.18,24.82,51.18,1.89,159.67,0.0,0.0,49.95,,,67.0,157.0,8.15,42.6,29.15,45.48,18.05,0.99,31.52,1.4,1.27,,,,,28.22,45.0,0.57,223.0,0.0,0.0,42.25,974.75,,48.0,97.0,3.02,25.05,15.75,38.8,14.77,0.67,180.68,0.62,1.3,,,,,26.68,42.0,0.72,142.0,0.0,0.0,36.25,990.5,,72.0,184.0,11.05,58.02,39.98,42.18,18.73,0.78,109.95,3.97,9.18,,,,,27.55,47.0,1.75,277.5,0.0,0.0,104.5,965.0,,83.0,167.0,,,,,,,24.43,1.25,20.25,,,,,31.45,40.0,2.15,270.0,0.0,0.0,117.25,985.0,,55.0,185.0,0.5,28.78,15.58,31.02,10.05,0.64,75.97,0.15,1.65,,,,,30.0,44.0,1.3,54.0,0.0,0.0,123.5,983.0,,90.75,184.0,4.47,27.0,18.0,29.1,37.98,0.74,79.82,0.18,1.82,,,,,27.05,41.5,,24.0,0.0,0.0,124.25,957.75,,,146.57,,,,,11.4,2.02,65.67,2.6,6.86,5.83,,3.68,2.84,30.1,29.93,,,0.0,0.0,,996.5,,45.07,75.11,6.94,17.82,15.05,48.21,15.88,0.73,20.0,3.82,5.75,5.39,,4.22,6.11,,,3.5,328.28,0.0,0.0,28.7,,
2024-12-02 16:00:00,51.96,101.42,8.1,29.63,22.34,,,1.02,64.93,,,,,,,,,,,,0,,,,114.2,214.5,9.63,33.98,25.43,41.1,10.78,0.69,54.68,2.74,9.92,1.84,,1.32,2.53,,32.33,0.88,87.07,,0,27.78,,-0.28,,28.58,26.65,33.4,60.36,33.87,41.24,0.27,34.24,0.37,,,,0.05,0.09,23.86,55.32,0.97,164.09,0.0,0.0,26.32,,,57.0,136.0,8.02,47.18,31.78,46.0,14.68,1.18,30.2,1.6,2.22,,,,,27.68,46.0,0.38,215.75,0.0,0.0,27.75,974.25,,50.0,97.0,2.5,29.62,17.73,38.35,13.98,0.65,160.6,0.62,0.9,,,,,26.02,45.75,0.5,120.5,0.0,0.0,22.5,990.0,,66.0,157.0,14.38,72.22,50.0,40.17,15.08,1.01,79.12,4.15,7.7,,,,,26.58,49.0,1.25,288.5,0.0,0.0,27.0,965.0,,77.0,175.0,5.2,82.7,48.17,66.77,12.8,1.41,39.35,1.0,24.3,,,,,30.62,42.5,1.3,273.5,0.0,0.0,47.0,985.0,,42.0,150.0,0.1,29.85,15.88,30.32,9.5,0.62,71.47,0.15,1.62,,,,,29.05,45.75,1.3,54.0,0.0,0.0,30.5,983.0,,60.75,143.75,3.3,31.2,19.2,25.2,37.4,0.95,67.13,0.1,1.58,,,,,22.7,44.5,,,0.0,0.0,27.67,894.5,,,164.18,27.23,98.83,79.39,56.6,14.13,2.37,43.34,2.58,6.96,5.89,,3.62,2.98,30.1,29.93,,,0.0,0.0,,996.5,,40.53,67.56,7.06,18.43,11.05,48.46,3.68,0.55,20.0,3.86,5.79,5.33,,4.24,5.68,,,3.53,336.12,0.0,0.0,28.7,,
2024-12-02 17:00:00,45.34,93.44,21.71,56.77,46.58,,,1.13,38.46,,,,,,,,,,,,0,,,,91.05,213.78,12.22,46.61,34.71,42.38,10.03,0.78,15.13,4.46,17.29,3.0,,2.23,4.97,,49.8,0.52,123.61,,0,12.85,,-0.3,69.6,193.16,26.16,36.15,62.16,52.55,41.19,0.36,25.55,0.16,,,,0.04,0.1,20.7,68.18,0.11,163.97,0.0,0.0,5.22,,,65.0,175.0,20.92,84.9,62.05,45.5,12.3,1.68,13.12,2.5,2.6,,,,,26.18,51.5,0.2,183.5,0.0,0.0,11.0,975.0,,42.0,101.0,4.3,35.92,22.6,36.5,12.7,0.63,108.65,0.55,0.95,,,,,24.08,57.75,0.3,294.25,0.0,0.0,6.5,990.0,,63.0,195.0,24.82,106.52,76.9,39.55,13.95,1.74,39.2,4.32,7.52,,,,,25.15,54.0,0.6,294.75,0.0,0.0,11.0,965.5,,67.0,171.0,8.57,100.8,60.6,69.42,9.2,2.08,22.32,0.1,19.45,,,,,28.08,49.75,0.5,254.5,0.0,0.0,7.5,985.0,,48.0,212.0,1.78,50.52,28.35,31.08,9.43,0.89,42.12,0.18,1.82,,,,,26.58,54.25,1.3,54.0,0.0,0.0,7.0,984.0,,54.5,130.25,4.8,30.42,20.1,30.18,35.45,0.91,47.35,0.1,1.4,,,,,16.6,60.75,,139.5,0.0,0.0,19.0,864.5,,,213.6,25.29,89.43,70.32,51.38,14.85,3.47,34.65,2.59,7.04,5.74,,3.64,2.9,30.1,29.93,,,0.0,0.0,,996.5,,37.98,63.32,7.42,18.26,15.09,48.89,11.32,0.72,20.0,3.98,5.83,5.4,,4.26,6.12,,,3.83,324.49,0.0,0.0,28.7,,
2024-12-02 18:00:00,83.76,156.65,159.86,142.25,205.63,,,2.44,15.32,,,,,,,,,,,,0,,,,74.18,212.2,11.86,38.48,30.11,41.82,10.76,1.49,15.03,5.95,26.39,4.87,,3.68,7.94,,66.48,0.5,184.72,,0,13.65,,-0.27,117.63,495.44,25.95,38.06,64.05,58.1,41.6,0.62,22.02,0.23,,,,0.08,0.07,18.33,75.18,,164.02,0.0,0.0,,,,74.0,223.0,124.4,106.68,158.07,45.45,14.22,3.55,8.8,2.4,4.22,,,,,24.1,61.5,0.18,165.25,0.0,0.0,7.0,975.25,,48.0,101.0,4.88,41.98,26.3,35.17,12.3,0.68,87.92,0.62,0.95,,,,,22.02,68.75,0.38,277.75,0.0,0.0,3.0,990.5,,79.0,244.0,74.58,116.1,122.45,41.65,14.42,2.91,32.9,4.97,8.15,,,,,23.6,60.25,0.32,303.25,0.0,0.0,10.0,966.0,,83.0,204.0,20.82,79.38,59.15,68.85,7.9,3.43,9.1,0.75,26.0,,,,,25.85,59.5,0.3,242.0,0.0,0.0,5.0,985.25,,56.0,367.0,19.7,79.82,58.47,33.22,10.3,1.55,13.4,0.3,9.57,,,,,24.7,61.5,1.3,54.0,0.0,0.0,3.0,984.75,,51.25,112.5,5.98,33.25,22.55,28.45,34.9,0.79,21.23,0.1,1.35,,,,,19.85,77.75,0.75,42.33,0.0,0.0,9.0,959.75,,,292.38,31.77,101.33,84.41,51.22,15.47,3.2,24.7,2.56,6.97,5.84,,3.74,2.9,30.1,29.93,,,0.0,0.0,,996.5,,43.4,72.34,7.13,17.8,12.1,51.98,16.65,0.57,20.0,3.89,5.75,5.59,,4.44,6.18,,,3.92,324.79,0.0,0.0,28.7,,
2024-12-02 19:00:00,112.25,236.73,204.1,130.57,235.48,,,3.35,16.15,,,,,,,,,,,,0,,,,119.48,217.9,11.09,35.26,27.77,43.51,10.24,1.9,15.24,8.6,40.3,8.73,,6.01,13.69,,71.59,0.78,117.09,,0,14.95,,-0.26,135.04,596.58,26.51,38.51,64.96,58.01,42.0,1.07,22.05,0.36,,,,0.06,0.13,17.07,79.65,,164.0,0.0,0.0,,,,151.0,354.0,197.0,109.57,218.0,45.92,21.18,5.4,8.38,2.2,7.98,,,,,23.42,67.25,0.22,138.75,0.0,0.0,7.0,975.5,,56.0,108.0,7.4,48.1,31.62,41.0,10.9,0.87,47.52,0.78,1.6,,,,,21.08,74.5,0.3,240.0,0.0,0.0,3.0,991.0,,113.0,326.0,118.85,115.9,158.48,44.22,22.4,3.8,34.58,6.62,11.28,,,,,23.0,63.5,0.32,318.5,0.0,0.0,10.25,965.5,,101.0,241.0,51.28,59.18,73.15,67.12,7.48,4.83,9.85,3.02,44.62,,,,,24.68,66.25,0.3,242.0,0.0,0.0,5.0,986.0,,117.0,567.0,58.12,90.15,95.18,32.33,12.95,1.75,9.12,0.45,31.3,,,,,24.15,63.5,1.3,54.0,0.0,0.0,3.0,985.5,,51.5,97.25,19.75,39.9,37.3,24.45,34.95,1.35,5.68,0.1,1.5,,,,,21.82,84.75,0.72,61.5,0.0,0.0,9.0,986.25,,,293.0,43.84,128.61,108.73,53.27,16.72,4.33,24.64,2.56,6.97,5.76,,3.61,2.9,30.1,29.93,,,0.0,0.0,,996.5,,50.86,84.78,7.22,18.12,14.57,48.69,30.4,0.74,20.0,3.92,5.8,5.3,,4.25,6.18,,,3.62,331.63,0.0,0.0,28.7,,
2024-12-02 20:00:00,135.01,264.0,230.16,137.69,260.32,,,3.97,18.03,,,,,,,,,,,,0,,,,103.0,211.4,9.48,27.26,22.21,38.97,12.39,2.85,7.33,19.44,70.44,15.43,,10.21,26.34,,75.13,0.66,260.25,,0,16.73,,-0.24,114.9,398.18,26.41,38.48,64.8,57.94,42.65,1.61,21.61,0.22,,,,0.02,0.21,16.4,83.23,0.11,163.97,0.0,0.0,,,,244.0,448.0,138.02,97.7,164.65,47.72,10.67,3.7,7.7,2.08,8.9,,,,,23.05,69.5,0.28,136.75,0.0,0.0,7.0,975.5,,63.0,107.0,6.28,46.45,29.8,37.15,11.58,0.94,29.85,1.12,1.75,,,,,20.18,76.5,0.32,277.25,0.0,0.0,3.0,991.5,,171.0,406.0,169.52,117.78,200.38,46.25,31.32,4.76,35.35,8.78,12.73,,,,,22.75,65.0,0.32,318.5,0.0,0.0,10.5,966.0,,110.0,255.0,74.15,38.5,80.78,67.47,8.65,5.52,9.18,3.65,46.42,,,,,24.12,69.75,0.3,241.75,0.0,0.0,5.0,986.0,,139.0,652.0,74.95,84.35,105.78,32.22,13.58,2.26,11.0,0.52,29.75,,,,,23.7,66.75,1.3,54.0,0.0,0.0,3.0,986.25,,58.75,108.25,29.67,39.5,45.15,24.08,36.05,1.72,4.25,0.18,2.12,,,,,21.08,84.0,0.78,47.75,0.0,0.0,9.0,987.0,,,339.05,44.4,124.99,104.76,52.26,16.67,2.28,15.11,2.58,6.9,5.8,,3.67,2.78,30.1,29.93,,,0.0,0.0,,996.5,,55.79,92.99,7.24,17.3,12.09,50.31,31.5,0.58,20.0,4.02,5.76,5.59,,4.34,6.15,,,3.67,323.68,0.0,0.0,28.7,,
2024-12-02 21:00:00,144.11,269.97,170.74,116.16,200.58,,,3.7,13.9,,,,,,,,,,,,0,,,,104.45,218.45,10.69,33.41,26.46,44.77,13.92,2.48,7.49,42.12,126.4,25.47,,17.55,46.98,,75.07,0.6,165.64,,0,16.18,,-0.23,111.71,280.79,26.22,38.35,64.58,58.03,43.08,1.95,21.67,0.22,,,,0.04,0.12,16.39,80.96,0.37,157.2,0.0,0.0,,,,211.0,406.0,138.38,90.85,161.02,46.05,12.02,3.6,7.72,1.9,7.95,,,,,22.85,70.5,0.22,156.0,0.0,0.0,7.0,975.25,,90.0,141.0,13.48,64.15,45.12,32.9,12.83,1.16,11.45,1.32,2.2,,,,,20.05,78.75,0.25,236.0,0.0,0.0,3.0,992.0,,200.0,426.0,142.25,116.8,177.88,50.92,30.2,5.03,35.55,9.9,13.3,,,,,22.52,65.25,0.48,310.75,0.0,0.0,10.0,966.0,,135.0,283.0,98.72,32.38,97.48,67.35,9.1,5.55,9.57,4.03,48.65,,,,,24.5,67.25,0.3,241.0,0.0,0.0,5.0,986.0,,211.0,768.0,88.72,79.05,114.15,38.02,15.6,2.84,15.92,0.82,39.08,,,,,23.55,67.75,1.3,54.0,0.0,0.0,3.0,986.5,,71.5,122.0,11.58,38.58,29.92,24.3,35.17,1.36,3.68,0.2,2.5,,,,,20.7,83.25,0.78,47.75,0.0,0.0,9.0,987.0,,,306.12,43.76,117.65,102.84,50.27,15.97,1.68,15.48,2.6,7.03,5.91,,3.59,2.86,30.1,29.93,,,0.0,0.0,,996.5,,59.54,99.24,7.16,18.29,15.78,50.0,5.31,1.07,20.0,3.93,5.81,5.47,,4.25,6.01,,,3.9,316.67,0.0,0.0,28.7,,
2024-12-02 22:00:00,133.66,265.48,193.07,107.52,214.18,,,4.03,14.04,,,,,,,,,,,,0,,,,121.3,229.1,12.74,54.52,39.36,36.49,16.34,2.68,7.37,56.16,178.5,30.77,,22.21,57.29,,81.85,0.68,109.82,,0,15.38,,-0.23,119.18,274.47,26.03,38.42,64.51,57.96,43.26,2.06,21.5,0.36,,,,0.03,0.06,15.79,82.0,0.42,142.2,0.0,0.0,,,,180.0,367.0,104.38,91.2,133.28,45.52,11.4,2.52,8.52,2.7,9.9,,,,,22.82,68.5,0.2,182.5,0.0,0.0,7.0,975.0,,117.0,177.0,13.25,69.2,47.5,35.7,13.92,1.41,9.98,1.78,3.25,,,,,19.75,79.25,0.2,232.0,0.0,0.0,3.0,992.0,,188.0,367.0,105.85,102.98,140.95,52.88,34.02,4.15,35.9,9.38,12.08,,,,,22.2,66.0,0.6,310.0,0.0,0.0,9.75,966.0,,183.0,338.0,121.95,28.58,114.35,67.35,9.88,6.42,10.1,5.12,53.3,,,,,23.68,72.5,0.3,241.25,0.0,0.0,5.0,986.0,,280.0,820.0,78.88,77.55,105.32,36.17,15.35,2.37,13.6,1.12,47.1,,,,,22.78,71.0,1.3,54.0,0.0,0.0,3.0,985.5,,79.5,126.5,21.0,38.6,37.6,24.2,35.75,1.31,3.22,0.22,2.4,,,,,20.5,83.0,0.7,75.5,0.0,0.0,9.0,987.0,,,357.2,45.54,114.03,102.36,49.6,15.78,2.1,15.74,2.62,7.09,5.9,,3.84,2.92,30.1,29.93,,,0.0,0.0,,996.5,,61.52,102.53,7.26,17.24,15.92,52.32,4.35,1.0,20.0,3.87,5.88,5.58,,4.3,6.1,,,2.68,313.96,0.0,0.0,28.7,,
2024-12-02 23:00:00,162.47,282.05,171.02,98.09,191.14,,,4.25,12.86,,,,,,,,,,,,0,,,,122.0,242.6,11.29,42.23,31.64,42.09,18.07,2.9,7.81,54.23,178.09,32.25,,21.86,60.28,,83.66,0.61,236.26,,0,15.17,,-0.22,126.51,247.76,26.23,38.17,64.31,57.93,43.38,2.12,21.4,0.29,,,,0.02,0.16,14.78,86.12,0.16,116.94,0.0,0.0,,,,181.0,353.0,200.5,85.87,208.83,45.83,11.13,3.1,9.33,3.07,9.23,,,,,22.23,72.0,0.3,137.67,0.0,0.0,7.67,975.0,,129.0,191.0,17.38,69.45,51.05,32.45,14.75,1.4,10.82,2.12,3.65,,,,,19.32,82.5,0.3,284.5,0.0,0.0,3.0,992.0,,191.0,349.0,113.98,93.8,142.68,52.62,20.3,3.9,33.72,8.68,11.2,,,,,21.78,68.25,0.35,301.25,0.0,0.0,10.5,966.0,,180.0,296.0,148.78,27.6,135.62,67.25,9.45,6.14,9.95,5.72,56.68,,,,,23.05,76.75,0.3,241.0,0.0,0.0,5.0,986.0,,179.0,465.0,67.6,71.85,93.18,35.5,12.22,1.45,12.52,0.82,24.08,,,,,22.48,73.0,1.3,54.0,0.0,0.0,3.0,985.75,,84.0,136.75,15.62,35.28,31.48,23.62,36.0,1.47,3.62,0.25,2.35,,,,,20.42,83.0,0.72,108.25,0.0,0.0,9.0,987.0,,,373.37,45.73,110.89,97.52,48.88,15.91,1.87,13.19,2.56,6.98,5.81,,3.86,2.94,30.1,29.93,,,0.0,0.0,,996.5,,60.13,100.22,7.03,17.19,15.26,51.33,1.68,0.72,20.0,3.86,5.64,5.43,,4.39,5.93,,,2.88,296.97,0.0,0.0,28.7,,
2024-12-03 00:00:00,137.98,213.29,98.38,89.58,127.58,,,3.34,11.31,,,,,,,,,,,,0,,,,150.05,252.98,9.87,32.91,25.04,43.74,18.6,3.48,5.83,48.15,163.94,31.24,,20.2,58.77,,83.46,0.58,303.98,,0,15.6,,-0.22,144.66,267.85,27.86,38.45,66.37,57.84,43.56,2.12,22.23,0.32,,,,0.02,0.14,14.39,86.88,,117.02,0.0,0.0,,,,216.0,403.0,174.68,82.8,185.68,47.05,18.32,2.75,8.18,3.0,14.12,,,,,21.82,74.75,0.3,138.5,0.0,0.0,7.25,975.0,,127.0,182.0,18.75,67.75,51.3,33.83,14.55,1.29,10.45,1.27,2.28,,,,,19.05,83.0,0.3,287.75,0.0,0.0,3.0,992.0,,228.0,425.0,169.38,94.28,187.6,49.12,19.2,4.89,34.1,10.5,13.0,,,,,21.22,72.75,0.4,290.5,0.0,0.0,10.5,966.0,,172.0,273.0,166.9,24.92,148.95,67.3,8.97,5.65,10.75,5.98,58.62,,,,,22.82,78.0,0.3,241.0,0.0,0.0,5.0,986.5,,193.0,437.0,35.38,72.22,67.18,34.1,11.37,1.2,11.88,0.62,13.45,,,,,22.35,73.75,1.3,54.0,0.0,0.0,3.0,985.5,,103.75,158.0,12.2,26.08,23.78,21.35,36.67,1.54,4.58,0.3,2.58,,,,,20.25,83.0,0.75,106.5,0.0,0.0,9.0,987.0,,,372.08,46.25,110.89,98.78,48.58,17.95,2.23,9.67,2.6,7.05,5.87,,3.76,2.95,30.1,29.93,,,0.0,0.0,,996.5,,62.04,103.4,7.18,17.94,15.95,46.59,6.42,0.74,20.0,3.9,5.78,5.56,,4.13,6.08,,,4.26,337.47,0.0,0.0,28.7,,
2024-12-03 01:00:00,113.8,166.6,47.89,71.96,77.16,,,2.34,9.79,,,,,,,,,,,,0,,,,106.12,259.52,10.91,48.38,34.31,36.64,19.62,3.12,5.87,50.4,168.3,28.3,,17.75,52.06,,85.55,0.68,164.6,,0,17.4,,-0.22,146.46,236.35,26.23,38.1,64.35,57.92,43.62,1.97,22.18,0.3,,,,0.03,0.12,14.07,87.18,0.06,116.98,0.0,0.0,,,,203.0,360.0,164.58,83.85,178.48,46.32,22.65,2.59,8.8,3.38,16.73,,,,,21.72,76.25,0.22,143.0,0.0,0.0,7.0,975.0,,128.0,172.0,16.3,66.82,48.8,42.1,14.22,1.16,10.2,0.82,1.35,,,,,18.88,83.0,0.3,307.75,0.0,0.0,3.0,992.0,,262.0,460.0,103.93,85.88,129.9,53.98,20.23,4.14,36.0,18.45,18.92,,,,,21.15,72.75,0.52,255.25,0.0,0.0,10.75,966.0,,186.0,262.0,178.05,23.72,157.32,67.35,6.72,5.18,12.2,5.85,59.65,,,,,22.5,79.75,0.3,241.0,0.0,0.0,5.0,986.0,,172.0,357.0,18.8,69.55,52.3,34.08,10.85,1.02,11.9,0.52,6.52,,,,,22.02,74.75,1.3,54.0,0.0,0.0,3.0,985.5,,116.75,164.0,25.02,31.6,37.17,23.35,37.38,1.72,3.8,0.3,2.8,,,,,20.12,83.0,0.7,90.5,0.0,0.0,9.0,987.0,,,312.4,45.86,108.25,97.05,47.7,17.9,2.05,10.9,2.62,6.88,5.88,,3.58,2.88,30.1,29.93,,,0.0,0.0,,996.5,,59.34,98.91,7.27,18.27,11.52,49.37,24.89,0.57,20.0,3.93,5.83,5.45,,4.29,6.06,,,4.2,333.89,0.0,0.0,28.7,,
2024-12-03 02:00:00,100.12,155.06,31.96,61.64,58.78,,,1.88,10.61,,,,,,,,,,,,0,,,,85.45,268.92,10.37,40.43,29.92,39.04,23.08,3.12,5.86,48.76,174.27,27.88,,16.74,50.0,,78.68,0.67,91.52,,0,18.2,,-0.24,138.53,227.86,26.46,38.68,65.04,57.92,43.14,1.79,21.93,0.22,,,,0.02,0.12,15.14,81.54,0.94,146.08,0.0,0.0,,,,213.0,368.0,138.0,73.3,151.3,46.9,,,9.6,5.12,11.22,,,,,21.52,77.25,0.32,135.0,0.0,0.0,7.0,975.0,,129.0,167.0,19.5,54.4,44.7,48.2,13.7,1.15,9.93,1.27,1.92,,,,,18.4,83.0,0.35,183.0,0.0,0.0,3.5,992.0,,229.0,360.0,101.4,89.8,129.8,53.7,16.9,2.89,33.42,17.48,18.02,,,,,21.1,72.5,0.52,284.75,0.0,0.0,10.0,966.0,,189.0,288.0,179.38,22.15,157.6,67.8,5.48,4.14,10.68,5.8,59.48,,,,,22.75,79.5,0.5,314.25,0.0,0.0,5.0,986.0,,167.0,312.0,23.0,68.5,55.1,36.3,10.5,1.01,12.73,0.45,5.58,,,,,21.4,78.25,1.3,54.0,0.0,0.0,3.0,986.25,,134.0,184.25,13.1,32.7,28.0,25.0,37.8,1.58,4.82,0.3,2.9,,,,,19.98,83.0,0.95,59.25,0.0,0.0,9.0,987.0,,,283.95,45.19,108.19,98.97,47.76,17.26,1.52,13.96,2.59,7.01,5.82,,3.76,2.83,30.1,29.93,,,0.0,0.0,,996.5,,57.44,95.74,7.29,18.28,15.2,49.57,24.1,0.73,20.0,3.89,5.94,5.52,,4.28,6.06,,,4.54,332.18,0.0,0.0,28.7,,
2024-12-03 03:00:00,101.74,161.77,69.24,60.88,88.7,,,2.03,12.02,,,,,,,,,,,,0,,,,91.35,271.0,11.28,39.34,30.02,39.91,22.08,2.91,5.89,37.72,133.85,22.82,,12.96,38.91,,77.97,0.66,81.03,,0,17.33,,-0.24,144.72,222.83,26.34,38.36,64.67,57.94,42.86,1.56,21.95,0.24,,,,0.04,0.07,14.84,82.37,0.39,156.24,0.0,0.0,,,,207.0,335.0,49.52,77.85,81.52,45.32,,1.46,8.32,3.0,9.0,,,,,21.72,73.75,0.28,195.5,0.0,0.0,6.75,975.0,,125.0,139.0,16.4,42.9,36.15,58.78,11.03,1.25,10.12,1.75,2.6,,,,,17.95,83.0,0.4,213.0,0.0,0.0,3.0,992.0,,207.0,323.0,65.58,79.08,95.2,48.98,11.95,2.26,33.22,13.02,14.58,,,,,20.48,75.25,0.38,318.0,0.0,0.0,10.5,966.0,,182.0,260.0,171.5,22.92,151.65,68.12,5.12,3.4,10.55,5.48,58.25,,,,,22.52,78.5,0.3,336.0,0.0,0.0,5.0,986.5,,216.0,400.0,29.65,58.82,55.32,35.17,10.07,1.05,12.95,0.5,8.52,,,,,21.12,80.0,1.3,54.0,0.0,0.0,3.0,985.25,,128.5,189.5,19.35,38.22,36.08,23.05,36.48,1.62,4.42,0.3,3.05,,,,,19.95,83.0,0.8,65.75,0.0,0.0,9.0,987.0,,,346.0,45.7,113.08,99.48,49.43,16.9,0.54,10.56,2.57,6.94,5.76,,3.64,2.84,30.1,29.93,,,0.0,0.0,,996.5,,51.01,85.01,7.02,18.85,11.89,49.84,21.98,0.52,20.0,3.88,5.97,5.52,,4.24,6.25,,,4.36,329.46,0.0,0.0,28.7,,
2024-12-03 04:00:00,116.92,185.04,55.48,47.49,70.35,,,2.02,11.65,,,,,,,,,,,,0,,,,157.8,269.68,10.64,34.54,27.03,40.26,22.46,2.19,8.35,29.61,98.04,16.57,,9.52,27.32,,74.93,0.8,91.88,,0,16.25,,-0.28,,,,,,,,,,,,,,,,,,,,,0.0,,,,218.0,344.0,45.32,73.97,76.22,45.92,,1.34,8.55,2.02,5.55,,,,,21.28,75.75,0.2,168.0,0.0,0.0,7.0,975.0,,112.0,135.0,20.78,45.65,41.15,48.28,12.05,1.21,9.83,1.85,2.8,,,,,17.8,83.0,0.43,187.0,0.0,0.0,3.0,992.0,,250.0,364.0,38.35,74.3,70.5,47.22,13.75,1.68,34.67,11.92,13.58,,,,,20.52,73.25,0.62,307.5,0.0,0.0,9.75,965.75,,186.0,260.0,154.0,22.15,136.98,68.2,4.05,2.4,10.5,5.2,56.2,,,,,22.18,79.5,0.3,336.0,0.0,0.0,5.0,986.75,,232.0,384.0,40.88,60.15,65.22,33.58,11.05,1.11,13.28,0.65,10.38,,,,,20.85,81.25,1.3,54.0,0.0,0.0,3.0,985.25,,116.0,177.0,14.38,31.25,28.28,22.4,36.55,1.3,4.35,0.28,2.72,,,,,19.73,87.0,0.72,83.25,0.0,0.0,9.0,987.0,,,330.45,43.36,110.57,96.23,47.99,16.92,2.08,10.9,2.5,7.08,5.73,,3.66,2.72,30.1,29.93,,,0.0,0.0,,996.5,,46.01,76.67,7.0,18.63,15.62,47.86,23.12,0.7,20.0,3.88,5.79,5.48,,4.22,5.94,,,4.8,341.61,0.0,0.0,28.7,,
2024-12-03 05:00:00,127.28,186.54,53.99,50.3,70.65,,,1.95,11.88,,,,,,,,,,,,0,,,,131.48,247.42,9.89,31.49,24.6,43.08,23.03,1.7,8.36,15.26,53.92,9.34,,5.66,15.2,,73.68,0.8,79.1,,0,15.35,,-0.24,,,,,,,,,,,,,,,,,,,,,0.0,,,,250.0,381.0,70.62,66.7,92.9,45.4,0.3,1.45,8.93,2.05,4.08,,,,,20.82,79.0,0.22,157.0,0.0,0.0,7.0,975.0,,112.0,144.0,20.42,43.55,39.75,47.72,12.3,1.18,9.75,1.85,2.65,,,,,17.88,82.75,0.43,293.0,0.0,0.0,3.0,992.0,,206.0,283.0,37.33,68.92,66.88,46.48,13.75,1.68,33.08,11.08,12.65,,,,,20.25,74.75,0.5,313.75,0.0,0.0,9.75,965.75,,188.0,250.0,125.2,22.5,113.78,68.12,3.18,1.8,10.65,4.78,52.48,,,,,22.2,78.25,0.3,324.0,0.0,0.0,5.0,987.0,,280.0,492.0,61.25,56.98,80.1,32.9,11.8,1.37,12.98,0.62,11.35,,,,,20.48,82.25,1.3,54.0,0.0,0.0,3.0,985.25,,117.5,169.25,22.85,33.5,36.38,22.08,36.05,1.23,3.85,0.2,2.33,,,,,19.62,88.0,0.75,90.25,0.0,0.0,9.0,987.0,,,320.65,43.53,112.72,100.03,48.47,16.64,1.81,15.95,2.62,6.91,5.78,,3.75,2.88,30.1,29.93,,,0.0,0.0,,996.5,,43.99,73.32,6.95,18.8,11.41,46.17,25.1,0.52,20.0,3.82,5.94,5.42,,4.11,6.08,,,4.47,347.24,0.0,0.0,28.7,,
2024-12-03 06:00:00,122.62,189.04,58.22,49.98,73.91,,,1.84,11.02,,,,,,,,,,,,0,,,,114.53,242.4,10.0,32.44,25.38,39.07,20.71,1.5,8.25,7.38,30.87,4.87,,3.31,7.49,,77.73,0.54,278.37,,0,15.4,,-0.21,,,,,,,,,,,,,,,,,,,,,0.0,,,,241.0,387.0,69.5,73.92,95.88,45.58,1.2,1.48,7.88,2.22,4.42,,,,,20.85,78.5,0.3,203.25,0.0,0.0,6.75,975.0,,117.0,157.0,15.85,45.28,37.5,46.38,11.28,1.17,11.5,1.82,2.65,,,,,17.85,83.0,0.38,271.25,0.0,0.0,3.0,992.25,,228.0,313.0,54.55,73.78,83.4,43.7,12.92,1.65,33.52,10.8,12.22,,,,,20.08,76.25,0.48,287.75,0.0,0.0,10.0,966.0,,164.0,206.0,97.48,22.08,90.98,68.58,2.87,1.56,10.88,4.28,48.05,,,,,22.18,77.25,0.32,249.25,0.0,0.0,5.25,987.0,,222.0,404.0,34.7,53.92,56.9,33.02,10.1,1.2,11.48,0.62,6.75,,,,,20.2,84.0,1.3,54.0,0.0,0.0,3.0,985.25,,110.75,156.75,19.7,31.48,32.78,22.85,35.95,1.04,3.72,0.2,1.98,,,,,19.38,88.0,0.68,89.5,0.0,0.0,9.0,987.0,,,314.85,43.66,115.39,101.56,49.24,16.16,2.15,15.66,2.6,7.0,5.81,,3.71,2.86,30.1,29.93,,,0.0,0.0,,996.5,,41.07,68.44,7.06,18.62,15.3,47.82,22.44,0.71,20.0,3.86,5.89,5.44,,4.2,6.04,,,4.0,260.68,0.0,0.0,28.7,,
2024-12-03 07:00:00,121.39,154.92,55.08,50.14,71.45,,,1.75,11.48,,,,,,,,,,,,0,,,,108.95,247.77,12.8,51.22,37.49,45.5,21.39,1.63,8.41,7.37,27.94,4.55,,3.26,7.14,,75.75,0.65,120.7,,0,29.12,,-0.18,,,,,,,,,,,,,,,,,,,,,0.0,,,,208.0,328.0,56.5,79.0,87.8,46.0,,1.68,8.12,1.2,3.65,,,,,21.38,74.75,0.42,219.5,0.0,0.0,12.25,975.0,,116.0,150.0,18.23,43.02,37.67,45.9,11.92,1.17,10.82,1.88,2.6,,,,,17.42,82.25,0.28,252.0,0.0,0.0,8.0,993.0,,218.0,310.0,63.7,78.8,93.68,45.5,15.48,1.84,32.15,10.88,12.1,,,,,20.38,74.75,0.68,270.75,0.0,0.0,13.75,966.0,,160.0,195.0,77.0,23.65,75.18,68.62,4.22,2.06,10.55,3.78,43.18,,,,,22.75,75.5,0.32,359.5,0.0,0.0,21.5,987.0,,180.0,322.0,40.95,55.18,62.62,32.85,10.07,1.21,11.1,0.52,4.68,,,,,20.08,85.0,1.3,54.0,0.0,0.0,12.75,985.25,,114.75,166.5,12.88,21.5,21.9,21.4,36.12,1.0,5.28,0.22,1.85,,,,,19.55,88.0,0.78,56.25,0.0,0.0,20.75,987.5,,,335.6,43.96,118.23,100.83,49.89,16.54,2.18,23.81,2.66,6.94,5.84,,3.67,2.97,30.1,29.93,,,0.0,0.0,,996.5,,38.7,64.51,7.36,17.09,14.92,50.92,12.48,0.7,20.0,4.0,5.62,5.36,,4.38,6.16,,,3.79,100.53,0.0,0.0,28.7,,
2024-12-03 08:00:00,135.96,191.54,56.56,69.81,83.11,,,1.84,12.29,,,,,,,,,,,,0,,,,103.52,253.4,10.12,36.85,27.64,38.87,21.42,1.88,25.91,7.02,23.05,4.9,,3.04,7.77,,56.67,0.94,89.09,,0,92.98,,-0.07,,269.25,26.34,,15.17,62.97,42.57,0.7,20.45,0.1,,,,0.01,0.05,16.37,77.16,1.56,164.53,0.0,0.0,18.3,,,197.0,338.0,43.18,85.45,80.55,46.1,6.97,1.91,7.92,1.58,3.82,,,,,21.95,71.75,0.42,206.75,0.0,0.0,26.5,975.0,,121.0,157.0,16.33,47.5,38.55,47.25,11.85,1.2,18.02,1.62,2.2,,,,,18.6,82.75,0.32,281.75,0.0,0.0,23.0,994.0,,228.0,350.0,56.8,78.2,87.52,47.48,16.95,1.92,34.5,10.35,11.28,,,,,21.75,68.75,1.32,285.25,0.0,0.0,74.75,966.0,,188.0,260.0,66.72,24.1,67.08,68.35,6.1,2.0,11.48,3.32,38.75,,,,,25.9,60.75,1.38,288.5,0.0,0.0,58.5,987.0,,184.0,339.0,40.9,62.42,66.45,34.45,10.48,1.31,14.7,0.57,5.38,,,,,21.48,80.25,1.3,54.0,0.0,0.0,38.5,985.25,,120.0,237.0,21.3,48.38,43.02,22.02,36.92,1.12,7.5,0.25,1.75,,,,,21.38,85.25,1.25,79.5,0.0,0.0,87.75,988.0,,,364.2,43.71,126.9,107.72,51.3,14.92,2.13,22.67,2.6,6.97,5.76,,3.7,2.88,30.1,29.93,,,0.0,0.0,,996.5,,40.89,68.15,7.1,18.14,15.35,47.86,10.8,0.7,20.0,3.97,5.69,5.46,,4.34,6.14,,,3.81,6.89,0.0,0.0,28.7,,
2024-12-03 09:00:00,140.7,242.52,30.94,95.25,75.78,,,1.85,8.19,,,,,,,,,,,,0,,,,106.28,267.58,11.42,43.92,32.25,38.72,21.33,1.83,24.78,4.53,11.95,2.98,,2.0,4.94,,47.82,1.12,98.18,,0,175.02,,0.07,160.6,272.08,28.8,0.45,18.98,58.06,42.24,0.99,21.07,0.24,,,,0.05,0.16,18.39,69.82,1.35,145.07,0.0,0.0,23.57,,,187.0,322.0,19.02,69.32,52.1,46.68,9.25,1.36,10.0,1.23,4.9,,,,,23.15,65.5,0.48,186.5,0.0,0.0,37.0,975.0,,144.0,193.0,11.48,46.1,33.9,51.02,11.4,1.11,54.72,0.62,0.82,,,,,20.95,74.75,0.48,325.5,0.0,0.0,36.0,995.25,,157.0,278.0,23.35,67.38,54.95,47.2,20.1,1.42,52.28,9.22,10.35,,,,,23.65,60.5,1.55,267.25,0.0,0.0,160.0,965.5,,182.0,279.0,54.9,23.4,57.1,68.85,13.5,1.57,14.52,2.95,34.25,,,,,28.2,51.0,1.88,283.0,0.0,0.0,168.5,986.5,,224.0,416.0,17.2,58.85,45.3,35.65,12.42,1.08,25.0,0.55,8.8,,,,,25.02,63.5,1.3,54.0,0.0,0.0,138.5,986.0,,123.25,227.5,18.22,71.35,52.78,25.48,39.45,1.2,32.25,0.2,1.65,,,,,25.38,68.75,2.0,82.25,0.0,0.0,257.25,988.0,,,285.05,39.36,127.61,104.56,50.28,11.87,1.8,27.51,2.58,6.88,5.72,,3.67,2.9,30.1,29.93,,,0.0,0.0,,996.5,,42.78,71.3,7.09,18.1,12.6,49.29,6.38,0.55,20.0,3.96,5.64,5.44,,4.18,6.03,,,4.23,13.62,0.0,0.0,28.7,,
2024-12-03 10:00:00,112.13,254.9,23.83,74.46,58.97,,,1.5,21.56,,,,,,,,,,,,0,,,,102.32,258.77,10.64,42.94,31.48,41.24,17.28,1.53,25.59,3.91,9.12,2.48,,1.92,3.58,,43.85,1.34,107.08,,0,226.22,,0.16,139.56,270.41,45.36,8.68,26.05,45.2,46.79,0.92,23.86,0.2,,,,0.02,0.11,20.81,64.22,1.51,138.14,0.0,0.0,35.44,,,157.0,293.0,17.58,66.47,49.8,46.12,9.65,1.29,12.7,1.32,4.1,,,,,24.4,60.5,0.55,189.0,0.0,0.0,44.5,975.0,,151.0,197.0,8.52,44.32,30.5,50.9,13.22,1.01,103.85,0.08,0.12,,,,,23.98,60.5,0.4,261.25,0.0,0.0,50.25,995.75,,149.0,263.0,21.35,61.98,50.4,46.7,26.98,1.34,70.5,8.75,9.75,,,,,25.48,54.75,1.9,241.75,0.0,0.0,156.5,965.25,,135.0,213.0,39.4,26.98,46.4,68.45,14.62,1.48,17.62,2.55,29.02,,,,,29.38,47.5,2.5,295.25,0.0,0.0,215.75,986.0,,144.0,309.0,2.62,40.15,23.48,33.02,12.58,0.74,46.62,0.5,5.38,,,,,27.6,53.75,1.3,54.0,0.0,0.0,213.75,986.0,,126.25,212.5,10.65,59.08,40.08,24.35,42.22,1.2,72.97,0.22,1.45,,,,,28.0,51.0,2.05,95.0,0.0,0.0,358.25,988.0,,,269.75,37.5,136.41,107.72,51.56,13.65,2.06,32.19,2.57,7.01,5.83,,3.56,3.01,30.1,29.93,,,0.0,0.0,,996.5,,47.47,79.1,7.27,18.24,15.04,50.19,8.01,0.72,20.0,3.93,5.88,5.39,,4.34,6.2,,,3.67,184.59,0.0,0.0,28.7,,
2024-12-03 11:00:00,97.04,213.12,8.85,50.72,34.17,,,1.3,43.01,,,,,,,,,,,,0,,,,140.8,255.52,10.09,36.38,27.55,39.52,16.8,1.07,55.58,3.43,8.59,2.08,,1.9,2.86,,39.6,1.49,101.83,,0,267.08,,0.22,139.56,271.83,22.81,2.84,22.73,49.78,48.91,0.77,24.12,0.25,,,,0.03,0.18,22.82,57.96,2.0,139.16,0.0,0.0,45.09,,,146.0,279.0,13.52,60.48,43.28,46.02,12.45,1.23,12.3,0.85,2.42,,,,,26.02,53.5,0.7,220.0,0.0,0.0,51.5,975.75,,147.0,197.0,6.58,41.8,27.58,53.6,14.08,1.04,163.28,0.1,0.32,,,,,26.22,48.75,0.75,160.75,0.0,0.0,78.25,995.0,,127.0,250.0,16.55,56.3,43.55,48.18,35.3,1.08,94.93,8.12,9.45,,,,,26.42,51.5,2.35,264.5,0.0,0.0,309.5,965.0,,124.0,216.0,3.93,45.12,26.38,69.53,14.82,1.41,25.22,2.02,20.98,,,,,30.45,44.75,2.65,285.25,0.0,0.0,265.75,986.0,,124.0,248.0,1.3,37.1,20.8,33.05,12.2,0.87,58.12,0.35,2.9,,,,,29.5,48.0,1.3,54.0,0.0,0.0,261.5,986.0,,131.5,244.75,8.07,51.55,33.98,24.98,47.45,1.12,108.5,0.22,1.62,,,,,29.32,44.75,2.38,98.5,0.0,0.0,255.5,988.0,,,292.7,35.09,139.68,105.01,51.5,15.56,2.03,46.58,2.6,7.07,5.7,,3.68,2.92,30.1,29.93,,,0.0,0.0,,996.5,,45.18,75.31,7.48,18.76,15.92,52.78,6.26,0.71,20.0,4.0,5.92,5.56,,4.48,5.88,,,3.57,336.86,0.0,0.0,28.7,,
2024-12-03 12:00:00,84.52,188.21,8.39,39.6,27.88,,,1.2,55.32,,,,,,,,,,,,0,,,,105.32,242.88,10.74,43.22,31.37,40.95,13.46,1.15,57.71,3.25,5.69,1.9,,1.72,2.54,,33.53,1.38,102.91,,0,255.82,,0.18,98.67,221.46,26.21,21.47,45.76,37.47,45.8,0.6,31.21,0.08,,,,0.04,0.12,24.17,53.14,2.06,132.93,0.0,0.0,62.62,,,128.0,267.0,12.95,49.6,36.83,45.75,15.38,0.97,14.35,1.45,3.6,,,,,27.2,48.25,0.65,222.75,0.0,0.0,70.75,975.5,,132.0,210.0,4.28,35.62,22.42,52.38,13.75,0.9,184.28,1.42,6.6,,,,,27.2,44.5,0.65,181.5,0.0,0.0,97.75,994.5,,107.0,246.0,14.52,50.95,38.98,46.25,32.9,0.9,109.0,7.4,10.1,,,,,27.45,47.5,3.08,268.5,0.0,0.0,298.25,965.0,,107.0,190.0,1.65,31.2,17.95,69.08,13.47,1.33,37.28,1.3,12.12,,,,,31.25,41.75,2.98,286.25,0.0,0.0,276.5,985.75,,75.0,199.0,0.82,31.42,17.38,33.1,10.98,0.7,65.55,0.3,2.7,,,,,29.78,45.25,1.3,54.0,0.0,0.0,246.75,985.0,,115.75,229.75,5.9,39.1,25.62,25.02,49.65,0.92,134.43,0.25,2.05,,,,,30.2,41.0,2.48,104.5,0.0,0.0,206.75,987.5,,,310.15,33.57,139.38,106.11,50.86,16.87,2.15,46.25,2.6,6.98,5.73,,3.69,2.8,30.1,29.93,,,0.0,0.0,,996.5,,39.1,65.16,7.15,18.57,10.76,52.5,11.82,0.54,20.0,3.89,5.88,5.25,,4.46,6.38,,,3.63,326.71,0.0,0.0,28.7,,
2024-12-03 13:00:00,73.04,161.64,9.38,28.11,22.58,,,1.11,60.89,,,,,,,,,,,,0,,,,145.02,232.75,9.38,27.02,21.39,38.33,13.26,1.03,55.28,3.18,8.84,1.84,,1.75,2.47,,28.39,1.12,84.68,,0,148.92,,-0.02,100.88,209.0,24.8,35.85,60.29,28.74,41.42,0.49,38.84,0.11,,,,0.01,0.1,25.01,50.42,2.5,173.89,0.0,0.0,161.17,,,96.0,206.0,10.97,49.3,35.3,45.87,23.03,0.75,14.1,1.6,1.8,,,,,28.6,43.67,0.7,210.67,0.0,0.0,225.33,975.33,,70.0,146.0,3.78,28.02,18.0,44.2,13.0,0.73,172.22,0.85,4.48,,,,,27.28,40.75,0.72,178.5,0.0,0.0,51.75,993.25,,86.0,199.0,14.85,50.1,38.88,42.95,39.6,0.7,111.78,6.68,8.7,,,,,28.15,45.0,2.98,252.75,0.0,0.0,266.75,965.0,,97.0,195.0,1.12,30.3,17.0,68.88,15.8,1.36,63.82,1.15,10.18,,,,,32.03,39.5,2.68,273.0,0.0,0.0,251.5,985.0,,53.0,201.0,0.85,28.92,16.12,33.62,10.48,0.62,67.2,0.2,1.75,,,,,30.62,42.5,1.3,54.0,0.0,0.0,262.0,984.0,,101.75,205.25,5.65,22.72,16.7,25.38,44.62,0.69,135.4,0.28,2.45,,,,,30.08,39.75,2.43,81.25,0.0,0.0,119.0,987.0,,,249.0,28.25,136.99,100.51,47.67,21.49,,45.51,2.58,6.96,5.76,,3.68,2.91,30.1,29.93,,,0.0,0.0,,996.5,,35.7,59.49,7.06,18.82,15.66,49.76,20.78,0.73,20.0,3.86,5.93,5.5,,4.31,6.29,,,3.86,320.68,0.0,0.0,28.7,,
2024-12-03 14:00:00,50.56,135.59,9.34,28.96,21.96,,,0.99,63.54,,,,,,,,,,,,0,,,,124.02,207.4,10.9,40.81,30.56,43.72,13.03,1.14,55.37,2.52,14.39,1.58,,1.31,2.15,,26.69,1.2,89.43,,0,75.92,,-0.15,,209.0,,,0.0,,,0.0,157.3,,,,,,,,,,,0.0,0.0,,,,80.0,191.0,7.92,43.68,29.65,44.65,23.37,0.98,17.92,1.35,1.88,,,,,29.6,41.5,0.75,218.25,0.0,0.0,59.0,975.0,,53.0,100.0,3.32,25.6,16.32,41.62,12.42,0.7,172.02,0.65,1.05,,,,,27.32,41.0,0.6,265.25,0.0,0.0,49.0,993.0,,84.0,173.0,12.05,43.97,33.17,41.48,21.32,0.64,126.48,6.22,8.43,,,,,28.28,44.0,3.22,272.25,0.0,0.0,251.5,965.0,,92.0,195.0,1.75,36.02,20.62,69.05,21.98,1.26,83.0,0.95,21.32,,,,,31.98,38.5,2.92,269.75,0.0,0.0,193.75,985.0,,51.0,151.0,0.78,24.78,13.85,34.72,10.08,0.62,76.22,0.18,1.1,,,,,30.5,42.75,1.3,54.0,0.0,0.0,199.75,983.75,,67.5,152.0,4.75,17.8,13.35,26.7,39.3,0.58,135.25,0.2,1.98,,,,,30.5,39.0,2.52,81.75,0.0,0.0,296.75,986.75,,,226.58,23.4,114.92,84.84,41.4,19.21,,66.37,2.61,7.01,5.66,,3.71,2.83,30.1,29.93,,,0.0,0.0,,996.5,,32.37,53.95,7.15,18.54,11.15,48.12,27.29,0.53,20.0,3.89,5.89,5.35,,4.22,6.01,,,4.53,324.54,0.0,0.0,28.7,,
2024-12-03 15:00:00,43.27,148.01,8.22,20.67,16.81,,,0.96,65.21,,,,,,,,,,,,0,,,,92.52,213.73,10.78,39.74,29.82,43.6,12.4,1.4,54.18,2.44,9.01,1.44,,1.18,2.04,,27.97,1.19,90.06,,0,49.95,,-0.2,101.3,198.0,18.65,27.99,19.11,12.12,41.11,0.13,42.0,19.12,,,,25.45,19.12,25.51,47.79,2.43,158.65,0.0,0.0,45.3,,,59.0,155.0,7.87,43.13,29.2,45.03,17.77,1.0,18.77,1.63,2.07,,,,,28.67,43.67,0.7,207.33,0.0,0.0,39.0,974.0,,46.0,92.0,3.3,23.72,15.32,38.4,13.87,0.63,164.72,0.6,0.7,,,,,27.32,41.75,0.55,278.75,0.0,0.0,38.5,992.0,,55.0,149.0,10.52,52.1,36.3,40.95,13.62,0.72,111.12,5.5,7.82,,,,,27.68,46.25,2.7,269.25,0.0,0.0,103.5,965.0,,70.0,174.0,2.62,35.3,20.9,68.75,12.15,1.24,74.47,0.72,19.6,,,,,31.65,39.75,2.9,272.25,0.0,0.0,125.0,985.0,,52.0,175.0,0.77,28.18,15.48,35.48,9.35,0.63,71.95,0.18,2.8,,,,,30.25,43.75,1.3,54.0,0.0,0.0,121.0,983.25,,50.25,130.0,5.03,14.42,11.78,25.25,38.55,0.62,123.45,0.12,1.52,,,,,30.15,40.5,2.58,77.75,0.0,0.0,129.5,986.0,,,252.45,22.14,101.36,74.24,43.2,17.52,1.44,65.99,,,,,,,30.1,29.93,,,0.0,0.0,,996.5,,29.33,48.9,7.58,18.48,15.14,46.68,36.85,0.74,20.0,4.04,5.87,5.4,,4.14,5.91,,,4.3,327.0,0.0,0.0,28.7,,
2024-12-03 16:00:00,35.58,98.6,9.14,27.25,20.96,,,0.96,59.78,,,,,,,,,,,,0,,,,84.2,207.48,5.34,14.13,11.31,40.52,10.09,1.1,56.48,2.99,10.46,1.73,,1.22,2.32,,30.0,1.0,80.25,,0,27.4,,-0.2,,13.16,27.12,19.36,46.89,36.5,40.58,0.15,35.93,0.25,,,,0.03,0.1,24.45,53.23,1.26,152.02,0.0,0.0,25.4,,,58.0,171.0,8.0,56.32,36.52,45.5,16.32,1.21,19.77,1.9,2.1,,,,,28.15,44.25,0.55,194.0,0.0,0.0,25.75,974.75,,40.0,83.0,2.8,23.05,14.52,37.12,14.52,0.55,137.65,0.48,0.7,,,,,26.7,44.75,0.5,300.5,0.0,0.0,23.0,992.0,,50.0,150.0,10.72,60.5,41.25,39.65,11.78,0.86,96.2,4.82,7.65,,,,,26.9,47.5,2.08,281.0,0.0,0.0,25.0,965.0,,51.0,129.0,1.7,39.8,22.57,68.63,,1.3,56.97,0.85,16.55,,,,,31.08,40.75,1.83,265.0,0.0,0.0,48.5,985.0,,46.0,234.0,0.6,32.95,17.82,35.58,8.98,0.59,59.38,0.12,4.5,,,,,29.38,46.25,1.3,54.0,0.0,0.0,29.0,983.75,,46.5,122.75,4.62,16.73,12.65,24.85,38.4,0.73,108.3,0.1,1.45,,,,,28.78,46.25,1.4,80.5,0.0,0.0,49.5,986.0,,,186.35,19.53,59.46,52.18,41.14,15.92,1.59,44.11,,,,,,,30.1,29.93,,,0.0,0.0,,996.5,,28.57,47.62,7.06,18.63,15.66,50.55,39.56,0.75,20.0,3.86,5.79,5.5,,4.35,6.28,,,4.23,336.38,0.0,0.0,28.7,,
2024-12-03 17:00:00,29.89,84.87,12.21,50.48,36.8,,,1.07,35.34,,,,,,,,,,,,0,,,,143.18,197.8,10.66,51.52,36.03,37.37,9.3,0.27,15.32,4.64,15.57,2.61,,1.74,3.8,,46.8,0.67,56.83,,0,12.6,,-0.22,52.9,184.32,24.49,28.46,52.46,52.46,43.08,0.25,23.66,0.23,,,,0.05,0.19,21.19,67.95,0.11,144.02,0.0,0.0,4.77,,,67.0,178.0,23.98,77.12,60.4,45.78,15.95,2.19,14.1,2.25,2.62,,,,,26.65,48.75,0.22,204.0,0.0,0.0,10.5,975.0,,28.0,63.0,3.55,33.72,20.85,36.22,13.88,0.57,101.85,0.38,0.6,,,,,24.3,56.0,0.32,300.75,0.0,0.0,6.5,992.0,,45.0,133.0,36.12,103.85,84.48,41.25,17.1,1.69,60.55,4.78,7.5,,,,,25.45,51.75,0.52,316.5,0.0,0.0,10.5,965.5,,51.0,127.0,0.8,46.5,25.4,68.1,,1.44,6.3,1.3,22.8,,,,,29.6,45.0,0.4,197.0,0.0,0.0,12.0,985.0,,45.0,190.0,1.18,38.85,21.62,35.65,9.55,0.92,41.18,0.18,4.0,,,,,26.9,53.75,1.3,54.0,0.0,0.0,6.75,984.0,,47.5,133.75,4.53,21.58,15.2,27.9,36.92,0.79,52.12,0.1,1.38,,,,,25.48,65.5,0.68,95.75,0.0,0.0,16.25,986.75,,,230.3,18.98,54.68,49.2,41.05,18.88,3.15,42.97,,,,,,,30.1,29.93,,,0.0,0.0,,996.5,,27.8,46.33,7.22,18.26,15.26,51.14,49.73,0.76,20.0,3.92,5.83,5.42,,4.39,6.07,,,4.4,334.71,0.0,0.0,28.7,,
2024-12-03 18:00:00,48.08,125.4,104.1,120.9,148.98,,,2.0,14.18,,,,,,,,,,,,0,,,,105.82,192.18,11.14,51.33,36.36,40.25,9.88,1.78,15.34,6.88,24.42,3.98,,2.5,5.95,,63.1,0.71,78.83,,0,13.82,,-0.22,126.38,622.02,25.67,29.62,55.58,60.03,43.96,0.44,22.78,0.26,,,,0.03,0.19,18.98,73.14,0.14,148.17,0.0,0.0,,,,114.0,332.0,126.43,99.52,155.8,46.85,20.48,4.19,9.98,2.82,6.18,,,,,24.45,58.5,0.18,187.25,0.0,0.0,7.0,975.0,,42.0,95.0,5.28,38.9,25.0,31.05,13.88,0.64,79.0,0.35,0.5,,,,,22.28,67.0,0.32,293.5,0.0,0.0,3.0,992.0,,69.0,266.0,78.25,106.78,120.2,42.1,19.88,2.74,40.28,5.48,8.98,,,,,24.2,56.5,0.6,315.25,0.0,0.0,10.0,965.75,,,,,,,,,,,,,,,,,,,,,,0.0,,,,64.0,329.0,4.53,69.05,40.43,40.78,10.98,1.4,17.77,0.4,11.68,,,,,25.58,59.25,1.3,54.0,0.0,0.0,3.0,978.75,,43.5,114.0,4.23,28.65,18.68,27.22,35.85,0.86,19.7,0.1,1.35,,,,,23.15,77.5,0.75,67.0,0.0,0.0,8.75,987.0,,,241.88,20.53,48.94,47.41,39.8,19.13,2.24,24.61,,,,,,,30.1,29.93,,,0.0,0.0,,996.5,,32.16,53.56,7.02,17.22,16.44,49.21,47.18,0.79,20.0,3.85,5.69,5.65,,4.28,6.21,,,4.42,327.62,0.0,0.0,28.7,,
2024-12-03 19:00:00,91.09,187.04,117.85,115.84,157.48,,,2.52,16.0,,,,,,,,,,,,0,,,,84.4,197.75,14.45,70.8,49.4,41.82,11.32,3.34,14.92,12.72,50.14,8.35,,4.87,13.4,,55.62,0.79,79.38,,0,15.9,,-0.22,122.2,624.67,23.28,25.68,49.3,61.47,44.28,0.73,22.87,0.56,,,,0.02,0.07,17.97,75.95,0.19,157.07,0.0,0.0,,,,168.0,398.0,68.65,96.9,106.92,45.88,23.75,3.24,8.8,2.6,7.3,,,,,24.72,55.5,0.22,165.25,0.0,0.0,7.0,975.75,,57.0,125.0,6.75,45.22,29.5,40.88,13.02,0.76,44.48,0.38,0.57,,,,,21.28,72.5,0.45,277.75,0.0,0.0,3.0,992.75,,78.0,254.0,110.45,99.28,143.0,43.35,21.02,3.42,48.0,6.5,9.95,,,,,23.52,59.75,0.5,312.5,0.0,0.0,9.75,965.75,,,,,,,,,2.71,5.0,2.4,48.2,,,,,25.5,59.0,0.5,315.0,0.0,0.0,5.0,985.0,,99.0,368.0,5.85,65.08,39.33,38.67,11.08,1.58,17.68,0.85,15.22,,,,,25.15,60.25,1.3,54.0,0.0,0.0,3.0,973.75,,39.0,95.5,8.52,45.9,31.32,26.05,35.42,1.08,4.52,0.1,1.5,,,,,22.15,81.25,0.78,54.5,0.0,0.0,9.0,987.0,,,216.8,21.22,45.05,43.4,37.73,18.86,2.6,24.8,,,,,,,30.1,29.93,,,0.0,0.0,,996.5,,42.43,70.72,7.07,18.07,14.99,49.54,25.46,0.78,20.0,3.82,5.77,5.38,,4.3,6.18,,,4.36,332.41,0.0,0.0,28.7,,
2024-12-03 20:00:00,115.88,258.84,151.83,113.19,183.64,,,3.23,16.3,,,,,,,,,,,,0,,,,70.0,208.1,8.98,24.86,20.12,39.29,13.1,4.21,7.63,16.9,120.09,13.1,,7.34,22.81,,56.68,0.6,187.05,,0,15.02,,-0.21,105.19,336.42,22.04,21.95,44.36,62.42,44.91,1.07,23.12,0.22,,,,0.02,0.08,17.37,77.13,0.14,157.23,0.0,0.0,,,,158.0,372.0,114.3,94.2,142.9,47.45,14.33,2.91,9.6,2.78,7.32,,,,,24.1,59.0,0.25,201.25,0.0,0.0,7.0,975.75,,67.0,114.0,5.85,44.15,28.25,40.33,12.6,0.89,40.05,1.18,1.72,,,,,20.75,74.0,0.3,268.75,0.0,0.0,3.0,993.0,,123.0,350.0,99.8,100.92,134.75,46.35,21.75,3.42,43.75,7.15,11.02,,,,,23.18,60.75,0.78,313.0,0.0,0.0,9.75,965.75,,84.0,213.0,52.5,43.78,67.07,25.35,7.68,2.69,5.3,4.38,60.85,,,,,25.42,58.25,0.35,261.0,0.0,0.0,5.0,986.0,,162.0,374.0,12.4,70.3,47.45,34.25,11.38,1.9,13.55,1.15,22.8,,,,,24.25,63.75,1.3,54.0,0.0,0.0,3.0,974.75,,47.0,110.75,21.75,51.82,45.22,25.15,35.48,1.42,4.3,0.1,1.85,,,,,21.88,83.75,0.85,45.0,0.0,0.0,9.0,987.25,,,234.65,25.02,41.84,47.27,38.45,18.76,1.38,15.16,,,,,,,30.1,29.93,,,0.0,0.0,,996.5,,47.7,79.5,7.09,18.12,15.81,49.07,26.73,0.8,20.0,3.87,5.8,5.53,,4.27,6.14,,,4.32,330.46,0.0,0.0,28.7,,
2024-12-03 21:00:00,163.49,335.84,147.74,122.16,185.14,,,3.7,16.48,,,,,,,,,,,,0,,,,83.28,222.5,11.84,49.97,36.21,45.2,14.42,2.44,7.71,19.98,157.28,13.9,,8.48,25.27,,47.93,0.86,74.71,,0,19.1,,-0.21,106.52,256.29,22.55,17.95,40.96,64.46,45.2,1.32,23.24,0.2,,,,0.05,0.07,17.8,73.91,1.42,158.34,0.0,0.0,,,,136.0,320.0,53.08,88.22,90.18,45.05,9.9,1.9,8.73,3.12,6.88,,,,,24.2,58.0,0.28,190.75,0.0,0.0,6.5,975.5,,91.0,161.0,5.95,46.35,29.52,31.68,12.8,0.93,26.98,1.4,1.88,,,,,20.2,76.25,0.28,266.5,0.0,0.0,3.0,993.0,,127.0,288.0,54.58,91.68,92.95,44.6,29.85,2.5,49.1,7.48,9.85,,,,,23.2,60.0,0.95,305.25,0.0,0.0,10.0,966.0,,108.0,240.0,49.68,38.52,60.9,25.23,7.62,2.55,5.2,4.95,67.32,,,,,25.75,57.0,1.08,280.0,0.0,0.0,5.0,986.0,,196.0,437.0,13.65,67.4,46.92,33.92,12.05,1.93,12.88,0.88,23.72,,,,,23.95,64.0,1.3,54.0,0.0,0.0,3.0,976.0,,64.25,134.25,35.02,53.02,56.68,29.25,35.9,1.41,4.42,0.22,1.98,,,,,21.82,83.5,1.05,57.5,0.0,0.0,9.0,987.75,,,267.17,35.45,27.95,48.37,39.36,19.98,1.33,15.75,,,,,,,30.1,29.93,,,0.0,0.0,,996.5,,49.62,82.71,7.09,17.37,15.35,49.14,30.28,0.88,20.0,3.88,5.66,5.44,,4.28,6.16,,,4.23,320.38,0.0,0.0,28.7,,
2024-12-03 22:00:00,164.22,325.44,72.12,100.44,112.14,,,3.42,13.86,,,,,,,,,,,,0,,,,79.27,258.58,12.45,56.21,40.02,44.11,13.25,1.78,7.52,10.52,63.12,8.32,,5.65,14.94,,43.79,1.02,91.44,,0,16.02,,-0.23,129.08,303.45,20.84,19.07,39.95,64.69,45.18,1.38,23.24,0.1,,,,0.03,0.16,18.62,69.16,1.64,158.52,0.0,0.0,,,,153.0,310.0,28.9,83.02,67.72,44.58,6.72,1.11,8.82,2.33,5.82,,,,,23.95,58.5,0.35,184.25,0.0,0.0,7.0,975.0,,86.0,128.0,6.1,43.75,28.2,35.72,12.32,0.8,32.65,1.2,1.52,,,,,20.0,75.5,0.28,282.0,0.0,0.0,3.0,993.0,,102.0,210.0,25.1,80.05,63.18,43.52,29.42,1.53,50.53,6.3,8.4,,,,,22.92,60.75,0.98,303.5,0.0,0.0,10.0,966.0,,124.0,245.0,33.35,44.35,50.7,25.15,7.35,1.41,6.7,3.88,61.35,,,,,26.95,51.0,1.82,274.5,0.0,0.0,5.0,986.0,,184.0,364.0,4.53,58.15,34.6,31.58,11.4,1.64,13.15,0.8,14.8,,,,,23.42,66.25,1.3,54.0,0.0,0.0,3.0,976.75,,87.75,155.0,38.88,48.68,57.5,28.95,36.62,1.42,4.72,0.2,2.02,,,,,21.72,84.5,1.0,54.25,0.0,0.0,9.0,987.25,,,,,,,,,,,,,,,,,,,,,,0.0,,,,47.0,78.32,7.1,17.35,15.92,48.6,28.38,0.83,20.0,3.88,5.67,5.55,,4.25,6.18,,,4.05,309.35,0.0,0.0,28.7,,
2024-12-03 23:00:00,98.88,201.15,17.33,88.06,60.95,,,2.21,12.12,,,,,,,,,,,,0,,,,98.9,249.5,12.19,53.93,38.6,38.39,12.56,1.23,7.34,5.38,22.56,3.8,,2.82,6.04,,44.39,0.89,84.14,,0,14.17,,-0.24,141.38,269.7,21.12,20.84,41.37,64.41,44.97,1.32,23.26,0.12,,,,0.02,0.14,17.81,70.2,1.28,155.11,0.0,0.0,,,,115.0,249.0,26.98,81.45,65.18,45.62,4.45,1.32,9.3,1.68,3.4,,,,,23.7,58.5,0.28,205.0,0.0,0.0,6.75,975.0,,84.0,139.0,6.9,40.07,26.9,33.55,11.45,0.8,31.82,1.12,1.32,,,,,19.55,76.5,0.3,289.75,0.0,0.0,3.0,993.0,,92.0,188.0,29.1,69.77,60.78,43.85,15.4,1.24,52.95,5.95,7.85,,,,,22.18,62.75,0.78,297.25,0.0,0.0,9.75,966.0,,95.0,201.0,12.98,42.6,33.22,25.65,10.58,0.91,10.75,2.62,42.95,,,,,26.6,51.25,1.65,278.0,0.0,0.0,5.0,986.0,,147.0,280.0,2.38,47.12,26.98,30.62,10.55,1.08,17.62,0.57,9.5,,,,,23.12,66.75,1.3,54.0,0.0,0.0,3.0,976.5,,94.0,165.25,30.52,50.1,51.48,27.55,37.33,1.38,4.5,0.2,2.3,,,,,21.58,84.25,1.1,53.5,0.0,0.0,9.0,987.0,,,151.13,31.13,17.87,34.83,36.53,18.27,1.12,11.2,2.57,7.01,5.8,,3.64,2.91,30.1,29.93,,,0.0,0.0,,996.5,,45.1,75.16,6.76,18.03,10.85,50.91,22.1,0.46,20.0,3.76,5.79,5.62,,4.38,6.13,,,4.35,302.86,0.0,0.0,28.7,,
2024-12-04 00:00:00,74.56,127.66,12.98,52.21,38.33,,,1.56,19.36,,,,,,,,,,,,0,,,,78.65,234.55,12.32,58.91,41.1,33.91,13.96,1.33,5.87,4.77,14.18,2.41,,1.73,3.75,,45.24,0.92,80.03,,0,14.62,,-0.25,120.83,225.41,21.24,22.38,44.16,63.62,44.91,1.19,22.83,0.1,,,,0.02,0.18,16.79,72.41,0.86,147.42,0.0,0.0,,,,108.0,230.0,30.23,76.57,65.33,44.93,3.47,1.21,8.47,1.87,5.2,,,,,23.07,61.0,0.3,180.33,0.0,0.0,7.0,975.0,,81.0,116.0,6.52,41.32,27.3,33.1,10.98,0.63,27.48,0.57,1.02,,,,,19.23,78.0,0.35,301.75,0.0,0.0,3.0,993.0,,101.0,197.0,20.2,59.68,48.48,42.98,12.65,0.79,59.1,5.7,7.52,,,,,22.05,63.0,1.25,286.25,0.0,0.0,10.0,966.0,,107.0,188.0,6.45,37.52,25.2,25.6,6.67,0.69,14.78,1.78,26.65,,,,,26.1,52.5,1.45,269.25,0.0,0.0,5.0,986.0,,107.0,213.0,1.9,39.45,22.52,30.4,11.0,0.82,25.88,0.4,5.22,,,,,23.08,66.0,1.3,54.0,0.0,0.0,3.0,976.25,,104.5,170.0,26.65,52.62,49.68,27.4,37.38,1.36,3.4,0.22,2.5,,,,,21.52,84.25,1.27,58.25,0.0,0.0,8.75,987.0,,,151.9,31.18,16.2,33.98,35.84,14.41,2.21,10.47,2.54,7.05,5.72,,3.75,2.97,30.1,29.93,,,0.0,0.0,,996.5,,44.96,74.96,7.14,15.8,17.02,47.02,23.23,0.7,20.0,3.89,5.4,5.76,,4.16,6.33,,,4.03,294.69,0.0,0.0,28.7,,
2024-12-04 01:00:00,65.58,120.54,10.2,43.62,31.5,,,1.29,26.82,,,,,,,,,,,,0,,,,132.92,215.02,12.22,50.44,36.76,39.88,14.22,1.15,5.85,4.36,10.46,1.93,,1.43,2.77,,47.31,0.98,69.04,,0,14.38,,-0.26,102.22,172.8,21.68,22.69,43.82,62.99,44.62,1.04,22.64,0.21,,,,0.02,0.06,16.6,72.42,1.71,162.12,0.0,0.0,,,,109.0,205.0,16.55,62.85,47.08,45.6,1.52,0.92,8.0,1.72,3.88,,,,,22.9,61.5,0.43,204.25,0.0,0.0,6.75,975.0,,85.0,113.0,6.78,43.52,28.62,41.38,11.2,0.52,22.5,0.05,0.12,,,,,19.02,78.0,0.32,296.5,0.0,0.0,3.0,992.75,,80.0,,15.25,45.72,36.9,43.48,12.35,0.57,69.0,5.18,6.85,,,,,22.08,62.5,1.62,272.75,0.0,0.0,10.0,966.0,,70.0,130.0,5.58,35.45,23.35,25.95,6.55,0.79,14.0,1.5,19.25,,,,,25.48,55.25,1.5,280.75,0.0,0.0,5.0,986.0,,139.0,251.0,1.1,36.15,20.12,32.6,10.72,0.75,28.8,0.3,3.82,,,,,22.8,67.25,1.3,54.0,0.0,0.0,3.0,976.25,,105.75,172.5,26.6,55.52,51.15,26.2,37.72,1.14,2.6,0.2,2.33,,,,,21.3,84.0,1.48,70.5,0.0,0.0,8.75,987.0,,,136.35,30.18,15.9,32.99,35.24,15.48,1.86,11.8,2.59,7.1,5.7,,3.76,2.99,30.1,29.93,,,0.0,0.0,,996.5,,,,,,,,,,,,,,,,,,,,,,0.0,,,
2024-12-04 02:00:00,78.0,119.01,9.54,30.66,24.07,,,1.16,35.66,,,,,,,,,,,,0,,,,97.28,203.05,10.35,39.71,29.37,35.75,13.31,1.17,5.89,3.76,9.28,1.74,,1.37,2.4,,49.2,1.05,89.75,,0,14.92,,-0.26,100.82,167.8,20.86,24.85,45.61,62.74,44.42,0.87,22.58,0.11,,,,0.02,0.2,16.74,71.25,1.88,161.3,0.0,0.0,,,,109.0,195.0,6.5,72.0,43.2,46.0,,0.97,11.17,1.88,2.7,,,,,22.78,61.5,0.45,215.0,0.0,0.0,6.5,975.0,,83.0,121.0,6.9,41.9,27.9,32.2,11.7,0.62,33.75,0.25,0.4,,,,,18.95,78.75,0.3,281.5,0.0,0.0,3.0,992.0,,81.0,,14.8,44.4,35.6,44.4,10.9,0.53,68.47,4.82,6.48,,,,,21.55,65.25,1.15,210.5,0.0,0.0,10.0,966.0,,95.0,150.0,3.35,33.65,20.68,26.2,7.25,0.58,18.42,1.75,18.4,,,,,25.32,55.75,1.95,272.25,0.0,0.0,5.0,986.0,,125.0,210.0,1.3,38.5,21.6,37.2,10.9,0.72,30.67,0.4,4.6,,,,,22.52,69.0,1.3,54.0,0.0,0.0,3.0,975.5,,105.0,169.25,32.3,63.7,60.1,26.3,37.8,1.04,3.88,0.2,1.95,,,,,21.1,84.0,1.02,52.25,0.0,0.0,8.75,987.0,,,136.43,29.78,15.67,32.54,35.01,16.2,2.12,12.16,2.61,6.94,5.79,,3.7,2.94,30.1,29.93,,,0.0,0.0,,996.5,,,,,,,,,,,,,,,,,,,,,,0.0,,,
2024-12-04 03:00:00,96.68,143.01,10.12,29.64,22.31,,,1.11,36.64,,,,,,,,,,,,0,,,,82.72,192.32,11.03,41.83,31.22,37.9,12.95,0.84,5.87,2.54,6.92,1.38,,1.13,1.85,,52.84,1.03,90.68,,0,14.3,,-0.27,88.26,160.72,23.25,26.95,49.68,61.88,44.24,0.68,22.53,0.12,,,,0.04,0.15,16.6,71.14,1.96,163.6,0.0,0.0,,,,96.0,188.0,12.5,56.58,40.42,45.45,6.0,1.15,11.15,1.5,1.95,,,,,22.52,63.25,0.48,201.75,0.0,0.0,6.75,975.75,,81.0,118.0,9.28,34.25,25.75,57.12,9.87,0.65,41.62,0.62,0.85,,,,,18.85,78.75,0.3,279.5,0.0,0.0,3.0,992.0,,101.0,,11.68,41.05,31.25,41.8,9.62,0.56,79.7,4.53,6.1,,,,,21.3,66.75,1.48,273.0,0.0,0.0,10.0,966.0,,78.0,138.0,3.5,31.35,19.5,25.88,7.72,0.55,25.85,1.25,13.2,,,,,25.2,56.75,2.25,274.75,0.0,0.0,5.0,986.0,,125.0,224.0,1.48,28.32,16.27,32.93,10.07,0.62,32.88,0.35,3.02,,,,,22.12,70.75,1.3,54.0,0.0,0.0,3.0,975.25,,96.75,146.25,7.1,31.98,22.78,23.82,36.42,0.89,11.95,0.2,1.7,,,,,20.82,84.0,1.2,66.25,0.0,0.0,9.0,987.0,,,141.12,29.38,15.22,31.99,34.53,16.5,2.04,11.58,2.58,6.95,5.82,,3.75,2.91,30.1,29.93,,,0.0,0.0,,996.5,,,,,,,,,,,,,,,,,,,,,,0.0,,,
2024-12-04 04:00:00,66.97,112.17,8.1,32.88,24.08,,,1.1,30.61,,,,,,,,,,,,0,,,,84.52,187.02,9.85,35.67,26.56,38.47,10.89,1.1,8.44,2.41,5.62,1.29,,1.03,1.68,,54.03,1.1,85.11,,0,14.48,,-0.27,91.98,153.61,23.16,27.7,51.47,61.32,44.14,0.48,23.26,0.31,,,,0.03,0.08,16.26,71.28,2.12,172.3,0.0,0.0,,,,101.0,175.0,8.2,47.92,29.55,45.7,6.22,1.1,13.18,0.98,1.78,,,,,22.25,63.5,0.52,201.0,0.0,0.0,7.0,976.0,,80.0,116.0,7.02,32.17,22.82,48.1,9.88,0.66,38.35,1.08,1.35,,,,,18.6,80.25,0.45,246.0,0.0,0.0,3.0,991.25,,103.0,,12.45,46.7,35.08,39.45,9.07,0.53,72.55,4.68,5.8,,,,,20.95,67.25,1.12,286.75,0.0,0.0,10.0,966.0,,84.0,136.0,3.03,28.08,17.4,25.98,6.9,0.52,25.22,0.92,9.68,,,,,24.92,57.75,2.4,277.75,0.0,0.0,5.0,986.0,,173.0,265.0,0.4,27.0,13.98,28.98,9.7,0.63,31.1,0.3,2.1,,,,,21.62,72.75,1.3,54.0,0.0,0.0,3.0,976.0,,81.25,127.0,5.08,41.35,26.1,23.65,36.52,0.88,16.85,0.2,1.52,,,,,21.05,82.75,1.8,60.25,0.0,0.0,9.0,987.0,,,128.9,29.05,15.4,31.81,34.34,16.94,,11.25,2.57,7.05,5.85,,3.78,2.95,30.1,29.93,,,0.0,0.0,,996.5,,,,,,,,,,,,,,,,,,,,,,0.0,,,
2024-12-04 05:00:00,56.86,101.46,8.68,29.28,22.63,,,1.09,26.36,,,,,,,,,,,,0,,,,110.78,188.8,10.92,46.72,33.73,34.68,11.08,1.35,8.32,2.48,4.74,1.27,,0.95,1.64,,55.24,1.09,81.88,,0,14.52,,-0.27,82.77,137.96,21.28,28.43,49.25,60.88,44.0,0.3,22.96,0.29,,,,0.04,0.13,15.88,71.94,2.02,169.19,0.0,0.0,,,,85.0,161.0,12.02,57.32,40.42,45.6,6.35,1.12,10.62,0.75,1.18,,,,,21.85,65.5,0.5,190.25,0.0,0.0,7.0,975.75,,84.0,118.0,6.6,29.45,21.02,42.68,10.38,0.61,33.05,1.0,1.38,,,,,18.18,82.75,0.45,214.25,0.0,0.0,3.0,991.0,,89.0,,12.4,43.9,33.33,38.08,8.6,0.48,70.53,4.28,5.52,,,,,20.65,68.5,1.08,274.25,0.0,0.0,10.0,966.0,,79.0,133.0,2.62,28.28,17.15,26.1,6.52,0.54,22.45,0.88,7.58,,,,,24.58,58.75,2.15,280.0,0.0,0.0,5.0,986.0,,112.0,188.0,0.7,27.9,15.2,27.25,9.2,0.81,27.92,0.28,1.38,,,,,21.28,74.0,1.3,54.0,0.0,0.0,3.0,976.25,,87.5,139.5,11.7,59.3,41.05,25.5,36.62,0.94,5.68,0.2,1.5,,,,,21.0,81.25,1.85,67.0,0.0,0.0,9.0,987.0,,,132.3,28.66,15.02,31.3,33.99,17.43,,14.99,2.56,7.06,5.9,,3.56,2.88,30.1,29.93,,,0.0,0.0,,996.5,,,,,,,,,,,,,,,,,,,,,,0.0,,,
2024-12-04 06:00:00,49.08,93.99,8.23,33.11,24.31,,,1.11,22.52,,,,,,,,,,,,0,,,,84.0,189.88,11.03,48.91,34.96,33.94,11.09,1.47,8.75,2.4,4.35,1.37,,0.97,1.69,,55.04,1.06,83.41,,0,14.9,,-0.26,82.89,136.12,23.29,29.72,52.8,60.25,43.82,0.19,22.98,0.24,,,,0.02,0.18,15.49,72.62,2.11,166.6,0.0,0.0,0.05,,,85.0,167.0,10.0,56.88,38.52,45.32,5.9,1.14,9.68,1.12,1.5,,,,,21.65,66.0,0.55,191.5,0.0,0.0,6.75,975.0,,96.0,124.0,6.78,30.25,21.65,42.55,10.05,0.63,21.22,1.08,1.32,,,,,17.62,83.0,0.48,187.5,0.0,0.0,3.0,992.0,,91.0,,12.28,48.8,36.0,37.75,8.68,0.59,64.28,4.38,5.42,,,,,20.55,68.75,1.12,254.0,0.0,0.0,10.0,966.0,,73.0,111.0,3.02,29.05,17.9,25.88,6.43,0.55,17.53,0.78,6.38,,,,,24.35,58.5,1.95,274.5,0.0,0.0,5.25,986.0,,86.0,169.0,0.68,29.6,16.32,26.98,9.02,0.8,25.28,0.2,1.38,,,,,21.15,73.75,1.3,54.0,0.0,0.0,3.0,977.0,,91.75,150.25,6.15,45.1,29.0,25.48,36.75,0.84,12.5,0.15,1.27,,,,,21.12,79.0,1.52,58.5,0.0,0.0,9.0,987.0,,,145.93,28.95,14.72,31.37,34.0,17.84,,15.11,2.57,6.95,5.86,,3.72,2.9,30.1,29.93,,,0.0,0.0,,996.5,,,,,,,,,,,,,,,,,,,,,,0.0,,,
2024-12-04 07:00:00,51.74,102.59,10.38,46.72,33.29,,,1.12,17.71,,,,,,,,,,,,0,,,,72.2,188.7,10.62,45.57,32.55,35.47,13.06,1.62,8.51,2.6,4.28,1.4,,1.07,1.98,,52.37,1.01,72.75,,0,26.7,,-0.23,69.19,139.67,22.54,30.55,53.03,59.94,43.84,0.12,23.03,0.24,,,,0.03,0.14,15.38,72.39,1.96,172.3,0.0,0.0,5.58,,,84.0,162.0,9.0,50.9,34.5,45.6,6.35,0.99,10.72,1.23,1.8,,,,,21.7,65.0,0.55,196.0,0.0,0.0,12.0,975.0,,84.0,117.0,8.18,32.75,24.05,48.4,10.62,0.69,21.88,1.15,1.48,,,,,17.9,83.0,0.6,208.0,0.0,0.0,8.0,992.25,,89.0,,23.48,60.22,51.2,38.08,8.7,0.78,52.0,4.78,5.28,,,,,20.35,68.75,0.85,174.75,0.0,0.0,13.75,966.0,,74.0,133.0,3.28,29.98,18.62,25.98,6.43,0.84,12.62,0.78,5.98,,,,,24.5,57.5,1.85,295.75,0.0,0.0,17.75,986.0,,105.0,205.0,2.45,31.82,18.92,26.85,9.22,0.83,21.18,0.25,1.32,,,,,21.15,73.5,1.3,54.0,0.0,0.0,12.25,977.0,,80.75,131.0,11.27,47.42,34.4,23.65,37.05,0.86,6.48,0.15,1.18,,,,,20.85,82.5,1.52,68.25,0.0,0.0,20.0,987.0,,101.8,151.52,29.25,22.53,35.77,37.14,16.69,,22.61,2.6,7.05,5.84,,3.69,3.0,30.1,29.93,,,0.0,0.0,,996.5,,,,,,,,,,,,,,,,,,,,,,0.0,,,
2024-12-04 08:00:00,50.27,116.37,13.54,42.72,31.7,,,1.17,21.88,,,,,,,,,,,,0,,,,142.9,181.08,11.46,39.58,30.34,39.68,10.66,1.61,25.72,2.91,5.78,1.94,,1.18,2.87,,45.23,1.08,72.84,,0,102.75,,-0.09,78.13,156.87,23.08,29.79,53.16,60.11,43.86,0.11,22.78,0.2,,,,0.02,0.11,15.96,72.43,2.39,168.52,0.0,0.0,13.67,,,86.0,190.0,24.48,59.45,51.68,45.3,8.3,1.42,9.82,1.23,2.12,,,,,22.18,63.25,0.68,239.75,0.0,0.0,22.75,975.0,,105.0,141.0,7.65,33.48,24.05,46.88,10.8,0.75,40.95,1.1,1.27,,,,,19.02,79.0,0.55,320.0,0.0,0.0,22.0,993.25,,94.0,,19.5,52.8,43.9,38.55,9.4,0.8,56.12,4.72,5.22,,,,,21.95,62.25,1.35,283.75,0.0,0.0,77.25,966.0,,80.75,153.0,5.68,31.35,21.28,26.25,7.32,0.92,16.18,1.0,6.42,,,,,26.15,51.75,2.68,267.5,0.0,0.0,43.25,986.0,,85.0,169.0,3.32,33.45,20.5,26.9,9.5,0.94,24.52,0.28,1.35,,,,,22.42,69.25,1.3,54.0,0.0,0.0,33.5,977.5,,89.75,186.25,10.65,37.85,28.78,24.2,38.38,0.87,22.45,0.18,1.08,,,,,22.9,70.75,2.28,66.0,0.0,0.0,87.0,987.0,,101.8,153.8,24.7,28.52,35.29,36.18,15.81,,23.48,2.64,6.96,5.74,,3.72,2.84,30.1,29.93,,,0.0,0.0,,996.5,,,,,,,,,,,,,,,,,,,,,,0.0,,,
2024-12-04 09:00:00,43.76,127.26,9.33,34.66,26.02,,,1.16,32.52,,,,,,,,,,,,0,,,,118.78,194.0,11.75,49.7,35.99,38.6,9.29,0.96,25.38,2.78,5.52,1.88,,1.19,2.56,,37.86,1.18,67.0,,0,186.38,,0.06,92.88,175.75,23.78,27.54,51.22,60.78,43.59,0.08,22.73,0.12,,,,0.1,0.1,17.66,68.76,2.78,182.41,0.0,0.0,19.08,,,98.0,204.0,18.12,51.9,42.58,46.28,9.85,1.27,12.45,1.2,2.1,,,,,23.22,59.75,0.7,231.5,0.0,0.0,29.5,975.0,,112.0,157.0,7.05,34.58,24.05,48.45,13.03,0.72,70.45,0.25,0.25,,,,,21.22,69.75,0.75,324.5,0.0,0.0,36.0,994.25,,81.0,,15.8,45.0,36.72,38.8,11.78,0.76,66.32,4.6,5.03,,,,,23.95,55.5,1.82,262.75,0.0,0.0,171.75,965.75,,83.0,175.0,4.78,31.92,20.88,25.85,8.9,0.87,24.72,0.92,7.32,,,,,28.28,45.0,3.2,257.25,0.0,0.0,152.5,986.0,,112.0,213.0,7.35,40.5,27.48,28.15,10.6,1.1,25.75,0.32,5.52,,,,,24.88,61.0,1.3,54.0,0.0,0.0,126.75,977.0,,96.25,184.5,9.62,30.42,23.98,24.12,40.38,0.92,42.85,0.15,0.95,,,,,25.4,57.5,2.92,66.75,0.0,0.0,266.25,988.0,,101.8,153.8,22.24,32.41,35.32,36.38,16.07,,32.86,2.61,7.1,5.82,,3.7,2.87,30.1,29.93,,,0.0,0.0,,996.5,,,,,,,,,,,,,,,,,,,,,,0.0,,,
2024-12-04 10:00:00,68.13,160.0,9.06,35.95,26.49,,,1.18,39.67,,,,,,,,,,,,0,,,,91.95,214.5,11.28,41.0,30.98,41.6,8.83,0.84,24.64,2.94,6.9,1.88,,1.37,2.71,,35.82,1.41,63.34,,0,237.42,,0.14,94.27,178.72,24.53,29.6,54.02,59.89,43.44,0.06,23.78,0.28,,,,0.05,0.22,19.76,63.05,3.5,170.35,0.0,0.0,26.62,,,82.0,189.0,13.55,44.45,34.65,45.82,10.5,0.82,17.2,1.3,2.38,,,,,24.4,56.5,0.88,229.5,0.0,0.0,35.75,975.0,,116.0,168.0,6.28,34.2,23.28,46.98,15.05,0.61,103.98,0.0,0.02,,,,,24.02,56.0,0.72,312.75,0.0,0.0,45.0,995.0,,78.0,,15.25,45.65,36.72,39.28,11.1,0.76,87.7,4.58,4.93,,,,,25.68,51.5,2.05,266.25,0.0,0.0,156.0,965.0,,70.0,190.0,3.92,32.55,20.5,25.98,10.07,0.81,34.3,0.95,8.72,,,,,29.38,43.5,3.48,251.25,0.0,0.0,216.75,986.0,,118.0,279.0,3.1,35.67,20.7,28.65,12.78,0.94,46.6,0.35,5.98,,,,,27.52,50.5,1.3,54.0,0.0,0.0,217.25,976.75,,91.0,168.75,7.6,29.28,21.75,24.35,41.48,0.89,64.85,0.12,0.85,,,,,27.02,50.0,3.38,71.5,0.0,0.0,379.75,988.0,,111.1,171.25,18.95,36.79,34.98,36.16,16.41,2.7,32.66,2.6,7.02,5.81,,3.66,2.86,30.1,29.93,,,0.0,0.0,,996.5,,,,,,,,,,,,,,,,,,,,,,0.0,,,
2024-12-04 11:00:00,74.4,169.57,11.05,23.69,19.73,,,1.06,47.04,,,,,,,,,,,,0,,,,73.75,208.3,11.02,37.89,28.68,39.3,7.86,0.55,53.14,2.67,7.2,1.75,,1.31,2.46,,30.14,1.33,80.27,,0,280.9,,0.21,84.58,180.47,25.31,30.11,55.09,53.0,43.41,0.06,26.9,0.16,,,,0.06,0.08,22.0,55.86,3.16,155.01,0.0,0.0,37.22,,,78.0,172.0,11.52,47.08,34.4,46.1,11.42,0.98,18.3,1.12,1.72,,,,,26.02,49.25,0.8,209.25,0.0,0.0,40.0,975.75,,86.0,133.0,5.55,32.4,21.78,45.95,14.5,0.54,126.8,0.05,0.1,,,,,26.67,43.5,0.75,282.25,0.0,0.0,70.75,994.0,,84.0,,13.3,45.62,35.15,38.38,15.25,0.63,102.72,4.68,4.95,,,,,26.72,48.25,2.58,263.25,0.0,0.0,323.25,965.0,,72.0,179.0,2.12,32.17,18.85,26.42,10.72,0.74,45.02,1.05,10.52,,,,,30.52,40.75,3.47,256.25,0.0,0.0,264.75,986.0,,81.0,216.0,0.5,25.95,14.05,28.65,11.65,0.81,58.12,0.3,3.08,,,,,28.92,46.5,1.3,54.0,0.0,0.0,266.0,976.75,,77.75,161.5,6.35,25.2,18.55,26.25,41.75,0.81,85.2,0.12,0.72,,,,,28.58,44.0,3.32,72.75,0.0,0.0,257.25,987.0,,264.32,355.38,18.33,59.78,46.71,37.51,18.28,2.08,44.37,2.56,7.02,5.83,,3.72,2.91,30.1,29.93,,,0.0,0.0,,996.5,,,,,,0.0,,,0.0,,,,,,,,,,,,0.0,0.0,,,
2024-12-04 12:00:00,55.15,143.82,8.17,20.9,17.75,,,0.99,47.57,,,,,,,,,,,,0,,,,65.88,201.92,9.54,23.43,19.85,38.98,7.9,0.67,55.86,2.32,7.2,1.52,,1.1,1.97,,23.96,1.5,99.05,,0,274.62,,0.21,79.05,179.58,24.44,34.54,58.74,42.69,49.71,0.02,31.89,0.23,,,,0.04,0.13,23.83,47.47,3.9,168.77,0.0,0.0,46.49,,,65.0,185.0,7.9,39.9,27.75,45.78,13.42,1.08,20.25,1.08,1.95,,,,,27.38,42.25,1.05,199.0,0.0,0.0,57.25,976.0,,58.0,97.0,4.68,26.5,17.9,44.32,13.62,0.45,142.93,0.7,0.6,,,,,27.58,39.5,0.72,243.75,0.0,0.0,101.5,993.25,,59.0,,10.65,33.85,26.6,33.6,14.52,0.5,100.55,3.3,4.08,,,,,27.55,44.0,3.68,262.25,0.0,0.0,303.0,965.5,,62.0,173.0,2.4,31.65,18.8,26.1,12.55,0.59,50.25,1.0,12.2,,,,,31.4,37.5,3.75,279.5,0.0,0.0,283.0,986.0,,57.0,338.0,0.35,23.1,12.3,28.48,10.82,0.64,58.18,0.25,1.75,,,,,29.95,41.5,1.3,54.0,0.0,0.0,248.75,975.75,,66.5,149.5,4.35,16.6,12.35,27.82,39.48,0.74,108.0,0.1,0.88,,,,,29.68,39.75,3.42,91.75,0.0,0.0,187.0,987.0,,87.52,136.95,14.71,87.19,58.39,37.11,19.08,2.0,46.36,2.6,6.97,5.76,,3.7,2.89,30.1,29.93,,,0.0,0.0,,996.5,,,,7.21,16.25,3.9,50.36,,0.74,20.21,3.91,5.48,5.49,,4.34,6.06,,28.24,4.96,304.95,0.0,0.0,28.7,,
2024-12-04 13:00:00,37.56,117.03,8.2,16.58,15.49,,,0.86,49.1,,,,,,,,,,,,0,,,,62.62,210.98,7.18,12.56,12.51,40.65,7.99,0.62,55.94,2.13,5.75,1.56,,1.17,1.96,,19.14,1.52,94.61,,0,154.22,,0.01,48.86,152.89,23.46,37.94,61.25,36.19,44.37,0.14,40.59,0.18,,,,0.03,0.17,25.62,41.88,3.71,163.25,0.0,0.0,348.8,,,42.0,180.0,8.72,37.17,27.05,45.8,13.6,0.94,24.38,1.02,1.75,,,,,28.7,37.75,0.92,209.5,0.0,0.0,237.25,975.75,,45.0,94.0,3.88,24.25,16.05,38.1,12.92,0.41,146.38,0.6,0.7,,,,,27.5,36.75,0.75,275.5,0.0,0.0,49.0,992.0,,38.0,194.0,10.68,30.92,25.1,25.82,13.05,0.4,103.72,2.08,3.8,,,,,28.3,40.5,3.62,267.5,0.0,0.0,286.0,966.0,,,,,,,,,,,,,,,,,,,,,,0.0,,,,29.0,205.0,0.9,20.45,11.25,28.1,9.93,0.54,56.8,0.15,2.25,,,,,30.4,38.25,1.3,54.0,0.0,0.0,265.75,975.0,,51.25,143.75,4.22,10.25,8.88,27.62,37.97,0.58,108.75,0.1,1.12,,,,,29.7,38.0,3.58,78.75,0.0,0.0,111.75,986.0,,72.55,121.85,10.0,93.88,58.18,36.02,19.14,1.94,45.96,2.6,7.04,5.74,,3.74,2.87,30.1,29.93,,,0.0,0.0,,996.5,,,,7.13,17.4,11.99,54.35,152.46,1.91,21.54,3.89,5.68,5.57,,4.57,6.34,,26.18,5.46,311.9,0.0,0.0,28.7,,
2024-12-04 14:00:00,17.39,105.34,7.34,16.58,14.79,,,0.84,53.99,,,,,,,,,,,,0,,,,67.07,202.02,9.17,34.24,25.67,39.28,5.96,0.28,56.77,1.78,5.52,1.41,,1.04,1.71,,18.3,1.48,93.86,,0,75.92,,-0.12,37.98,163.74,24.1,28.42,53.84,40.36,47.56,0.62,41.86,0.2,,,,0.02,0.18,25.44,38.6,4.12,170.82,0.0,0.0,120.1,,,37.0,149.0,10.25,37.1,28.12,45.05,14.37,0.91,27.78,1.38,1.92,,,,,29.48,35.75,0.88,201.5,0.0,0.0,50.75,975.0,,24.0,99.0,3.22,23.22,14.98,32.4,12.62,0.32,145.18,0.4,0.45,,,,,27.4,35.0,0.78,272.0,0.0,0.0,43.0,991.25,,27.0,182.0,6.7,29.6,21.1,25.3,11.88,0.36,112.35,1.72,3.02,,,,,28.25,40.0,3.7,247.75,0.0,0.0,233.25,966.0,,,,,,,,,,,,,,,,,,,,,,0.0,,,,17.0,204.0,1.07,23.12,12.8,29.6,9.35,0.5,58.6,0.1,1.58,,,,,30.4,37.5,1.3,54.0,0.0,0.0,214.75,973.75,,37.25,128.0,3.95,9.0,7.98,27.0,37.55,0.52,106.78,0.1,0.88,,,,,30.22,35.75,3.25,72.75,0.0,0.0,308.0,986.0,,56.65,114.52,7.51,98.29,58.46,35.57,18.4,2.11,65.66,2.6,6.97,5.82,,3.72,2.87,30.1,29.93,,,0.0,0.0,,996.5,,35.72,59.52,6.87,18.28,16.51,51.69,1.86,0.29,58.9,3.8,5.83,5.66,,4.42,5.88,,26.55,6.29,302.49,0.0,0.0,28.7,,
2024-12-04 15:00:00,21.26,82.06,8.53,16.84,15.02,,,0.85,63.24,,,,,,,,,,,,0,,,,64.38,203.48,9.45,40.56,29.26,42.08,6.07,0.99,53.84,2.04,5.37,1.41,,1.05,1.82,,18.13,1.45,91.36,,0,48.0,,-0.18,28.08,131.88,24.3,25.55,49.26,42.9,46.24,0.6,38.6,0.34,,,,0.02,0.15,25.24,37.97,3.72,163.76,0.0,0.0,41.65,,,31.0,147.0,8.48,37.33,26.72,45.18,14.15,0.8,34.38,1.42,1.78,,,,,28.35,37.0,0.82,200.75,0.0,0.0,33.75,975.0,,18.0,74.0,3.38,23.4,15.22,30.35,14.23,0.29,146.85,0.38,0.38,,,,,27.08,35.0,0.72,268.5,0.0,0.0,36.25,991.0,,24.0,146.0,10.5,37.1,28.22,23.4,11.48,0.43,102.42,1.68,2.78,,,,,27.58,40.5,3.1,248.75,0.0,0.0,110.5,966.0,,,,,,,,,,,,,,,,,,,,,,0.0,,,,12.0,205.0,0.8,33.22,17.88,49.55,9.85,0.65,58.55,0.18,2.4,,,,,30.12,37.75,1.3,54.0,0.0,0.0,126.5,967.5,,28.75,114.75,4.7,10.72,9.52,29.78,36.52,0.62,104.15,0.1,0.82,,,,,29.98,36.0,3.23,80.75,0.0,0.0,135.25,976.0,,48.38,91.92,6.48,99.53,58.28,36.0,18.12,2.19,66.68,2.58,6.99,5.8,,3.69,2.93,30.1,29.93,,,0.0,0.0,,996.5,,42.11,70.18,7.18,17.8,15.39,51.74,1.1,0.11,74.34,3.87,5.92,5.56,,4.32,6.17,,,6.57,303.19,0.0,0.0,28.7,,
2024-12-04 16:00:00,20.74,64.45,7.44,20.11,16.74,,,0.86,65.31,,,,,,,,,,,,0,,,,74.25,200.32,10.18,45.59,32.52,40.0,5.18,1.07,55.77,2.46,5.71,1.54,,1.04,2.02,,20.48,1.12,90.9,,0,28.0,,-0.22,21.87,104.32,25.22,30.63,55.48,36.46,46.02,0.64,33.1,0.12,,,,0.04,0.16,24.42,39.38,2.53,166.22,0.0,0.0,24.88,,,30.0,144.0,6.6,46.0,29.88,45.25,14.18,0.99,34.85,1.65,2.6,,,,,27.85,38.0,0.75,204.5,0.0,0.0,24.5,975.0,,18.0,64.0,3.1,28.2,17.55,27.15,13.65,0.3,133.05,0.4,0.45,,,,,26.35,37.5,0.57,286.0,0.0,0.0,23.5,991.0,,31.0,134.0,9.55,44.35,31.4,26.28,11.38,0.58,95.4,1.9,3.78,,,,,26.6,42.25,2.43,269.25,0.0,0.0,24.25,966.0,,,,,,,,,,,,,,,,,,,,,,0.0,,,,20.0,190.0,0.8,25.5,13.75,35.33,9.57,0.62,56.62,0.18,5.72,,,,,29.05,39.5,1.3,54.0,0.0,0.0,28.75,969.25,,24.75,103.75,4.12,15.6,11.62,30.82,36.52,0.6,231.75,0.05,0.95,,,,,29.4,36.0,3.0,71.0,,0.0,64.0,986.0,,51.55,80.38,8.17,92.97,56.04,35.76,17.92,2.09,43.58,2.61,7.1,5.76,,3.73,2.82,30.1,29.93,,,0.0,0.0,,996.5,,39.03,65.05,7.16,18.43,10.98,46.68,,0.06,80.11,3.87,5.77,5.38,,4.17,6.16,,,6.0,298.05,0.0,0.0,28.7,,
2024-12-04 17:00:00,17.22,71.53,7.86,40.26,27.8,,,0.96,51.06,,,,,,,,,,,,0,,,,82.4,195.25,8.87,39.26,28.09,38.59,4.63,1.38,14.62,4.8,10.14,2.34,,1.5,3.38,,24.86,0.8,90.02,,0,15.02,,-0.24,29.48,102.21,25.63,31.32,57.24,36.85,37.67,0.74,25.38,0.26,,,,0.02,0.1,22.2,45.52,1.27,160.77,0.0,0.0,5.24,,,42.0,169.0,15.88,76.9,53.88,44.88,15.6,1.59,21.0,2.02,3.68,,,,,26.7,40.75,0.4,200.75,0.0,0.0,10.75,975.0,,16.0,59.0,4.8,35.75,22.88,25.9,13.4,0.3,88.42,0.3,0.35,,,,,23.9,47.5,0.52,323.75,0.0,0.0,6.25,991.0,,31.0,135.0,11.65,79.5,51.72,33.8,14.5,0.9,66.38,2.7,4.18,,,,,25.4,44.75,1.52,289.75,0.0,0.0,10.5,965.0,,25.0,119.0,4.13,47.2,28.5,25.9,11.1,1.01,29.07,1.67,24.07,,,,,28.77,39.0,1.2,278.0,0.0,0.0,6.0,985.33,,25.0,155.0,0.63,31.85,17.22,32.55,9.78,0.71,46.12,0.2,5.22,,,,,26.8,44.5,1.3,54.0,0.0,0.0,6.75,971.0,,23.25,89.75,4.92,23.55,16.52,31.62,36.05,0.68,234.45,0.05,0.95,,,,,25.05,52.33,0.75,74.5,0.0,0.0,13.0,981.0,,66.12,100.18,19.9,70.34,53.62,31.24,17.57,1.68,43.0,2.6,6.96,5.84,,3.66,2.96,30.1,29.93,,,0.0,0.0,,996.5,,44.18,73.63,7.26,18.88,12.2,49.19,18.61,0.14,81.02,3.93,5.94,5.62,,4.28,6.06,,,4.56,288.7,0.0,0.0,28.7,,
2024-12-04 18:00:00,39.98,90.38,8.18,61.74,39.48,,,1.14,30.9,,,,,,,,,,,,0,,,,106.5,198.0,13.27,56.69,39.9,41.05,7.3,1.1,15.05,10.09,17.56,4.65,,2.52,6.81,,28.63,0.85,85.57,,0,14.47,,-0.24,50.22,294.01,24.76,29.32,54.45,54.69,36.87,1.01,21.93,0.13,,,,0.02,0.12,19.28,58.44,0.2,168.11,0.0,0.0,,,,97.0,290.0,22.8,89.65,66.22,45.65,19.02,2.05,11.38,4.0,8.7,,,,,25.45,44.25,0.32,192.75,0.0,0.0,6.75,975.0,,20.0,69.0,6.02,41.35,26.88,22.4,13.58,0.36,69.65,0.52,0.57,,,,,21.3,58.5,0.42,304.25,0.0,0.0,3.0,991.0,,39.0,156.0,25.65,92.88,70.05,38.4,15.02,1.37,44.08,3.75,5.58,,,,,24.12,48.5,1.08,286.5,0.0,0.0,9.5,965.0,,47.0,185.0,3.52,48.75,28.8,26.02,11.9,1.32,13.1,2.0,41.62,,,,,27.68,41.5,1.18,268.0,0.0,0.0,5.0,986.0,,45.0,373.0,1.23,38.05,21.22,31.42,10.22,0.9,34.38,0.22,3.15,,,,,25.22,49.0,1.3,54.0,0.0,0.0,3.0,972.5,,24.5,90.5,6.25,38.17,25.4,29.52,36.07,0.78,16.85,0.05,0.85,,,,,22.42,68.0,0.78,70.0,0.0,0.0,8.75,986.5,,75.7,113.52,22.66,66.37,53.77,30.02,17.31,1.92,25.34,2.6,6.88,5.82,,3.71,2.89,30.1,29.93,,,0.0,0.0,,996.5,,48.82,81.37,7.33,18.03,16.68,47.58,17.6,0.15,84.59,3.88,5.82,5.62,,4.38,6.16,,,4.84,292.47,0.0,0.0,28.7,,
2024-12-04 19:00:00,53.96,126.8,36.14,96.81,80.84,,,1.6,16.31,,,,,,,,,,,,0,,,,102.78,219.42,14.12,62.95,44.82,44.44,8.95,2.03,15.28,11.28,40.58,7.13,,3.86,11.31,,30.96,0.86,91.1,,0,14.78,,-0.25,106.02,598.92,23.85,26.74,50.83,61.39,37.14,1.3,21.81,0.3,,,,0.01,0.13,17.21,66.77,0.06,169.01,0.0,0.0,,,,123.0,311.0,35.4,99.4,81.7,45.58,21.58,2.68,10.2,3.55,6.75,,,,,24.58,46.5,0.2,184.75,0.0,0.0,7.0,975.5,,40.0,91.0,7.1,43.42,28.88,24.6,12.75,0.42,55.82,0.75,0.85,,,,,20.48,62.5,0.3,276.25,0.0,0.0,3.0,991.75,,64.0,189.0,51.82,96.88,93.3,40.1,17.6,2.1,38.12,5.28,7.1,,,,,22.95,52.75,0.57,312.25,0.0,0.0,10.0,965.5,,101.0,254.0,6.12,45.35,29.08,25.92,7.8,1.43,13.1,2.25,45.75,,,,,27.52,42.0,1.48,292.0,0.0,0.0,5.0,986.0,,73.0,414.0,1.7,46.5,25.52,31.68,10.62,1.15,25.25,0.4,4.5,,,,,24.28,53.0,1.3,54.0,0.0,0.0,3.0,973.75,,27.25,85.25,9.1,53.58,35.9,28.12,35.38,1.0,5.05,0.08,0.98,,,,,21.0,75.25,0.72,51.75,0.0,0.0,9.0,987.0,,82.78,125.28,37.8,43.82,54.16,30.28,17.68,2.26,25.12,2.58,6.84,5.85,,3.66,2.86,30.1,29.93,,,0.0,0.0,,996.5,,55.01,91.68,7.18,18.34,15.67,49.79,14.47,0.12,87.07,3.84,5.75,5.35,,4.37,6.07,,,5.17,293.86,0.0,0.0,28.7,,
2024-12-04 20:00:00,80.72,159.0,63.1,102.58,105.86,,,2.06,16.42,,,,,,,,,,,,0,,,,110.38,228.55,11.64,44.18,32.97,40.71,9.06,2.69,7.74,14.02,65.91,8.33,,4.52,14.5,,34.69,0.76,74.72,,0,13.95,,-0.24,91.95,379.28,23.37,23.09,46.8,61.89,37.7,1.64,22.06,0.22,,,,0.04,0.09,16.35,69.75,0.15,168.97,0.0,0.0,,,,158.0,381.0,63.88,93.4,101.78,46.2,14.53,2.41,9.3,4.97,10.07,,,,,23.82,50.25,0.3,189.25,0.0,0.0,6.75,976.0,,47.0,89.0,8.08,40.5,28.1,29.15,12.95,0.59,53.82,1.02,1.12,,,,,19.95,63.75,0.32,250.75,0.0,0.0,3.0,992.0,,88.0,244.0,52.18,97.85,94.0,42.32,18.0,2.02,39.78,6.3,7.9,,,,,22.62,53.75,0.85,304.25,0.0,0.0,10.0,965.5,,73.0,226.0,5.75,46.02,29.12,25.48,7.7,1.71,8.98,2.65,48.08,,,,,26.48,45.5,0.85,290.25,0.0,0.0,5.0,986.0,,101.0,359.0,4.25,56.32,33.42,33.05,11.82,1.66,18.15,0.7,5.95,,,,,23.68,54.75,1.3,54.0,0.0,0.0,3.0,975.25,,32.5,103.25,27.1,57.28,52.5,26.7,35.75,1.28,4.25,0.1,1.27,,,,,20.42,78.75,0.78,55.0,0.0,0.0,9.0,987.0,,109.18,161.48,41.16,40.83,55.24,30.02,17.5,2.11,14.35,2.59,6.94,5.76,,3.69,2.86,30.1,29.93,,,0.0,0.0,,996.5,,54.85,91.42,6.95,17.87,16.04,47.63,13.61,0.15,86.76,3.85,5.74,5.57,,4.19,6.03,,,5.42,295.36,0.0,0.0,28.7,,
2024-12-04 21:00:00,89.06,186.97,39.07,100.82,85.38,,,2.09,14.85,,,,,,,,,,,,0,,,,121.62,240.2,10.72,40.7,30.37,42.55,9.93,1.85,7.24,16.19,78.12,9.97,,5.76,17.73,,38.55,0.71,55.44,,0,14.4,,-0.24,115.22,415.41,24.73,16.75,41.9,63.39,38.09,2.01,21.82,0.08,,,,0.02,0.09,15.9,71.11,0.16,168.14,0.0,0.0,,,,129.0,295.0,48.82,93.75,89.75,46.1,12.88,1.9,9.65,4.25,6.45,,,,,23.5,51.0,0.35,210.5,0.0,0.0,6.5,975.75,,70.0,106.0,7.05,41.1,27.6,29.75,13.3,0.56,36.65,1.23,1.58,,,,,19.32,68.5,0.32,251.5,0.0,0.0,3.0,992.0,,91.0,218.0,49.2,98.22,92.25,41.38,26.88,2.09,39.33,6.28,7.1,,,,,22.42,54.5,0.82,296.0,0.0,0.0,9.75,965.0,,83.0,224.0,15.45,44.72,36.38,25.5,8.9,2.19,5.45,3.32,60.78,,,,,25.3,49.75,0.6,260.0,0.0,0.0,5.0,986.0,,193.0,498.0,4.28,57.8,34.22,31.4,14.18,1.5,18.7,0.78,10.95,,,,,23.68,54.25,1.3,54.0,0.0,0.0,3.0,975.75,,47.5,119.75,42.18,51.8,61.82,26.88,36.08,1.5,4.32,0.18,1.8,,,,,20.2,80.25,0.72,64.75,0.0,0.0,9.0,987.0,,120.02,184.95,43.34,36.68,54.74,30.68,18.86,2.42,15.38,2.6,6.91,5.78,,3.67,2.95,30.1,29.93,,,0.0,0.0,,996.5,,51.94,86.56,6.9,17.88,15.08,48.78,,0.22,87.96,3.81,5.76,5.4,,4.26,6.01,,,5.18,291.73,0.0,0.0,28.7,,
2024-12-04 22:00:00,91.56,178.41,57.8,92.89,96.45,,,2.15,14.64,,,,,,,,,,,,0,,,,111.42,247.27,10.96,45.39,33.06,37.98,11.26,1.36,7.46,12.18,71.24,10.36,,6.56,17.45,,38.27,0.76,70.28,,0,15.82,,-0.24,131.07,305.2,22.45,15.88,38.96,64.41,38.47,2.26,21.83,0.32,,,,0.06,0.08,15.18,72.96,0.34,123.71,0.0,0.0,,,,118.0,274.0,38.55,86.92,77.47,44.85,11.38,1.48,9.05,2.9,5.65,,,,,23.28,51.75,0.32,204.5,0.0,0.0,6.5,975.0,,75.0,121.0,9.05,47.12,32.38,33.62,12.5,0.64,22.6,1.23,1.32,,,,,18.58,72.25,0.32,221.0,0.0,0.0,3.0,992.25,,99.0,226.0,32.52,84.28,71.25,33.35,35.38,1.5,38.83,6.28,6.4,,,,,22.38,54.25,1.12,300.75,0.0,0.0,10.0,965.75,,117.0,252.0,25.9,44.28,44.62,25.7,10.45,1.82,5.58,4.62,81.0,,,,,25.15,49.75,0.72,284.75,0.0,0.0,5.0,986.0,,123.0,300.0,2.6,49.68,28.55,30.8,13.38,1.24,20.55,0.57,8.8,,,,,23.05,56.5,1.3,54.0,0.0,0.0,3.0,975.75,,70.75,135.75,56.9,50.8,73.3,27.25,36.42,1.59,3.6,0.2,2.6,,,,,19.95,83.0,0.78,74.0,0.0,0.0,9.0,987.0,,111.45,176.85,41.91,33.42,51.88,29.67,18.03,1.3,14.85,2.57,6.96,5.79,,3.7,2.84,30.1,29.93,,,0.0,0.0,,996.5,,53.81,89.68,7.25,18.71,12.31,47.83,,0.14,88.18,3.93,5.91,5.65,,4.2,6.19,,,5.56,284.95,0.0,0.0,28.7,,
2024-12-04 23:00:00,79.14,151.9,17.56,79.31,56.46,,,1.91,14.57,,,,,,,,,,,,0,,,,124.3,253.2,11.98,45.59,33.74,41.03,10.72,0.98,7.6,12.56,36.6,6.77,,4.24,11.47,,38.3,0.8,82.78,,0,15.83,,-0.25,133.54,267.5,20.79,15.58,35.33,65.35,38.28,2.31,21.79,0.13,,,,0.05,0.09,15.62,68.86,1.24,148.53,0.0,0.0,,,,106.0,233.0,23.05,77.88,60.1,45.72,8.95,0.84,9.22,2.22,3.88,,,,,23.28,49.75,0.35,185.25,0.0,0.0,7.0,975.0,,81.0,124.0,8.72,45.08,31.08,33.6,11.58,0.69,18.8,1.27,1.5,,,,,18.1,75.0,0.5,206.25,0.0,0.0,3.0,992.0,,85.0,175.0,24.0,72.65,58.12,30.12,17.0,0.9,47.52,5.1,4.85,,,,,22.2,53.25,1.18,278.5,0.0,0.0,10.0,965.75,,110.0,227.0,18.2,44.02,38.22,25.68,12.35,1.35,5.3,4.42,63.1,,,,,25.1,48.75,1.02,272.25,0.0,0.0,5.0,986.25,,105.0,240.0,1.78,40.12,22.78,29.9,12.3,0.96,25.1,0.48,5.65,,,,,22.82,56.25,1.3,54.0,0.0,0.0,3.0,975.75,,85.25,157.25,62.95,51.32,78.47,28.72,37.22,1.72,3.58,0.28,3.28,,,,,19.68,84.0,0.82,86.0,0.0,0.0,8.5,987.0,,106.67,170.17,42.37,32.94,52.01,40.23,16.51,0.82,11.27,2.57,6.91,5.75,,3.75,2.95,30.1,29.93,,,0.0,0.0,,996.5,,55.55,92.59,7.24,18.36,16.46,49.09,3.75,0.18,87.88,3.92,5.85,5.65,,4.27,6.04,,,5.68,280.97,0.0,0.0,28.7,,
2024-12-05 00:00:00,67.84,120.48,9.47,61.9,40.63,,,1.46,18.34,,,,,,,,,,,,0,,,,107.35,254.0,11.42,44.44,32.68,39.71,11.32,0.82,5.86,6.24,16.3,3.0,,2.15,4.85,,34.85,0.93,88.49,,0,14.58,,-0.25,115.16,212.65,22.52,14.61,37.26,63.79,38.26,2.18,21.39,0.09,,,,0.04,0.09,15.27,68.04,1.39,162.06,0.0,0.0,,,,109.0,241.0,23.8,74.92,59.2,46.15,7.8,0.6,9.52,2.45,5.8,,,,,22.72,49.75,0.35,186.0,0.0,0.0,7.0,975.0,,83.0,132.0,7.92,46.9,31.35,33.55,11.35,0.71,18.45,1.1,1.38,,,,,17.7,76.0,0.52,198.25,0.0,0.0,3.0,992.0,,83.0,162.0,19.18,69.68,52.68,29.48,13.08,0.73,50.18,4.08,4.18,,,,,21.45,54.75,1.02,298.5,0.0,0.0,10.0,965.75,,101.0,205.0,13.38,40.7,32.48,25.62,9.27,0.72,14.28,3.52,43.42,,,,,25.5,45.0,1.55,285.75,0.0,0.0,5.0,986.25,,86.0,180.0,2.08,37.65,21.7,28.88,12.23,0.86,23.28,0.43,3.7,,,,,22.28,57.5,1.3,54.0,0.0,0.0,3.0,975.75,,94.75,172.0,58.7,44.48,71.4,26.25,37.55,1.74,4.2,0.28,3.65,,,,,19.42,84.0,0.75,98.5,0.0,0.0,8.5,987.0,,95.12,152.32,42.26,31.74,51.32,47.3,15.6,0.7,10.74,2.55,7.01,5.82,,3.68,2.88,30.1,29.93,,,0.0,0.0,,996.5,,50.6,84.34,6.83,18.08,11.89,49.81,2.56,0.07,87.92,3.79,5.8,5.54,,4.31,6.11,,,5.07,277.45,0.0,0.0,28.7,,
2024-12-05 01:00:00,54.19,103.32,8.5,52.19,34.67,,,1.2,23.34,,,,,,,,,,,,0,,,,88.05,232.5,11.16,41.45,30.88,42.58,15.41,0.77,5.89,3.93,10.9,1.92,,1.4,2.72,,34.16,0.98,94.78,,0,14.38,,-0.26,97.39,167.8,20.14,17.37,36.92,63.22,37.91,2.03,21.29,0.18,,,,0.08,0.08,14.56,69.38,1.06,163.55,0.0,0.0,,,,100.0,211.0,24.08,79.0,61.4,45.62,7.38,1.04,7.8,2.0,2.38,,,,,22.15,51.25,0.35,206.0,0.0,0.0,6.5,975.0,,90.0,112.0,7.38,44.0,29.38,31.9,11.72,0.68,26.1,0.5,0.6,,,,,17.35,76.75,0.42,174.0,0.0,0.0,3.0,992.0,,80.0,151.0,13.28,60.52,43.15,31.08,11.12,0.57,49.2,3.5,3.88,,,,,21.18,55.0,1.3,281.75,0.0,0.0,10.0,966.0,,61.0,134.0,4.95,35.38,22.85,25.78,7.18,0.59,21.3,2.38,28.02,,,,,24.8,45.75,1.2,275.0,0.0,0.0,5.0,986.0,,110.0,229.0,2.0,40.95,23.42,30.55,12.15,0.75,21.6,0.43,3.85,,,,,21.7,58.5,1.3,54.0,0.0,0.0,3.0,976.0,,93.25,172.0,55.68,46.22,69.88,26.82,37.85,1.71,4.3,0.3,3.85,,,,,19.0,84.0,0.8,91.5,0.0,0.0,8.25,987.0,,98.15,155.93,41.87,29.94,49.98,46.54,15.62,0.36,11.92,2.6,6.96,5.82,,3.64,2.91,30.1,29.93,,,0.0,0.0,,996.5,,46.93,78.21,7.02,18.95,15.77,47.61,13.46,0.08,85.84,3.85,5.95,5.52,,4.19,6.02,,,5.85,275.88,0.0,0.0,28.7,,
2024-12-05 02:00:00,61.97,101.77,8.25,36.95,26.36,,,1.05,28.97,,,,,,,,,,,,0,,,,81.55,216.85,11.61,44.78,32.88,40.74,28.94,0.48,5.81,3.08,6.2,1.54,,1.11,1.98,,34.95,0.94,104.81,,0,13.98,,-0.26,94.08,160.12,21.95,19.8,41.85,63.06,37.89,1.87,21.25,0.36,,,,0.03,0.21,13.53,71.97,0.39,129.03,0.0,0.0,,,,108.0,211.0,17.6,72.2,52.8,46.3,,0.97,8.57,1.85,2.05,,,,,21.62,52.75,0.35,208.75,0.0,0.0,6.5,975.25,,53.0,106.0,7.5,41.9,28.4,23.1,12.0,0.76,26.15,0.65,0.8,,,,,17.12,78.0,0.3,263.25,0.0,0.0,3.0,992.0,,75.0,141.0,12.3,49.0,36.2,34.3,9.7,0.49,59.28,3.1,3.02,,,,,20.72,55.75,1.3,286.5,0.0,0.0,10.0,966.0,,52.0,110.0,3.82,30.4,19.25,25.9,6.42,0.5,19.52,1.78,20.82,,,,,24.17,47.5,1.08,273.75,0.0,0.0,5.0,986.0,,123.0,218.0,1.8,39.9,22.7,34.8,12.4,0.72,22.2,0.48,7.38,,,,,21.22,59.25,1.3,54.0,0.0,0.0,3.0,975.5,,97.25,159.75,51.0,45.6,65.7,27.0,37.8,1.53,4.28,0.3,3.32,,,,,18.62,83.25,0.7,144.25,0.0,0.0,8.75,987.0,,84.52,138.9,42.73,29.29,50.32,46.78,15.51,0.8,11.99,2.6,7.03,5.8,,3.62,2.91,30.1,29.93,,,0.0,0.0,,996.5,,44.78,74.63,6.83,18.77,14.71,48.06,14.49,0.08,85.31,3.78,5.9,5.32,,4.22,6.03,,,5.18,271.74,0.0,0.0,28.7,,
2024-12-05 03:00:00,76.55,114.7,10.05,29.47,23.84,,,1.08,33.1,,,,,,,,,,,,0,,,,101.55,199.35,10.9,33.31,26.13,42.51,22.97,0.51,5.95,2.58,5.16,1.44,,0.97,1.69,,36.67,1.12,102.27,,0,14.15,,-0.26,80.68,143.08,21.54,20.66,41.94,63.1,37.74,1.69,21.04,0.22,,,,0.02,0.15,12.82,72.42,0.44,109.93,0.0,0.0,,,,112.0,201.0,15.1,66.45,47.5,45.15,8.88,1.04,9.3,1.92,3.38,,,,,21.28,54.0,0.38,184.25,0.0,0.0,7.0,976.0,,74.0,102.0,7.7,43.8,29.55,48.48,10.47,0.76,16.38,0.9,1.08,,,,,16.73,79.75,0.3,235.25,0.0,0.0,3.0,992.0,,72.0,127.0,7.32,45.3,30.02,34.35,7.9,0.48,64.53,3.05,2.68,,,,,20.42,56.75,1.4,288.0,0.0,0.0,10.0,966.0,,46.0,102.0,4.25,28.82,18.77,26.52,6.42,0.44,24.2,1.6,15.48,,,,,24.22,47.25,1.72,293.5,0.0,0.0,5.0,986.75,,105.0,197.0,1.82,35.75,20.5,29.3,12.1,0.65,22.28,0.45,7.32,,,,,20.88,61.0,1.3,54.0,0.0,0.0,3.0,975.75,,85.5,135.75,51.68,35.2,60.72,23.22,36.08,1.12,4.12,0.28,2.75,,,,,18.05,82.0,0.7,150.0,0.0,0.0,9.0,987.0,,81.45,138.55,42.9,31.74,50.76,47.45,15.72,0.64,10.89,2.57,6.86,5.78,,3.65,2.82,30.1,29.93,,,0.0,0.0,,996.5,,42.02,70.02,7.44,17.91,10.7,51.16,18.21,0.06,86.7,4.0,5.79,5.24,,4.39,6.19,,,5.11,267.1,0.0,0.0,28.7,,
2024-12-05 04:00:00,67.21,108.51,9.57,37.63,25.75,,,1.0,29.73,,,,,,,,,,,,0,,,,83.18,194.7,10.88,44.11,32.21,35.85,8.56,0.4,8.24,2.16,6.43,1.5,,0.94,1.58,,38.99,0.89,78.48,,0,13.52,,-0.27,72.91,118.78,21.25,23.28,44.62,62.83,37.67,1.48,22.01,0.14,,,,0.04,0.21,11.9,74.9,0.11,138.57,0.0,0.0,,,,103.0,196.0,23.82,66.88,54.98,45.32,9.68,1.08,8.8,1.85,3.1,,,,,20.88,55.5,0.3,187.5,0.0,0.0,6.75,976.0,,70.0,103.0,8.18,41.35,28.62,38.38,9.62,0.77,17.35,0.92,1.32,,,,,16.5,80.0,0.3,236.25,0.0,0.0,3.0,991.25,,86.0,143.0,11.32,53.68,37.67,32.72,8.28,0.57,49.25,2.92,3.2,,,,,19.8,59.75,0.88,299.25,0.0,0.0,10.0,966.0,,52.0,96.0,3.62,27.75,17.7,26.08,5.6,0.44,24.35,2.05,13.65,,,,,23.6,50.0,1.0,271.5,0.0,0.0,5.0,986.25,,212.0,307.0,6.9,35.98,24.75,23.32,12.55,0.66,21.68,0.55,4.6,,,,,20.1,64.0,1.3,54.0,0.0,0.0,3.0,976.5,,78.75,129.75,65.88,27.85,68.38,22.92,36.9,1.0,3.72,0.2,2.45,,,,,17.7,83.0,0.72,140.0,0.0,0.0,9.0,987.0,,81.35,145.52,43.54,34.87,51.31,48.52,16.04,1.84,11.23,2.59,6.95,5.78,,3.69,2.91,30.1,29.93,,,0.0,0.0,,996.5,,42.25,70.41,6.83,17.73,12.6,47.15,16.64,0.06,85.93,3.79,5.74,5.72,,4.17,5.94,,,5.48,271.36,0.0,0.0,28.7,,
2024-12-05 05:00:00,58.2,86.11,8.9,45.76,31.58,,,1.05,15.0,,,,,,,,,,,,0,,,,115.35,181.02,10.35,44.92,32.12,34.53,8.8,0.4,8.34,2.43,7.14,1.38,,1.08,1.73,,39.28,0.79,71.39,,0,14.18,,-0.27,73.87,131.96,20.89,21.33,42.2,62.08,37.7,1.3,21.95,0.15,,,,0.07,0.07,11.32,76.6,0.39,138.43,0.0,0.0,,,,100.0,185.0,24.08,69.7,56.7,46.15,9.75,1.18,8.85,1.85,2.48,,,,,20.6,56.0,0.3,196.75,0.0,0.0,6.25,976.0,,,,,,,,,,,,,,,,,,,,,,0.0,,,,125.0,191.0,9.07,49.9,33.98,31.98,11.75,0.47,54.42,3.12,4.0,,,,,19.3,61.0,0.7,289.0,0.0,0.0,10.0,966.0,,51.0,99.0,4.4,27.08,17.98,26.08,5.25,0.46,19.45,1.55,13.78,,,,,23.18,50.25,1.12,285.5,0.0,0.0,5.0,986.25,,191.0,365.0,19.9,45.18,40.2,25.02,12.45,0.82,9.38,0.48,6.82,,,,,19.42,68.25,1.3,54.0,0.0,0.0,3.0,977.25,,78.0,126.25,62.47,22.32,62.65,23.28,36.2,0.9,3.72,0.2,2.22,,,,,17.25,87.75,0.72,91.5,0.0,0.0,9.0,987.0,,84.82,150.05,45.33,35.04,52.86,50.28,15.87,1.75,15.48,2.61,6.94,5.73,,3.67,2.83,30.1,29.93,,,0.0,0.0,,996.5,,43.45,72.42,6.8,17.93,15.86,51.62,4.21,0.12,86.58,3.76,5.74,5.54,,4.42,6.07,,,5.02,284.08,0.0,0.0,28.7,,
2024-12-05 06:00:00,64.25,108.52,20.49,57.23,47.08,,,1.11,11.56,,,,,,,,,,,,0,,,,85.1,175.32,11.62,35.4,28.28,40.79,8.44,1.1,8.32,2.44,5.3,1.41,,1.04,1.81,,38.74,0.86,40.75,,0,14.38,,-0.27,133.21,412.67,24.21,22.72,46.66,62.79,37.48,1.19,21.62,0.19,,,,0.04,0.13,11.94,73.38,1.4,159.21,0.0,0.0,0.05,,,126.0,212.0,23.7,65.62,54.08,45.65,10.12,1.23,8.0,1.52,2.1,,,,,20.32,57.25,0.4,219.75,0.0,0.0,6.25,975.0,,,,,,,,,,,,,,,,,,,,,,0.0,,,,113.0,188.0,8.82,51.42,34.62,26.6,14.55,0.48,53.45,3.38,3.82,,,,,19.18,60.25,0.68,286.0,0.0,0.0,10.0,966.0,,50.0,97.0,5.07,29.25,19.65,26.28,5.4,0.57,11.3,1.12,12.5,,,,,23.18,50.25,1.6,280.5,0.0,0.0,5.25,986.75,,101.0,230.0,17.4,42.5,36.78,25.52,11.3,0.83,9.22,0.38,11.35,,,,,19.1,70.75,1.3,54.0,0.0,0.0,3.0,978.0,,66.75,107.0,17.35,28.22,29.12,20.68,35.67,0.7,3.62,0.2,1.98,,,,,16.92,88.0,0.85,91.0,0.0,0.0,8.5,987.0,,65.6,165.18,46.72,36.64,54.82,51.89,15.85,1.81,15.86,2.6,7.05,5.79,,3.7,2.88,30.1,29.93,,,0.0,0.0,,996.5,,46.18,76.96,7.02,17.68,15.23,48.56,4.16,0.1,87.2,3.85,5.73,5.42,,4.24,6.15,,,5.45,283.58,0.0,0.0,28.7,,
2024-12-05 07:00:00,60.0,109.86,28.67,58.28,54.3,,,1.23,12.32,,,,,,,,,,,,0,,,,71.72,176.45,12.42,46.16,34.55,42.34,8.21,1.06,8.61,3.04,6.76,1.78,,1.3,2.22,,39.43,0.84,29.17,,0,26.12,,-0.24,95.92,153.3,23.88,24.08,47.94,62.02,37.36,1.12,21.64,0.42,,,,0.05,0.18,12.59,70.28,1.42,174.31,0.0,0.0,5.13,,,104.0,177.0,28.08,64.38,57.12,46.05,9.52,1.47,8.4,1.75,3.3,,,,,20.32,57.25,0.5,228.75,0.0,0.0,10.75,975.0,,,,,,,,,,,,,,,,,,,,,,0.0,,,,89.0,163.0,18.77,64.18,49.45,26.0,17.27,0.7,52.25,5.35,3.85,,,,,19.4,59.75,0.98,289.0,0.0,0.0,13.0,966.0,,85.0,130.0,10.07,33.52,26.02,26.08,7.65,0.93,6.15,1.23,11.88,,,,,23.25,50.25,1.75,269.25,0.0,0.0,17.0,987.0,,90.0,213.0,13.8,39.45,32.17,24.62,10.55,0.86,10.58,0.3,6.38,,,,,19.18,70.25,1.3,54.0,0.0,0.0,11.5,978.5,,66.0,114.5,18.88,28.48,30.5,33.45,39.5,1.52,12.4,0.2,1.68,,,,,17.3,88.0,0.92,64.25,0.0,0.0,19.0,987.0,,53.12,173.85,44.97,44.84,57.87,52.59,15.12,1.62,23.12,2.6,6.96,5.81,,3.69,2.95,30.1,29.93,,,0.0,0.0,,996.5,,49.75,82.92,7.24,19.86,16.15,48.13,4.47,0.14,86.94,3.92,5.98,5.6,,4.22,5.86,,,5.27,273.03,0.0,0.0,28.7,,
2024-12-05 08:00:00,55.12,115.15,27.55,63.89,56.4,,,1.3,13.91,,,,,,,,,,,,0,,,,64.28,186.85,10.48,33.47,26.24,39.33,8.43,1.62,24.5,3.66,8.2,2.17,,1.53,3.27,,36.33,1.1,30.32,,0,102.1,,-0.09,86.54,182.44,22.88,23.36,46.61,61.9,37.32,1.08,21.29,0.19,,,,0.03,0.31,14.21,65.28,2.05,167.75,0.0,0.0,11.92,,,91.0,195.0,28.52,67.62,59.28,45.3,9.03,1.43,8.75,1.78,2.3,,,,,21.2,54.5,0.65,235.5,0.0,0.0,21.0,975.0,,,,,,,,,,,,,,,,,,,,,,0.0,,,,112.0,216.0,32.1,69.42,62.98,28.8,19.18,1.12,53.2,6.48,4.9,,,,,21.08,56.0,1.5,254.75,0.0,0.0,73.25,966.0,,91.0,177.0,23.4,36.45,38.4,25.98,9.02,1.06,11.8,1.48,11.9,,,,,24.85,46.5,3.0,241.5,0.0,0.0,43.0,987.0,,83.0,199.0,13.7,38.38,31.52,24.9,10.58,0.92,14.52,0.3,3.65,,,,,20.23,66.5,1.3,54.0,0.0,0.0,30.25,979.0,,215.5,301.25,11.5,35.8,28.4,24.88,39.1,0.93,8.82,0.2,1.45,,,,,19.6,82.0,1.58,66.5,0.0,0.0,89.0,987.25,,61.72,199.45,41.13,52.38,58.67,52.37,14.99,1.56,22.68,2.58,6.94,5.73,,3.68,2.85,30.1,29.93,,,0.0,0.0,,996.5,,53.3,88.84,7.16,17.9,15.27,48.63,4.44,0.12,87.76,3.9,5.76,5.43,,4.25,6.14,,,4.42,260.61,0.0,0.0,28.7,,
2024-12-05 09:00:00,45.52,148.42,13.51,44.12,34.46,,,1.23,29.27,,,,,,,,,,,,0,,,,62.12,205.27,10.99,41.07,30.67,41.82,6.62,1.12,23.72,3.41,7.76,2.1,,1.44,3.2,,30.73,1.06,59.87,,0,192.2,,0.06,87.47,184.5,22.35,22.67,44.7,62.62,37.07,1.0,21.32,0.19,,,,0.03,0.19,16.37,57.54,2.36,171.29,0.0,0.0,17.08,,,97.0,211.0,15.28,57.18,42.92,45.85,10.18,1.15,15.1,1.82,2.38,,,,,22.2,50.75,0.7,221.25,0.0,0.0,28.0,975.0,,,,,,,,,,,,,,,,,,,,,,0.0,,,,110.0,266.0,17.98,50.28,41.48,25.28,22.1,0.92,65.88,6.2,5.0,,,,,23.38,48.75,1.85,272.25,0.0,0.0,173.0,965.0,,96.0,201.0,13.4,40.83,32.6,26.22,10.58,0.98,28.22,1.85,13.48,,,,,26.88,42.25,3.12,254.25,0.0,0.0,151.75,986.5,,99.0,250.0,11.48,43.65,32.55,25.32,12.98,1.0,27.0,0.38,4.53,,,,,24.1,52.25,1.3,54.0,0.0,0.0,129.5,979.0,,126.25,207.5,10.15,39.0,29.0,23.82,40.1,0.78,34.72,0.18,1.25,,,,,24.72,48.75,2.42,62.5,0.0,0.0,283.25,987.75,,53.9,177.05,35.85,57.88,57.39,50.91,15.8,1.39,32.23,2.58,7.0,5.81,,3.68,2.8,30.1,29.93,,,0.0,0.0,,996.5,,60.97,101.62,7.1,19.29,14.99,50.39,,0.09,87.56,3.88,6.03,5.38,,4.35,6.01,,,4.78,278.81,0.0,0.0,28.7,,
2024-12-05 10:00:00,67.88,165.46,11.08,34.89,27.58,,,1.12,48.04,,,,,,,,,,,,0,,,,78.25,209.32,10.8,40.8,30.42,41.71,7.57,0.64,25.66,2.69,6.02,1.77,,1.36,2.5,,26.96,1.06,52.63,,0,249.52,,0.16,68.06,166.86,22.51,23.91,46.39,62.88,36.78,0.91,25.15,0.51,,,,0.03,0.16,18.42,51.41,2.76,170.52,0.0,0.0,23.57,,,95.0,201.0,12.58,50.52,37.12,45.82,11.5,1.19,25.5,1.52,2.1,,,,,23.35,49.25,0.8,229.75,0.0,0.0,33.75,975.25,,,,,,,,,,,,,,,,,,,,,,0.0,,,,85.0,207.0,10.77,48.08,34.33,31.28,20.27,0.84,91.72,4.88,4.25,,,,,24.72,46.0,2.05,272.75,0.0,0.0,154.5,965.0,,84.0,204.0,5.32,37.25,24.1,26.3,11.58,0.8,49.5,1.68,14.38,,,,,28.42,38.75,3.22,249.5,0.0,0.0,220.5,986.25,,103.0,284.0,2.35,33.0,19.5,24.45,14.55,0.82,54.7,0.38,4.55,,,,,26.85,43.5,1.3,54.0,0.0,0.0,219.5,978.25,,68.0,157.5,9.88,32.53,25.35,23.35,41.65,0.66,65.9,0.2,0.98,,,,,26.48,42.0,2.8,68.0,0.0,0.0,393.25,988.0,,50.88,174.32,31.53,62.16,56.1,49.82,15.85,1.31,32.74,2.58,7.02,5.7,,3.64,2.9,30.1,29.93,,,0.0,0.0,,996.5,,65.68,109.46,7.12,18.76,15.27,49.74,,0.06,86.25,3.88,5.92,5.43,,4.31,6.13,,,5.05,300.64,0.0,0.0,28.7,,
2024-12-05 11:00:00,71.94,185.8,11.0,26.78,21.42,,,1.02,62.8,,,,,,,,,,,,0,,,,107.6,211.12,10.95,35.14,27.59,44.96,7.12,0.56,55.95,2.55,6.55,1.74,,1.31,2.32,,23.85,1.2,68.08,,0,286.15,,0.22,68.76,159.01,24.85,26.26,50.56,58.06,40.58,0.86,28.91,0.2,,,,0.02,0.13,20.48,45.71,2.8,163.19,0.0,0.0,32.74,,,95.0,189.0,9.65,43.92,31.32,46.22,12.52,1.13,36.45,1.65,2.68,,,,,24.75,45.0,0.88,219.25,0.0,0.0,38.75,976.0,,,,,,,,,,,,,,,,,,,,,,0.0,,,,85.0,226.0,7.05,38.08,26.0,33.38,18.1,0.64,117.98,4.5,4.18,,,,,25.7,44.25,2.28,266.5,0.0,0.0,323.5,965.0,,64.0,160.0,2.35,34.75,20.38,26.2,10.7,0.72,60.42,1.38,16.82,,,,,29.5,36.75,3.68,246.75,0.0,0.0,274.0,986.0,,80.0,224.0,0.85,25.85,14.0,25.98,14.2,0.7,65.9,0.3,3.48,,,,,28.12,41.0,1.3,54.0,0.0,0.0,267.25,977.0,,59.5,139.25,6.1,27.62,19.65,23.18,41.08,0.59,97.1,0.1,0.8,,,,,27.75,39.0,3.22,72.0,0.0,0.0,261.25,987.25,,48.38,162.55,29.46,73.27,60.52,46.72,16.58,1.17,45.0,2.59,7.02,5.72,,3.76,2.88,30.1,29.93,,,0.0,0.0,,996.5,,68.38,113.97,7.0,18.72,11.04,46.39,0.96,0.09,86.93,3.84,5.86,5.33,,4.12,6.23,,,5.23,300.99,0.0,0.0,28.7,,
2024-12-05 12:00:00,53.63,150.32,9.0,17.84,16.81,,,0.93,62.75,,,,,,,,,,,,0,,,,96.2,206.75,10.52,37.75,28.64,39.64,6.24,0.68,56.76,2.41,6.56,1.61,,1.21,1.96,,20.11,1.46,90.2,,0,269.08,,0.17,55.97,139.78,24.02,27.91,52.04,51.26,47.68,0.79,30.07,0.17,,,,0.05,0.15,21.77,41.88,3.42,151.9,0.0,0.0,45.34,,,63.0,161.0,10.05,38.6,28.62,46.22,12.2,0.92,46.5,1.72,1.7,,,,,25.82,40.75,0.92,220.75,0.0,0.0,56.0,976.0,,,,,,,,,,,,,,,,,,,,,,0.0,,,,73.0,197.0,6.6,39.48,26.1,30.48,17.42,0.5,126.02,4.12,3.85,,,,,26.9,41.75,2.72,284.0,0.0,0.0,309.75,965.0,,55.0,155.0,1.52,31.55,18.02,26.35,10.37,0.62,49.4,1.48,19.2,,,,,30.02,35.0,3.85,256.75,0.0,0.0,280.75,986.0,,52.0,202.0,0.73,23.82,13.25,25.22,14.72,0.62,69.12,0.25,2.5,,,,,28.45,39.5,1.3,54.0,0.0,0.0,241.5,977.0,,49.75,124.75,6.9,19.48,15.95,22.38,42.62,0.47,119.65,0.12,0.6,,,,,28.68,36.5,3.28,73.25,0.0,0.0,170.75,987.0,,47.95,141.28,28.94,101.56,75.18,31.03,16.85,1.13,45.39,2.56,6.92,5.81,,3.7,2.91,30.1,29.93,,,0.0,0.0,,996.5,,51.26,85.43,7.28,18.58,15.64,47.72,1.65,0.09,82.5,3.97,5.73,5.32,,4.09,6.13,,,5.87,297.04,0.0,0.0,28.7,,
2024-12-05 13:00:00,37.72,118.07,8.34,17.06,15.85,,,0.86,65.98,,,,,,,,,,,,0,,,,74.45,209.65,7.46,23.48,17.89,38.4,4.49,0.49,54.08,2.12,5.0,1.42,,1.0,1.78,,19.05,1.15,73.39,,0,158.57,,0.0,47.04,134.18,24.06,29.76,53.41,45.47,48.27,0.66,33.72,0.2,,,,0.02,0.12,23.21,37.22,4.46,172.16,0.0,0.0,354.2,,,48.0,153.0,6.58,33.55,23.2,45.82,11.98,0.8,50.38,1.58,1.3,,,,,26.85,37.75,0.88,224.0,0.0,0.0,232.0,975.75,,,,,,,,,,,,,,,,,,,,,,0.0,,,,58.0,212.0,7.98,30.22,22.35,28.38,17.02,0.42,123.08,3.2,3.05,,,,,27.25,39.75,3.08,281.5,0.0,0.0,285.75,965.0,,47.75,171.0,1.1,29.6,16.62,26.5,10.28,0.62,,1.12,20.52,,,,,30.18,34.25,3.92,273.75,0.0,0.0,253.75,986.0,,41.0,230.0,1.08,22.22,12.68,24.75,14.58,0.56,70.75,0.2,3.05,,,,,28.48,37.75,1.3,54.0,0.0,0.0,255.75,976.0,,40.25,111.5,4.65,11.65,9.95,20.92,43.5,0.37,134.95,0.12,0.5,,,,,28.38,35.0,3.62,79.5,0.0,0.0,108.0,986.25,,43.0,125.48,28.88,99.02,75.32,31.02,17.43,0.97,46.33,2.58,7.0,5.66,,3.7,2.83,30.1,29.93,,,0.0,0.0,,996.5,,44.3,73.83,7.32,19.22,10.68,49.83,1.97,0.09,81.3,3.84,5.83,5.56,,4.35,6.08,,,6.26,296.94,0.0,0.0,28.7,,
2024-12-05 14:00:00,21.9,94.06,12.93,18.74,17.02,,,0.86,66.39,,,,,,,,,,,,0,,,,67.72,206.6,6.16,30.85,16.9,35.47,5.38,0.25,55.09,2.1,3.96,1.28,,1.0,1.61,,18.81,1.34,89.56,,0,80.68,,-0.14,36.01,155.51,25.03,31.53,56.44,51.97,46.36,0.56,34.26,0.24,,,,0.04,0.17,22.92,37.54,3.85,169.38,0.0,0.0,115.3,,,32.0,145.0,8.22,36.35,26.02,45.1,13.07,1.05,52.58,1.42,1.45,,,,,27.65,36.5,0.88,214.5,0.0,0.0,53.5,975.0,,,,,,,,,,,,,,,,,,,,,,0.0,,,,46.0,201.0,9.5,36.12,26.82,25.35,12.75,0.35,116.55,2.6,2.62,,,,,26.78,39.75,3.28,293.75,0.0,0.0,205.75,965.0,,39.75,144.0,2.23,29.83,17.23,26.15,9.85,0.62,,0.95,15.68,,,,,29.98,34.75,3.88,274.75,0.0,0.0,201.25,986.0,,23.0,232.0,0.28,19.8,10.75,24.28,11.6,0.51,67.72,0.15,1.48,,,,,28.72,36.75,1.3,54.0,0.0,0.0,212.5,976.0,,26.0,111.75,4.75,10.18,9.25,21.28,42.52,0.35,145.32,0.08,0.38,,,,,28.58,35.0,3.68,71.25,0.0,0.0,306.25,986.0,,43.78,126.22,28.11,98.2,75.17,30.45,15.96,0.94,65.34,2.58,7.09,5.74,,3.68,2.79,30.1,29.93,,,0.0,0.0,,996.5,,45.93,76.55,7.02,17.88,15.0,49.51,2.82,0.25,80.56,3.98,5.71,5.48,,4.33,5.89,,,7.04,298.64,0.0,0.0,28.7,,
2024-12-05 15:00:00,18.4,86.42,9.07,14.84,14.23,,,0.79,73.37,,,,,,,,,,,,0,,,,68.88,199.05,6.76,20.69,16.22,39.4,4.76,0.84,55.32,1.96,3.38,1.25,,0.94,1.54,,17.63,1.32,84.16,,0,51.5,,-0.18,38.23,126.66,24.32,32.08,56.42,59.6,45.77,0.51,32.18,0.12,,,,0.05,0.34,22.82,36.02,2.92,153.28,0.0,0.0,44.75,,,35.0,128.0,7.88,36.05,25.42,45.12,14.2,1.0,54.42,1.52,1.4,,,,,26.75,37.0,0.82,210.5,0.0,0.0,33.0,975.0,,,,,,,,,,,,,,,,,,,,,,0.0,,,,35.0,152.0,8.9,38.33,27.48,24.78,10.62,0.4,106.18,1.92,2.33,,,,,26.05,40.25,2.9,292.25,0.0,0.0,111.25,965.0,,36.0,129.0,1.8,29.62,16.8,26.05,10.18,0.61,,1.05,13.42,,,,,29.7,34.0,3.22,283.25,0.0,0.0,129.5,985.5,,20.0,196.0,0.52,20.82,11.5,24.55,13.75,0.52,73.25,0.18,1.4,,,,,28.5,36.75,1.3,54.0,0.0,0.0,126.25,976.75,,28.75,125.75,5.22,12.72,10.98,21.52,42.22,0.6,148.07,0.05,0.45,,,,,28.42,34.5,3.0,73.75,0.0,0.0,128.25,986.0,,38.62,109.7,27.39,100.23,76.24,31.02,15.7,0.94,63.94,2.58,7.04,5.79,,3.7,2.9,30.1,29.93,,,0.0,0.0,,996.5,,49.11,81.85,6.98,18.36,15.07,48.15,5.82,0.36,78.13,3.9,5.74,5.54,,4.26,5.92,,,6.78,302.44,0.0,0.0,28.7,,
2024-12-05 16:00:00,25.38,64.54,10.4,21.51,17.69,,,0.8,73.82,,,,,,,,,,,,0,,,,77.32,181.3,9.17,44.63,31.2,37.8,3.76,1.18,55.04,2.3,4.5,1.38,,1.0,1.74,,17.94,1.19,83.49,,0,32.15,,-0.2,36.06,94.28,24.73,31.24,56.11,60.02,45.9,0.5,31.81,0.22,,,,0.04,0.08,22.27,37.49,1.94,154.27,0.0,0.0,26.64,,,32.0,121.0,7.5,45.65,30.32,44.38,19.25,0.98,58.2,1.7,1.5,,,,,26.45,36.75,0.72,195.5,0.0,0.0,25.25,975.0,,,,,,,,,,,,,,,,,,,,,,0.0,,,,40.0,135.0,11.68,50.35,36.62,25.12,13.8,0.59,96.5,2.15,2.82,,,,,25.32,41.25,2.38,306.25,0.0,0.0,25.0,965.0,,35.0,101.0,1.17,32.0,17.58,26.15,16.27,0.68,,1.1,17.12,,,,,29.35,34.0,2.33,274.25,0.0,0.0,52.5,985.75,,22.0,167.0,1.2,24.4,13.95,27.28,12.1,0.53,67.05,0.12,1.35,,,,,27.52,39.5,1.3,54.0,0.0,0.0,30.5,982.75,,28.0,111.25,4.35,14.42,11.2,21.45,44.72,0.72,146.62,0.08,0.62,,,,,27.38,37.25,2.15,73.5,0.0,0.0,51.0,986.0,,34.52,75.53,26.44,71.86,68.23,30.61,17.44,1.0,41.68,2.58,7.1,5.71,,3.7,2.9,30.1,29.93,,,0.0,0.0,,996.5,,51.22,85.38,7.28,17.64,15.13,52.5,6.97,0.28,79.21,3.82,5.77,5.54,,4.28,6.21,,,5.7,298.53,0.0,0.0,28.7,,
2024-12-05 17:00:00,28.68,68.88,8.91,42.63,29.9,,,0.96,53.81,,,,,,,,,,,,0,,,,104.52,181.8,9.96,48.99,34.16,38.42,3.66,1.46,15.66,3.76,6.38,1.93,,1.42,2.74,,26.9,0.7,79.07,,0,16.25,,-0.23,37.07,107.22,24.09,30.71,55.02,60.23,46.02,0.6,29.23,0.4,,,,0.05,0.1,19.45,51.06,0.55,159.61,0.0,0.0,3.95,,,45.0,147.0,14.08,77.97,52.88,44.85,19.92,1.62,31.75,2.22,2.3,,,,,25.3,40.75,0.28,196.5,0.0,0.0,10.75,975.0,,,,,,,,,,,,,,,,,,,,,,0.0,,,,39.0,138.0,15.8,89.35,60.12,22.2,17.95,1.14,58.38,3.05,3.8,,,,,24.05,45.0,0.88,304.0,0.0,0.0,10.75,965.25,,45.5,114.0,2.35,34.85,20.4,26.22,16.18,0.99,,1.68,27.62,,,,,27.35,38.5,0.92,284.25,0.0,0.0,7.5,986.0,,35.0,269.0,1.45,39.38,22.1,34.98,13.48,0.87,47.32,0.18,9.7,,,,,25.32,45.0,1.3,54.0,0.0,0.0,7.0,983.5,,33.75,93.75,4.85,20.6,14.88,23.82,39.52,0.87,87.52,0.08,0.75,,,,,23.88,53.75,0.68,121.25,0.0,0.0,17.5,986.0,,40.98,89.45,26.55,73.24,69.22,30.9,16.07,1.49,41.96,2.58,6.97,5.76,,3.71,2.92,30.1,29.93,,,0.0,0.0,,996.5,,47.3,78.84,7.14,17.51,14.98,49.01,17.07,0.15,82.11,3.84,5.84,5.44,,4.21,6.03,,,5.16,285.97,0.0,0.0,28.7,,
2024-12-05 18:00:00,53.61,117.82,108.41,124.19,154.03,,,1.86,19.54,,,,,,,,,,,,0,,,,81.7,175.18,10.58,53.61,37.12,37.37,4.26,1.98,15.32,6.2,13.28,2.99,,2.1,4.92,,35.91,0.68,100.19,,0,16.4,,-0.23,66.07,295.67,23.66,26.8,50.7,61.36,46.17,0.89,25.29,0.17,,,,0.01,0.11,16.5,64.36,0.32,139.56,0.0,0.0,,,,108.0,284.0,38.75,105.55,87.68,45.8,21.1,2.78,12.32,3.65,4.72,,,,,23.82,44.75,0.2,185.5,0.0,0.0,6.5,975.0,,,,,,,,,,,,,,,,,,,,,,0.0,,,,50.0,191.0,59.12,97.22,99.55,22.0,18.25,2.19,39.85,4.68,6.05,,,,,22.48,50.5,0.62,318.75,0.0,0.0,9.75,966.0,,67.25,162.0,2.88,43.5,25.48,25.62,12.8,1.51,,2.48,42.7,,,,,25.35,44.25,0.4,253.75,0.0,0.0,5.0,986.0,,63.0,384.0,2.1,58.8,33.0,36.08,14.9,1.16,29.55,0.8,25.85,,,,,23.85,50.0,1.3,54.0,0.0,0.0,3.0,984.25,,35.25,94.5,5.22,33.7,22.2,24.15,36.3,0.9,32.65,0.1,0.8,,,,,21.08,69.75,0.75,71.0,0.0,0.0,8.75,986.0,,47.4,100.6,28.13,69.01,75.53,31.22,15.96,1.48,25.02,2.58,7.03,5.84,,3.65,2.99,30.1,29.93,,,0.0,0.0,,996.5,,44.41,74.01,6.93,17.82,10.94,51.57,17.69,0.1,82.49,3.89,5.68,5.42,,4.29,6.0,,,5.03,282.07,0.0,0.0,28.7,,
2024-12-05 19:00:00,112.95,200.7,162.76,131.85,202.44,,,2.82,24.55,,,,,,,,,,,,0,,,,82.3,194.42,12.62,61.66,43.06,41.24,5.17,2.35,15.73,10.25,27.89,5.65,,3.67,9.54,,45.38,0.23,71.15,,0,17.38,,-0.24,85.96,420.29,21.98,23.7,46.14,62.78,46.75,1.24,25.12,0.22,,,,0.04,0.16,15.54,67.9,0.25,47.02,0.0,0.0,,,,174.0,417.0,106.37,106.37,143.0,47.47,24.5,4.16,9.63,5.1,6.83,,,,,22.67,51.0,0.23,166.0,0.0,0.0,7.0,975.33,,,,,,,,,,,,,,,,,,,,,,0.0,,,,85.0,290.0,85.1,98.2,121.18,23.88,19.62,2.83,44.18,6.38,8.28,,,,,21.82,53.25,0.55,313.75,0.0,0.0,10.0,966.0,,83.0,234.0,7.38,48.12,31.6,25.65,9.18,1.99,,3.88,59.7,,,,,24.18,48.5,0.3,253.25,0.0,0.0,5.0,986.0,,117.0,514.0,2.7,53.95,30.92,34.12,15.02,1.23,25.68,1.3,21.1,,,,,23.15,52.25,1.3,54.0,0.0,0.0,3.0,983.5,,35.0,91.5,9.85,58.15,38.95,23.18,36.1,1.14,7.25,0.1,0.82,,,,,20.05,74.0,0.8,76.0,0.0,0.0,9.0,986.75,,49.88,105.22,33.01,61.62,75.72,31.78,15.56,2.14,25.44,2.6,6.99,5.83,,3.76,2.99,30.1,29.93,,,0.0,0.0,,996.5,,47.12,78.52,7.12,18.22,15.11,47.87,10.91,0.06,86.22,4.01,5.76,5.38,,4.21,6.08,,,5.04,285.84,0.0,0.0,28.7,,
2024-12-05 20:00:00,141.84,284.77,225.65,133.79,254.56,,,3.46,26.84,,,,,,,,,,,,0,,,,80.68,210.25,10.14,50.74,35.24,39.05,5.54,3.26,7.37,12.66,57.15,8.29,,5.09,15.15,,49.99,0.39,107.86,,0,17.75,,-0.21,91.94,330.29,22.97,20.36,43.87,62.52,47.35,1.64,25.73,0.08,,,,0.01,0.08,14.87,69.97,0.37,52.71,0.0,0.0,,,,209.0,440.0,91.4,110.08,132.65,46.98,12.1,3.15,8.8,5.48,11.05,,,,,22.5,51.25,0.2,178.75,0.0,0.0,6.75,976.0,,47.0,100.0,5.2,,24.8,24.7,12.1,,69.4,1.1,1.3,,,,,19.4,58.0,0.3,280.0,0.0,0.0,3.0,991.0,,100.0,282.0,85.52,99.65,122.15,27.25,22.42,2.85,34.48,7.52,8.7,,,,,21.55,54.5,0.6,293.5,0.0,0.0,10.0,966.0,,99.25,223.0,22.7,47.15,43.55,25.75,8.15,2.66,,5.65,73.6,,,,,23.52,51.75,0.3,253.5,0.0,0.0,5.0,986.0,,175.0,498.0,2.88,50.42,29.12,33.52,14.1,1.42,25.0,0.98,13.02,,,,,22.65,53.75,1.3,54.0,0.0,0.0,3.0,982.25,,40.25,105.0,26.25,60.95,53.75,24.3,36.22,1.4,4.45,0.1,0.98,,,,,19.6,77.0,0.82,84.0,0.0,0.0,9.0,987.0,,67.92,141.6,40.44,54.87,77.96,32.5,17.1,0.94,15.31,2.6,7.01,5.78,,3.75,2.89,30.1,29.93,,,0.0,0.0,,996.5,,52.09,86.81,6.85,18.53,16.36,47.15,10.47,0.11,88.08,3.88,5.91,5.68,,4.24,6.14,,,5.08,301.29,0.0,0.0,28.7,,
2024-12-05 21:00:00,152.04,303.83,159.83,118.04,192.85,,,3.64,19.35,,,,,,,,,,,,0,,,,91.75,228.72,10.12,45.56,32.46,37.52,6.78,2.37,7.47,19.34,103.1,11.55,,6.92,20.96,,56.34,0.54,184.56,,0,17.38,,-0.22,108.34,316.78,21.54,17.9,39.77,64.72,47.58,1.99,25.33,0.2,,,,0.02,0.12,13.8,72.98,,32.58,0.0,0.0,,,,213.0,440.0,104.05,90.35,132.5,46.75,10.85,2.88,8.95,5.42,9.9,,,,,21.85,54.75,0.22,182.5,0.0,0.0,6.5,975.75,,47.0,100.0,3.32,32.22,19.88,30.35,10.83,0.57,74.2,1.02,0.9,,,,,19.12,58.5,0.32,277.25,0.0,0.0,3.0,992.0,,134.0,307.0,102.22,97.72,134.85,31.4,23.7,3.14,40.28,8.82,9.1,,,,,20.95,56.75,0.45,315.75,0.0,0.0,10.0,965.5,,112.0,265.0,46.65,42.72,60.6,25.58,8.65,2.98,,6.32,88.68,,,,,22.95,54.5,0.3,253.5,0.0,0.0,5.0,986.0,,143.0,395.0,4.03,56.12,33.12,44.58,16.85,1.43,16.58,0.8,8.38,,,,,22.18,56.5,1.3,54.0,0.0,0.0,3.0,982.0,,48.75,116.0,40.75,57.5,63.72,24.6,36.4,1.4,4.12,0.15,1.15,,,,,19.35,79.5,0.72,77.75,0.0,0.0,9.0,987.0,,71.4,146.65,41.34,48.71,75.57,31.96,16.12,0.55,15.56,2.61,7.02,5.82,,3.74,2.92,30.1,29.93,,,0.0,0.0,,996.5,,53.91,89.84,7.16,17.8,14.97,49.36,10.81,0.13,87.68,3.9,5.74,5.37,,4.29,6.16,,,4.92,324.94,0.0,0.0,28.7,,
2024-12-05 22:00:00,143.66,273.95,128.34,111.97,163.91,,,3.12,18.98,,,,,,,,,,,,0,,,,122.42,244.1,10.08,42.91,31.02,39.73,6.88,2.42,7.6,21.49,117.76,13.87,,8.44,24.66,,59.11,0.28,175.0,,0,17.82,,-0.22,119.59,283.89,21.53,14.49,36.44,64.44,47.71,2.16,25.36,0.25,,,,0.05,0.09,13.25,73.99,,32.47,0.0,0.0,,,,158.0,335.0,101.22,95.48,133.05,45.85,11.05,2.64,8.35,6.15,9.4,,,,,21.88,55.0,0.22,183.25,0.0,0.0,6.75,975.0,,51.0,95.0,4.0,29.3,18.88,27.85,9.22,0.53,61.0,0.82,0.75,,,,,18.45,63.25,0.48,174.75,0.0,0.0,3.5,992.0,,162.0,354.0,63.38,99.22,104.4,35.67,23.95,2.33,41.55,8.62,9.98,,,,,21.12,56.0,0.75,315.75,0.0,0.0,10.0,965.75,,134.0,276.0,68.2,42.45,78.05,25.3,9.52,3.51,,6.18,93.78,,,,,22.35,58.25,0.3,253.0,0.0,0.0,5.0,986.75,,161.0,403.0,6.85,61.35,38.2,49.6,22.72,1.52,12.85,0.6,16.12,,,,,21.65,59.25,1.3,54.0,0.0,0.0,3.0,982.5,,62.25,126.25,30.98,52.62,53.18,23.8,36.72,1.34,3.68,0.18,1.65,,,,,19.12,81.25,0.72,64.5,0.0,0.0,8.75,987.0,,78.0,160.62,42.5,42.52,73.12,31.37,14.75,0.68,15.37,2.6,7.01,5.86,,3.66,2.9,30.1,29.93,,,0.0,0.0,,996.5,,54.16,90.27,7.14,18.28,16.16,52.05,10.18,0.14,88.48,3.89,5.83,5.6,,4.44,6.04,,,4.36,333.37,0.0,0.0,28.7,,
2024-12-05 23:00:00,164.36,299.37,138.03,108.56,169.92,,,3.3,20.94,,,,,,,,,,,,0,,,,99.2,250.7,10.75,45.48,32.46,33.09,7.93,2.66,7.56,21.43,135.93,17.82,,11.9,30.54,,60.84,0.47,172.0,,0,17.6,,-0.22,126.02,237.47,21.1,14.55,34.89,64.91,47.9,2.22,25.39,0.16,,,,0.06,0.07,12.79,75.26,0.11,32.54,0.0,0.0,,,,176.0,359.0,81.7,87.55,112.82,45.75,8.7,1.97,9.12,4.58,7.8,,,,,21.32,57.5,0.25,163.25,0.0,0.0,7.0,975.0,,46.0,83.0,4.7,32.72,21.2,32.38,8.6,0.59,38.48,0.92,1.27,,,,,17.73,68.5,0.4,260.25,0.0,0.0,3.0,991.75,,111.0,226.0,38.9,88.58,78.72,34.95,15.6,1.6,45.12,7.2,8.18,,,,,20.72,57.0,0.55,316.0,0.0,0.0,10.0,965.75,,152.5,280.0,98.95,40.55,102.02,24.82,8.48,3.36,,7.08,90.9,,,,,21.95,61.0,0.3,252.75,0.0,0.0,5.0,986.0,,145.0,321.0,2.92,49.12,28.48,33.35,15.55,1.09,18.18,0.55,8.45,,,,,21.4,60.0,1.3,54.0,0.0,0.0,3.0,982.25,,72.75,129.75,25.05,48.12,45.95,21.7,36.65,1.47,4.15,0.2,2.28,,,,,18.95,84.0,0.72,87.75,0.0,0.0,8.5,987.0,,78.33,161.1,43.48,39.74,62.51,31.57,14.44,0.44,11.69,2.59,7.0,5.79,,3.66,2.91,30.1,29.93,,,0.0,0.0,,996.5,,50.3,83.84,6.93,18.61,15.2,48.83,12.68,0.14,87.64,3.82,5.8,5.41,,4.26,5.92,,,4.13,345.98,0.0,0.0,28.7,,
2024-12-06 00:00:00,156.42,263.71,102.91,105.27,139.74,,,3.13,13.97,,,,,,,,,,,,0,,,,150.8,255.4,11.08,48.87,35.0,37.6,10.07,2.42,5.9,17.95,118.54,16.96,,11.81,28.55,,64.04,0.67,129.06,,0,17.7,,-0.23,115.7,217.17,20.33,15.04,35.35,63.77,47.88,2.2,24.86,0.22,,,,0.03,0.13,12.42,75.87,,32.58,0.0,0.0,,,,170.0,289.0,81.12,77.22,107.02,45.98,6.12,1.66,9.7,3.38,5.58,,,,,20.72,61.0,0.2,163.5,0.0,0.0,6.75,975.0,,48.0,80.0,25.33,54.05,49.35,27.55,7.85,0.64,14.88,0.92,1.35,,,,,17.05,72.0,0.42,198.0,0.0,0.0,3.0,991.0,,100.0,206.0,28.45,81.43,66.3,34.9,12.9,1.13,53.5,6.48,7.02,,,,,20.27,58.5,0.62,314.25,0.0,0.0,9.75,965.75,,157.0,248.0,99.05,37.08,100.28,25.68,7.6,2.84,,7.58,85.98,,,,,21.52,63.25,0.3,252.0,0.0,0.0,5.0,986.75,,125.0,234.0,2.05,45.68,25.92,31.12,11.77,0.92,19.3,0.43,6.22,,,,,20.85,62.25,1.3,54.0,0.0,0.0,3.0,984.0,,81.75,130.0,10.27,45.9,32.78,22.3,37.15,1.31,4.53,0.2,2.55,,,,,18.82,84.0,0.8,51.0,0.0,0.0,8.25,987.0,,71.75,145.82,43.72,37.88,71.62,31.27,15.87,0.82,11.21,2.57,6.98,5.66,,3.73,2.84,30.1,29.93,,,0.0,0.0,,996.5,,46.3,77.17,7.45,18.7,11.79,53.09,11.05,0.09,89.09,4.0,5.93,5.51,,4.5,5.89,,,2.85,206.31,0.0,0.0,28.7,,
2024-12-06 01:00:00,110.36,192.36,61.86,96.3,101.55,,,2.59,12.65,,,,,,,,,,,,0,,,,107.02,250.52,8.74,32.61,24.22,40.11,10.83,2.3,5.92,14.59,94.99,14.24,,9.92,23.09,,64.84,0.36,152.07,,0,17.82,,-0.23,111.42,196.29,22.09,15.17,37.04,64.93,47.84,2.14,24.63,0.7,,,,0.02,0.12,12.01,77.31,0.11,32.52,0.0,0.0,,,,136.0,256.0,93.78,75.25,115.95,46.4,5.18,1.53,9.9,2.8,4.53,,,,,20.35,63.0,0.22,168.75,0.0,0.0,7.0,975.0,,59.0,80.0,24.35,58.98,51.22,32.17,7.85,0.57,8.0,0.78,0.95,,,,,16.8,73.75,0.4,316.25,0.0,0.0,3.0,991.0,,97.0,183.0,40.95,76.6,73.88,34.7,10.58,1.31,34.8,5.65,6.02,,,,,19.73,61.0,0.38,315.25,0.0,0.0,10.0,965.25,,158.0,239.0,89.9,36.58,92.55,25.5,5.75,2.4,,7.35,79.3,,,,,21.2,65.5,0.3,252.0,0.0,0.0,5.0,986.0,,158.0,263.0,78.72,55.45,93.28,33.92,12.4,1.1,18.1,0.43,5.75,,,,,20.45,65.5,1.3,54.0,0.0,0.0,3.0,985.0,,93.75,142.75,11.42,44.05,32.72,21.22,36.88,1.29,4.2,0.2,2.45,,,,,18.45,84.0,0.78,50.5,0.0,0.0,8.0,986.5,,72.38,145.2,44.48,37.24,72.08,31.88,16.42,0.36,12.23,2.61,6.96,5.72,,3.72,2.94,30.1,29.93,,,0.0,0.0,,996.5,,45.08,75.15,7.25,18.3,14.88,49.77,9.1,0.13,90.06,3.93,5.85,5.35,,4.31,6.12,,,3.33,268.14,0.0,0.0,28.7,,
2024-12-06 02:00:00,86.2,159.68,58.53,87.15,93.88,,,2.08,11.28,,,,,,,,,,,,0,,,,108.98,243.6,9.72,41.55,29.84,39.1,11.84,2.17,5.98,13.93,70.72,10.87,,7.52,17.33,,62.33,0.6,148.84,,0,17.88,,-0.24,108.09,173.92,23.71,15.54,39.41,64.73,47.76,2.07,24.56,0.1,,,,0.06,0.15,11.88,77.67,0.2,32.55,0.0,0.0,,,,145.0,254.0,111.8,81.6,134.4,47.1,,1.44,9.1,2.52,3.7,,,,,20.2,63.0,0.2,152.75,0.0,0.0,7.0,975.25,,58.0,108.0,22.5,,50.1,34.0,7.5,0.55,7.9,0.9,1.08,,,,,16.65,75.0,0.32,263.5,0.0,0.0,3.0,991.0,,110.0,205.0,25.1,64.1,53.9,33.2,9.3,1.17,31.88,5.55,7.12,,,,,19.4,61.75,0.35,314.0,0.0,0.0,9.5,965.25,,153.0,238.0,77.1,35.7,81.65,25.55,4.8,1.75,,7.25,69.88,,,,,20.98,65.75,0.3,252.0,0.0,0.0,5.0,986.0,,184.0,760.0,139.9,68.2,149.7,32.3,13.9,1.21,8.9,0.6,12.48,,,,,20.08,66.5,1.3,54.0,0.0,0.0,3.0,983.25,,85.0,138.0,8.7,41.0,28.9,21.7,36.7,1.11,4.55,0.2,2.22,,,,,18.23,84.0,0.82,63.0,0.0,0.0,8.25,986.75,,64.22,129.32,43.4,36.22,70.51,31.86,16.35,0.74,11.35,2.57,7.05,5.76,,3.71,2.88,30.1,29.93,,,0.0,0.0,,996.5,,46.23,77.06,7.27,18.3,15.42,49.05,11.04,0.14,89.98,3.94,5.84,5.46,,4.27,6.17,,,3.93,297.34,0.0,0.0,28.7,,
2024-12-06 03:00:00,87.06,163.96,73.22,82.48,103.45,,,1.94,10.47,,,,,,,,,,,,0,,,,118.35,230.9,8.96,36.72,26.82,40.07,12.38,1.63,5.87,12.79,51.04,7.82,,5.28,12.02,,56.58,0.75,251.26,,0,18.0,,-0.24,96.04,169.54,21.99,14.08,34.97,65.4,47.69,1.95,24.4,0.31,,,,0.04,0.23,11.72,76.91,,32.47,0.0,0.0,,,,124.0,199.0,55.62,72.05,83.65,45.3,4.1,1.22,8.7,2.55,3.72,,,,,20.18,62.0,0.25,186.0,0.0,0.0,6.75,975.75,,50.0,91.0,30.85,68.97,61.5,15.68,8.9,0.6,7.9,0.65,0.9,,,,,16.38,77.0,0.28,243.75,0.0,0.0,3.0,990.5,,103.0,202.0,39.65,70.15,69.45,24.25,9.72,1.08,30.17,5.18,6.65,,,,,19.52,61.25,0.48,304.75,0.0,0.0,9.75,965.75,,134.0,200.0,59.1,34.58,66.42,25.85,4.3,1.35,,6.22,59.92,,,,,21.0,64.25,0.3,252.0,0.0,0.0,5.0,986.75,,133.0,307.0,43.68,55.02,64.7,30.48,12.22,0.98,7.9,0.72,10.28,,,,,19.68,68.25,1.3,54.0,0.0,0.0,3.0,983.75,,86.25,135.75,30.78,49.45,51.3,22.55,37.02,1.4,4.0,0.22,2.25,,,,,17.85,83.5,0.72,92.0,0.0,0.0,9.0,986.25,,65.55,134.6,42.86,36.79,70.38,31.83,16.49,0.45,12.13,2.6,7.02,5.72,,3.71,2.85,30.1,29.93,,,0.0,0.0,,996.5,,48.52,80.86,7.17,17.54,15.86,47.5,15.88,0.12,91.05,3.9,5.75,5.54,,4.18,6.2,,,3.5,302.88,0.0,0.0,28.7,,
2024-12-06 04:00:00,75.85,134.45,30.86,68.94,61.79,,,1.52,9.18,,,,,,,,,,,,0,,,,88.78,223.48,10.39,42.71,31.16,42.62,12.18,1.68,8.19,8.83,35.45,5.39,,3.81,7.86,,55.36,0.62,320.37,,0,18.17,,-0.24,106.1,175.62,22.04,17.68,38.64,64.24,47.58,1.76,25.56,0.25,,,,0.04,0.07,11.97,74.29,0.55,45.16,0.0,0.0,,,,120.0,199.0,29.22,69.8,60.85,44.7,4.78,1.2,8.82,1.9,2.45,,,,,20.22,60.0,0.35,185.75,0.0,0.0,6.5,976.0,,53.0,105.0,31.75,53.62,54.35,13.68,9.85,0.64,8.72,0.92,1.23,,,,,16.3,77.25,0.28,245.75,0.0,0.0,3.0,990.0,,113.0,205.0,55.02,76.8,85.62,24.22,14.0,1.04,37.52,6.12,7.08,,,,,19.52,62.25,0.6,288.25,0.0,0.0,10.0,966.0,,124.0,186.0,47.38,33.95,56.58,25.4,4.03,1.32,,5.18,53.8,,,,,20.88,65.75,0.32,234.75,0.0,0.0,5.0,986.75,,97.0,237.0,25.65,54.9,50.03,28.22,9.57,0.84,7.72,0.45,4.22,,,,,19.5,69.5,1.3,54.0,0.0,0.0,3.0,984.5,,97.75,151.75,21.62,46.98,42.52,22.4,36.7,1.16,4.18,0.2,2.4,,,,,18.0,83.25,0.92,73.25,0.0,0.0,9.0,986.0,,64.22,132.98,41.78,38.33,70.38,31.46,16.12,0.79,12.12,2.6,6.93,5.77,,3.63,2.94,30.1,29.93,,,0.0,0.0,,996.5,,49.52,82.54,7.52,18.24,15.12,52.94,17.23,0.12,91.25,4.02,5.82,5.4,,4.49,6.13,,,4.11,293.86,0.0,0.0,28.7,,
2024-12-06 05:00:00,61.02,110.28,26.95,70.92,59.62,,,1.28,9.98,,,,,,,,,,,,0,,,,121.2,215.08,9.69,40.72,29.54,38.5,10.28,1.53,8.69,8.18,28.47,4.73,,3.41,6.86,,54.45,0.87,29.82,,0,18.95,,-0.25,82.97,140.84,19.58,19.14,38.74,63.06,47.42,1.5,25.7,0.09,,,,0.02,0.04,12.47,71.15,1.05,147.42,0.0,0.0,,,,147.0,250.0,45.18,66.42,72.0,45.88,8.72,1.37,8.88,2.35,7.42,,,,,19.7,64.25,0.3,141.0,0.0,0.0,7.0,976.0,,61.0,101.0,16.77,46.85,38.52,20.5,10.28,0.53,10.22,1.25,1.5,,,,,16.25,78.0,0.3,275.5,0.0,0.0,3.0,990.0,,153.0,251.0,46.45,75.2,77.75,28.88,19.9,1.04,46.02,7.28,8.15,,,,,19.32,63.25,0.7,301.75,0.0,0.0,10.0,966.0,,102.0,153.0,50.7,31.38,57.92,26.18,3.62,1.21,,4.28,46.48,,,,,21.15,65.25,0.52,185.25,0.0,0.0,5.0,986.5,,78.0,184.0,23.22,48.95,44.9,29.38,8.8,0.88,7.6,0.32,2.12,,,,,19.0,72.5,1.3,54.0,0.0,0.0,3.0,985.0,,84.5,151.0,7.72,40.45,27.78,22.08,36.3,0.8,10.95,0.2,2.12,,,,,18.23,84.0,1.0,67.5,0.0,0.0,8.75,986.0,,48.65,99.08,40.87,41.92,71.42,32.06,16.06,0.4,14.62,2.54,7.06,5.8,,3.72,2.9,30.1,29.93,,,0.0,0.0,,996.5,,48.38,80.63,6.94,18.13,11.18,47.97,24.0,0.04,90.91,3.82,5.89,5.36,,4.21,6.31,,,5.0,334.71,0.0,0.0,28.7,,
2024-12-06 06:00:00,57.43,111.11,28.67,65.21,58.0,,,1.26,10.39,,,,,,,,,,,,0,,,,98.32,212.82,10.64,43.04,31.55,42.21,9.1,1.34,8.33,6.08,17.55,3.68,,2.56,5.23,,53.38,0.91,28.29,,0,18.7,,-0.24,92.41,136.53,21.26,18.2,38.72,64.13,45.85,0.66,25.4,0.1,,,,0.04,0.22,12.74,69.82,0.66,167.02,0.0,0.0,0.05,,,120.0,205.0,42.28,61.62,67.28,45.45,8.65,1.4,8.4,2.33,6.28,,,,,19.42,66.25,0.28,146.25,0.0,0.0,7.0,975.0,,58.0,92.0,14.05,46.3,36.02,27.7,9.35,0.61,9.78,1.45,1.75,,,,,16.23,77.75,0.28,256.5,0.0,0.0,3.0,990.75,,118.0,189.0,48.1,74.9,78.25,34.35,20.62,0.98,39.7,7.52,6.55,,,,,19.12,64.25,0.85,296.5,0.0,0.0,10.0,966.0,,107.0,174.0,46.2,31.22,54.18,26.02,2.8,1.02,,3.38,34.67,,,,,20.82,67.0,0.4,290.0,0.0,0.0,5.25,986.75,,78.0,185.0,23.08,48.22,44.42,29.9,8.9,0.91,7.68,0.3,1.68,,,,,18.77,74.25,1.3,54.0,0.0,0.0,3.0,985.0,,67.0,129.5,4.55,36.5,23.12,20.98,36.02,0.66,18.9,0.2,1.85,,,,,18.52,81.25,1.23,72.25,0.0,0.0,9.0,986.5,,57.82,108.88,38.49,50.52,71.37,26.44,14.62,0.94,15.78,2.61,7.02,5.76,,3.73,2.92,30.1,29.93,,,0.0,0.0,,996.5,,50.47,84.11,7.06,17.9,15.18,50.5,21.24,0.08,91.83,3.86,5.76,5.41,,4.35,6.24,,,3.97,296.48,0.0,0.0,28.7,,
2024-12-06 07:00:00,63.63,116.42,42.44,66.85,70.04,,,1.34,12.54,,,,,,,,,,,,0,,,,88.85,213.7,8.06,23.5,18.76,40.03,10.62,1.34,8.68,4.59,10.12,2.61,,1.86,3.72,,49.05,0.84,15.67,,0,31.3,,-0.2,78.12,125.18,24.65,24.23,48.65,62.94,45.91,0.72,25.1,0.15,,,,0.06,0.16,12.41,71.44,0.9,156.39,0.0,0.0,5.62,,,102.0,204.0,44.42,66.12,71.28,46.68,7.48,1.77,8.4,1.98,4.55,,,,,19.75,64.75,0.4,210.0,0.0,0.0,11.0,975.0,,59.0,92.0,23.68,36.55,38.72,33.5,8.78,0.64,9.3,1.68,2.35,,,,,15.85,82.5,0.25,248.75,0.0,0.0,7.75,991.5,,132.0,226.0,24.55,59.58,51.78,36.85,19.85,0.98,39.2,7.25,6.18,,,,,19.18,64.25,1.05,280.0,0.0,0.0,13.25,966.0,,94.0,136.0,42.05,32.75,51.55,26.25,4.55,1.22,,2.65,23.88,,,,,21.9,62.0,1.23,290.25,0.0,0.0,19.75,987.0,,78.0,189.0,35.55,46.0,53.4,31.0,9.05,1.08,8.45,0.32,1.65,,,,,18.75,74.75,1.3,54.0,0.0,0.0,12.0,985.0,,61.5,123.75,12.6,39.78,31.38,21.55,36.45,0.78,13.7,0.15,1.62,,,,,18.42,83.75,1.15,64.75,0.0,0.0,20.0,987.0,,70.18,122.35,35.34,65.08,73.98,21.46,14.3,0.79,22.32,2.6,6.92,5.74,,3.68,2.94,30.1,29.93,,,0.0,0.0,,996.5,,52.64,87.74,7.2,17.3,16.5,49.88,12.74,0.1,91.15,3.97,5.92,5.7,,4.27,5.92,,,4.39,288.55,0.0,0.0,28.7,,
2024-12-06 08:00:00,74.22,143.83,35.65,74.89,68.86,,,1.46,12.16,,,,,,,,,,,,0,,,,106.8,220.65,10.08,47.75,33.6,38.64,9.62,1.2,25.61,4.27,8.32,2.6,,1.75,3.96,,40.8,0.94,53.12,,0,98.1,,-0.08,85.77,168.5,24.2,23.78,48.09,62.6,46.1,0.8,22.15,0.13,,,,0.02,0.14,14.2,66.61,1.54,170.83,0.0,0.0,14.26,,,103.0,227.0,40.2,75.32,72.72,46.55,6.47,1.61,8.98,1.98,3.48,,,,,20.65,60.25,0.57,227.25,0.0,0.0,24.0,975.0,,55.0,92.0,19.85,40.72,37.78,33.08,8.7,0.7,15.77,1.6,2.4,,,,,16.73,78.75,0.38,232.75,0.0,0.0,22.5,992.0,,111.0,208.0,32.05,69.25,62.9,37.72,22.68,1.31,45.15,6.8,5.98,,,,,20.62,59.5,1.12,297.5,0.0,0.0,68.5,965.5,,107.0,186.0,45.6,38.83,57.72,25.9,8.5,1.18,,2.75,19.65,,,,,24.48,50.5,2.58,253.0,0.0,0.0,50.25,987.0,,122.0,315.0,37.05,56.18,60.0,32.0,10.25,1.38,13.08,0.45,3.88,,,,,20.5,67.5,1.3,54.0,0.0,0.0,34.25,985.0,,62.5,145.75,42.05,76.08,74.65,22.22,38.5,0.95,10.48,0.18,1.48,,,,,20.9,71.25,1.42,61.5,0.0,0.0,85.0,987.0,,87.12,152.88,32.08,67.98,72.81,21.21,14.67,1.18,22.65,2.6,7.0,5.89,,3.66,2.86,30.1,29.93,,,0.0,0.0,,996.5,,67.6,112.67,7.5,18.12,11.21,52.26,15.99,0.16,87.95,3.92,5.91,5.41,,4.34,5.98,,,3.06,222.84,0.0,0.0,28.7,,
2024-12-06 09:00:00,44.91,146.76,12.89,50.44,37.31,,,1.29,22.92,,,,,,,,,,,,0,,,,131.42,224.25,10.37,49.48,34.75,40.1,9.63,1.01,24.96,3.8,8.33,2.36,,1.56,3.57,,33.88,0.98,44.5,,0,183.05,,0.06,79.58,165.5,23.07,23.42,46.68,62.85,46.02,0.83,23.44,0.12,,,,0.02,0.09,16.52,59.61,1.53,160.83,0.0,0.0,21.19,,,117.0,241.0,20.1,65.8,51.32,46.58,6.4,1.4,10.78,1.8,2.55,,,,,22.08,53.25,0.57,213.0,0.0,0.0,32.75,975.0,,80.0,128.0,13.45,48.65,37.37,41.2,10.3,0.72,37.6,1.65,1.65,,,,,19.58,68.0,0.35,283.25,0.0,0.0,35.25,993.0,,121.0,260.0,19.1,54.7,44.82,31.18,24.58,1.05,64.25,6.8,6.4,,,,,23.0,50.25,1.58,270.5,0.0,0.0,154.25,965.0,,105.0,218.0,18.45,49.58,41.38,25.85,12.08,1.14,,2.48,17.32,,,,,26.62,44.75,2.45,246.0,0.0,0.0,148.0,987.0,,171.0,404.0,14.1,64.7,45.85,33.8,13.52,1.33,30.65,0.68,8.0,,,,,24.38,52.5,1.3,54.0,0.0,0.0,120.25,985.25,,74.25,165.0,17.2,56.9,44.25,21.25,41.22,0.9,48.02,0.2,1.38,,,,,25.02,49.5,2.08,69.75,0.0,0.0,262.25,987.0,,72.2,128.17,30.22,70.83,72.71,21.22,15.52,1.11,33.24,2.6,6.94,5.64,,3.76,2.88,30.1,29.93,,,0.0,0.0,,996.5,,82.97,159.16,7.28,18.55,11.2,48.73,25.98,0.26,72.0,3.94,5.88,5.37,,4.25,6.09,,46.22,2.6,260.14,0.0,0.0,28.7,,
2024-12-06 10:00:00,90.7,213.67,12.63,43.54,33.19,,,1.24,48.92,,,,,,,,,,,,0,,,,100.25,242.18,10.72,50.57,35.62,35.94,10.91,0.89,25.49,3.35,7.83,2.08,,1.54,3.05,,27.34,1.04,62.48,,0,235.65,,0.15,75.61,154.71,24.48,23.84,48.05,54.9,50.1,0.88,36.64,0.39,,,,0.02,0.15,18.74,51.46,1.86,141.26,0.0,0.0,30.5,,,106.0,222.0,13.08,56.52,40.72,45.98,8.48,1.26,15.38,1.82,2.5,,,,,23.42,48.75,0.57,211.0,0.0,0.0,40.0,975.25,,102.0,158.0,9.48,45.72,32.0,43.65,11.8,0.67,89.9,1.3,1.1,,,,,22.85,52.5,0.45,283.0,0.0,0.0,45.0,993.0,,106.0,268.0,9.85,45.22,32.17,25.88,22.88,0.94,93.0,5.35,6.82,,,,,24.68,46.0,1.88,282.75,0.0,0.0,148.5,965.25,,111.0,228.0,5.6,46.47,29.25,25.92,14.55,0.88,33.63,2.05,18.02,,,,,28.35,39.25,2.65,248.5,0.0,0.0,210.25,986.0,,133.0,366.0,2.88,34.22,20.55,27.72,15.05,0.84,52.85,0.52,7.52,,,,,26.68,44.0,1.3,54.0,0.0,0.0,206.75,985.25,,77.25,163.75,9.35,42.7,30.32,20.2,43.0,0.86,88.95,0.18,1.23,,,,,27.22,41.0,2.2,70.75,0.0,0.0,365.5,987.0,,75.03,119.12,27.6,77.24,72.99,20.7,18.56,1.18,32.94,2.58,6.98,5.84,,3.68,2.9,30.1,29.93,,,0.0,0.0,,996.5,,87.85,175.7,6.88,18.46,7.66,49.02,,0.12,73.49,3.8,5.86,5.44,,4.27,6.04,,39.44,4.16,316.83,0.0,0.0,28.7,,
2024-12-06 11:00:00,86.29,183.2,8.83,26.82,21.44,,,1.02,74.98,,,,,,,,,,,,0,,,,105.1,240.57,10.04,42.97,30.98,37.8,10.32,0.97,53.86,2.85,7.19,1.74,,1.3,2.36,,23.86,1.02,81.86,,0,267.07,,0.19,75.98,170.74,24.09,25.68,49.64,48.34,50.58,0.88,36.84,0.24,,,,0.02,0.15,20.57,44.98,2.38,156.25,0.0,0.0,41.06,,,102.0,219.0,11.78,48.25,35.28,46.92,9.88,1.18,24.33,1.92,2.68,,,,,24.75,45.25,0.68,219.0,0.0,0.0,46.75,976.0,,86.0,145.0,6.45,35.88,24.32,39.05,14.82,0.39,140.07,0.75,0.52,,,,,25.78,37.0,0.62,232.75,0.0,0.0,78.0,993.0,,84.0,223.0,11.9,34.15,27.9,26.5,20.4,0.66,111.0,4.28,7.48,,,,,25.48,44.75,2.5,292.75,0.0,0.0,302.25,965.0,,84.0,174.0,3.5,,,,16.1,0.81,51.68,1.65,17.67,,,,,29.4,37.0,2.92,249.0,0.0,0.0,257.5,986.0,,69.0,194.0,1.8,25.6,14.3,27.08,13.48,0.75,62.77,0.35,3.5,,,,,27.85,41.75,1.3,54.0,0.0,0.0,254.75,981.5,,65.0,170.25,8.6,29.1,22.45,20.32,43.15,0.82,130.4,0.1,1.1,,,,,28.52,37.25,2.15,85.25,0.0,0.0,255.0,987.0,,103.38,128.35,23.08,94.36,70.26,19.11,26.0,1.67,37.44,2.6,6.97,5.83,,3.7,2.86,30.1,29.93,,,0.0,0.0,,996.5,,64.27,128.54,7.06,18.36,11.92,49.78,,0.62,75.8,3.87,5.89,5.27,,4.14,6.25,,32.07,5.15,308.02,0.0,0.0,28.7,,
2024-12-06 12:00:00,72.23,148.28,11.05,19.62,19.25,,,0.9,81.18,,,,,,,,,,,,0,,,,88.68,243.18,11.26,49.71,35.59,38.53,8.8,1.16,54.87,2.35,9.11,1.4,,1.15,1.84,,20.05,1.43,90.06,,0,257.85,,0.15,63.07,138.37,25.32,26.74,52.16,42.96,50.58,0.84,38.25,0.3,,,,0.01,0.14,21.79,42.06,2.72,146.7,0.0,0.0,56.92,,,86.0,183.0,8.7,37.48,27.1,46.2,9.82,0.93,33.25,2.0,1.92,,,,,25.8,39.75,0.7,229.0,0.0,0.0,59.75,976.0,,45.0,84.0,4.53,28.72,18.98,36.83,15.75,0.42,155.93,0.5,0.3,,,,,26.35,34.75,0.7,214.75,0.0,0.0,111.5,992.25,,69.0,172.0,13.9,32.6,28.67,25.5,19.95,0.51,110.12,3.58,8.4,,,,,26.35,41.5,2.95,288.0,0.0,0.0,279.5,965.0,,74.0,,,,,,,,63.47,1.65,20.62,,,,,30.1,35.25,3.18,263.5,0.0,0.0,269.75,985.75,,50.0,166.0,0.8,24.72,13.48,28.65,13.12,0.67,69.0,0.32,1.82,,,,,28.42,39.5,1.3,54.0,0.0,0.0,237.0,982.75,,56.5,176.0,4.42,17.32,12.85,21.35,43.58,0.7,161.8,0.12,1.1,,,,,29.08,35.0,2.65,83.5,0.0,0.0,165.0,986.25,,84.0,101.62,20.57,97.56,69.84,18.62,26.27,1.96,37.87,2.6,7.04,5.79,,3.66,2.95,30.1,29.93,,,0.0,0.0,,996.5,,45.19,90.37,7.2,18.67,11.69,50.05,12.26,0.38,84.98,3.95,5.83,5.35,,4.43,6.08,,24.94,4.79,303.23,0.0,0.0,28.7,,
2024-12-06 13:00:00,48.54,115.29,10.2,23.91,19.51,,,0.87,87.5,,,,,,,,,,,,0,,,,121.28,218.6,10.68,50.9,35.75,37.95,8.98,1.19,55.1,2.06,5.02,1.34,,1.03,1.56,,21.18,1.35,91.32,,0,153.95,,-0.04,63.48,140.47,23.52,28.06,51.18,38.23,50.57,0.79,38.34,0.22,,,,0.03,0.11,23.22,39.7,2.86,147.91,0.0,0.0,314.97,,,56.0,129.0,6.6,42.15,27.82,46.15,9.5,0.87,34.95,1.7,2.22,,,,,26.85,39.25,0.82,205.5,0.0,0.0,206.75,975.75,,35.0,83.0,3.98,25.72,16.92,34.58,17.4,0.31,166.6,0.5,0.48,,,,,26.08,35.25,0.68,237.0,0.0,0.0,52.0,991.0,,50.0,150.0,6.65,35.25,24.22,27.58,19.98,0.42,103.5,2.62,8.27,,,,,26.58,41.5,3.22,273.0,0.0,0.0,294.5,965.0,,57.0,149.0,,,,,,,63.6,1.25,18.48,,,,,30.3,35.25,3.28,259.5,0.0,0.0,249.25,985.25,,44.0,153.0,0.7,25.18,13.65,29.52,14.15,0.64,73.1,0.2,1.48,,,,,28.65,39.5,1.3,54.0,0.0,0.0,247.0,983.0,,52.0,154.5,4.75,20.58,14.8,22.88,51.75,0.7,182.75,0.1,1.25,,,,,28.65,36.5,2.65,84.0,0.0,0.0,139.0,986.0,,102.08,166.6,18.96,106.54,73.38,38.78,25.93,1.88,38.23,2.61,7.01,5.67,,3.64,2.89,30.1,29.93,,,0.0,0.0,,996.5,,30.66,61.32,7.32,17.71,15.28,50.21,5.45,0.51,89.94,3.9,5.76,5.41,,4.26,6.06,,23.06,5.03,316.77,0.0,0.0,28.7,,
2024-12-06 14:00:00,31.7,92.7,12.88,25.17,20.36,,,0.85,91.28,,,,,,,,,,,,0,,,,93.6,212.15,10.62,52.33,36.47,37.94,7.57,1.14,57.85,1.91,4.17,1.24,,0.94,1.54,,21.29,1.44,88.89,,0,83.5,,-0.17,52.42,125.59,25.28,29.23,54.47,34.98,50.53,0.74,38.85,0.45,,,,0.03,0.1,22.9,41.46,2.67,151.76,0.0,0.0,116.02,,,56.0,140.0,7.3,37.88,26.2,45.68,14.03,0.87,42.0,1.55,1.67,,,,,27.68,37.75,0.88,219.25,0.0,0.0,59.25,975.0,,40.0,85.0,3.28,24.92,15.92,33.07,18.6,0.36,172.58,0.55,0.3,,,,,25.88,36.5,0.65,281.75,0.0,0.0,48.75,990.0,,42.0,155.0,6.2,37.7,24.9,32.3,19.42,0.44,96.3,2.25,7.65,,,,,26.75,41.75,3.08,287.25,0.0,0.0,190.75,965.0,,50.0,151.0,3.35,41.2,24.6,26.05,12.75,0.7,61.1,1.0,16.73,,,,,30.2,36.0,3.05,258.75,0.0,0.0,196.25,986.0,,38.0,194.0,0.7,23.68,12.9,30.4,13.22,0.63,74.57,0.2,1.38,,,,,28.45,39.75,1.3,54.0,0.0,0.0,198.75,983.0,,57.0,159.75,5.08,16.25,12.75,22.98,47.15,0.69,190.85,0.1,1.5,,,,,28.75,36.75,2.75,81.75,0.0,0.0,286.5,985.25,,112.98,192.62,17.84,108.71,74.97,47.57,29.31,1.89,66.06,2.6,7.06,5.7,,3.66,2.96,30.1,29.93,,,0.0,0.0,,996.5,,22.98,45.94,7.2,18.04,15.54,50.2,10.89,0.5,72.0,3.86,5.78,5.5,,4.36,6.14,,17.21,5.63,319.39,0.0,0.0,28.7,,
2024-12-06 15:00:00,34.08,83.44,9.37,24.29,20.54,,,0.86,100.16,,,,,,,,,,,,0,,,,95.3,201.78,11.98,61.44,42.42,40.0,5.76,1.22,53.45,2.06,3.68,1.38,,0.97,1.6,,20.72,1.2,86.33,,0,53.05,,-0.23,59.3,126.33,24.57,29.7,54.31,34.6,50.6,0.72,38.87,0.25,,,,0.02,0.06,22.82,41.71,2.55,137.6,0.0,0.0,50.14,,,40.0,132.0,6.92,40.55,27.0,45.35,15.55,0.88,44.75,1.6,1.25,,,,,26.6,39.0,0.8,225.75,0.0,0.0,35.5,974.75,,38.0,81.0,3.78,23.65,15.65,32.33,19.0,0.32,171.5,0.45,0.28,,,,,25.6,36.75,0.62,224.25,0.0,0.0,37.5,989.0,,47.0,141.0,10.2,45.75,32.58,31.3,18.9,0.45,82.42,2.1,6.05,,,,,25.98,42.25,3.02,298.0,0.0,0.0,114.75,965.0,,58.0,146.0,4.75,38.15,24.15,26.0,11.9,0.66,,1.15,18.42,,,,,29.72,35.75,3.32,253.0,0.0,0.0,122.75,985.0,,31.0,213.0,0.43,24.05,13.15,30.22,13.5,0.6,74.3,0.18,1.42,,,,,28.2,39.5,1.3,54.0,0.0,0.0,117.25,983.0,,56.75,155.0,5.1,17.92,13.65,23.15,46.55,0.67,173.95,0.12,1.42,,,,,28.72,36.75,2.82,77.25,0.0,0.0,133.5,985.0,,98.92,172.6,17.09,111.12,75.68,48.58,32.94,1.74,64.54,2.58,7.02,5.77,,3.65,2.86,30.1,29.93,,,0.0,0.0,,996.5,,25.82,51.64,6.89,18.13,15.6,50.09,36.47,0.64,58.4,3.79,5.74,5.5,,4.31,6.07,,22.95,5.62,310.88,0.0,0.0,28.7,,
2024-12-06 16:00:00,29.74,78.3,8.37,24.64,19.92,,,0.9,97.9,,,,,,,,,,,,0,,,,81.8,199.78,10.36,42.86,31.22,39.27,7.04,1.4,56.4,2.2,4.66,1.44,,1.05,1.81,,18.52,1.24,95.89,,0,30.7,,-0.26,52.89,126.05,24.04,29.7,53.84,34.49,50.76,0.74,37.94,0.11,,,,0.03,0.06,21.98,42.08,1.52,149.11,0.0,0.0,27.17,,,48.0,127.0,8.9,43.32,30.18,46.2,16.52,0.84,48.98,2.38,2.17,,,,,26.0,37.0,0.68,193.75,0.0,0.0,24.25,975.0,,31.0,73.0,4.12,26.08,17.25,28.38,18.7,0.32,158.05,0.32,0.25,,,,,24.78,36.75,0.62,191.75,0.0,0.0,24.5,989.0,,42.0,127.0,8.22,52.52,34.42,29.0,22.28,0.62,70.65,2.15,4.08,,,,,25.0,42.5,2.33,307.75,0.0,0.0,25.75,965.0,,44.0,141.0,6.25,37.4,24.98,25.8,17.0,0.77,45.6,1.25,24.92,,,,,28.88,35.25,2.33,282.5,0.0,0.0,42.75,985.0,,34.0,167.0,0.6,27.75,14.85,30.08,13.9,0.66,65.95,0.15,1.58,,,,,27.1,41.25,1.3,54.0,0.0,0.0,30.75,983.25,,47.0,134.0,6.0,19.42,15.23,21.85,46.32,0.65,152.35,0.1,1.12,,,,,27.38,38.75,2.1,79.25,0.0,0.0,53.0,985.0,,84.25,152.22,16.66,109.96,74.57,47.3,34.03,1.99,42.79,2.6,7.02,5.77,,3.72,2.95,30.1,29.93,,,0.0,0.0,,996.5,,23.98,47.96,7.19,17.93,12.23,50.47,35.65,0.56,72.57,3.91,5.8,5.62,,4.35,6.09,,22.78,5.72,326.2,0.0,0.0,28.7,,
2024-12-06 17:00:00,25.3,61.62,9.22,42.5,30.1,,,0.87,77.58,,,,,,,,,,,,0,,,,61.45,177.12,9.3,33.75,25.52,42.64,6.87,1.41,15.57,3.04,6.91,2.03,,1.49,3.01,,25.54,0.76,99.75,,0,16.15,,-0.28,44.44,124.08,24.8,28.56,53.42,51.08,47.0,0.83,34.63,0.17,,,,0.02,0.12,19.63,50.78,0.5,153.29,0.0,0.0,4.09,,,47.0,150.0,15.0,80.35,55.02,45.82,17.92,1.53,29.7,3.0,2.58,,,,,24.95,39.25,0.32,194.25,0.0,0.0,10.25,975.0,,24.0,72.0,4.28,34.08,21.6,27.38,15.75,0.37,112.08,0.35,0.38,,,,,22.65,46.75,0.48,271.75,0.0,0.0,7.0,989.0,,47.0,143.0,22.28,93.35,68.0,23.4,16.2,1.1,50.95,2.65,4.08,,,,,23.83,44.5,1.15,317.75,0.0,0.0,10.5,965.0,,45.0,157.0,9.55,91.68,56.68,24.08,11.0,1.02,28.58,1.65,94.62,,,,,27.02,38.0,1.0,279.0,0.0,0.0,7.5,985.0,,35.0,224.0,1.52,36.25,20.52,28.98,12.45,0.74,48.12,0.18,1.95,,,,,24.85,45.75,1.3,54.0,0.0,0.0,7.0,984.0,,41.0,119.75,4.35,28.9,18.88,22.95,42.2,0.73,97.88,0.1,1.2,,,,,24.32,52.25,1.08,58.75,0.0,0.0,17.5,985.0,,62.9,145.52,17.79,108.62,74.66,48.14,32.38,2.26,41.06,2.56,6.96,5.71,,3.68,2.91,30.1,29.93,,,0.0,0.0,,996.5,,24.28,48.55,6.94,18.01,15.37,48.47,21.29,0.52,81.17,3.82,5.78,5.44,,4.24,6.06,,,5.42,314.04,0.0,0.0,28.7,,
2024-12-06 18:00:00,38.94,83.84,63.86,111.45,111.06,,,1.4,30.17,,,,,,,,,,,,0,,,,42.3,177.95,8.7,36.82,26.66,39.8,6.55,1.42,15.53,3.78,11.28,2.75,,2.01,4.41,,43.08,0.3,92.9,,0,15.9,,-0.27,74.92,348.49,23.55,26.08,49.88,61.51,46.38,1.04,33.71,0.29,,,,0.04,0.07,16.34,63.61,0.11,137.04,0.0,0.0,,,,122.0,304.0,41.4,113.48,94.0,46.52,24.38,2.74,13.6,4.95,6.25,,,,,23.52,44.75,0.2,174.5,0.0,0.0,6.75,975.0,,34.0,72.0,4.82,41.32,25.9,28.8,14.25,0.36,75.03,0.43,0.45,,,,,20.05,57.25,0.35,223.25,0.0,0.0,3.25,989.0,,50.0,189.0,65.78,95.18,103.85,22.88,12.0,2.06,38.65,4.1,6.22,,,,,22.22,49.0,0.6,322.5,0.0,0.0,10.0,965.75,,46.0,151.0,10.88,85.0,54.02,26.05,10.8,1.53,7.65,1.6,57.12,,,,,24.7,44.75,0.4,277.75,0.0,0.0,5.0,985.75,,52.0,362.0,4.77,57.8,33.55,29.6,11.98,1.12,25.75,0.22,3.28,,,,,23.45,49.25,1.3,54.0,0.0,0.0,3.0,984.75,,38.5,109.5,4.97,43.78,27.35,23.68,37.15,0.9,38.83,0.1,1.25,,,,,21.17,68.0,0.75,67.75,0.0,0.0,9.0,986.0,,74.22,170.78,20.54,104.45,74.77,48.1,31.38,2.38,25.01,2.58,7.01,5.8,,3.74,2.84,30.1,29.93,,,0.0,0.0,,996.5,,25.31,50.62,6.95,16.89,11.62,45.34,19.47,0.4,87.91,3.79,5.7,5.47,,4.06,6.26,,,4.76,292.46,0.0,0.0,28.7,,
2024-12-06 19:00:00,99.32,188.28,187.47,144.81,229.31,,,2.86,37.38,,,,,,,,,,,,0,,,,51.72,196.48,9.52,35.94,26.86,40.58,5.56,1.8,15.56,6.21,19.22,4.61,,3.19,7.76,,51.52,0.36,188.66,,0,17.27,,-0.26,85.33,373.87,23.48,22.85,46.65,62.35,46.88,1.41,33.53,0.08,,,,0.04,0.11,14.91,68.5,0.25,150.17,0.0,0.0,,,,202.0,466.0,72.5,117.08,121.12,44.88,30.62,3.68,10.6,5.5,10.25,,,,,22.35,51.0,0.22,169.25,0.0,0.0,6.5,975.5,,46.0,86.0,5.98,48.6,30.7,31.12,13.12,0.5,50.75,0.65,0.88,,,,,19.12,60.75,0.4,138.0,0.0,0.0,3.75,989.5,,91.0,276.0,91.2,91.55,122.38,24.08,15.38,2.91,38.65,6.32,8.7,,,,,21.28,53.5,0.45,322.0,0.0,0.0,10.25,966.0,,77.0,219.0,12.08,67.88,45.9,24.58,9.15,2.18,0.85,3.78,56.7,,,,,23.52,50.0,0.32,253.0,0.0,0.0,5.0,986.0,,128.0,575.0,6.12,65.4,39.72,31.8,12.6,1.43,21.78,0.68,8.88,,,,,22.95,51.25,1.3,54.0,0.0,0.0,3.0,982.5,,35.75,93.5,7.22,59.9,37.75,23.58,36.48,1.09,9.93,0.1,1.82,,,,,19.75,74.25,0.8,64.0,0.0,0.0,9.0,986.0,,91.92,210.52,26.08,99.49,76.79,49.08,30.83,3.41,25.08,2.58,6.97,5.88,,3.62,2.91,30.1,29.93,,,0.0,0.0,,996.5,,38.29,76.58,7.22,17.91,15.46,48.87,17.68,0.74,89.08,3.92,5.78,5.46,,4.26,6.27,,,5.12,262.56,0.0,0.0,28.7,,
2024-12-06 20:00:00,144.54,277.22,246.72,155.38,283.17,,,3.97,39.73,,,,,,,,,,,,0,,,,42.28,229.68,11.44,51.12,36.49,40.17,6.62,2.25,7.5,10.38,32.78,7.98,,5.42,14.5,,57.26,0.46,102.16,,0,17.58,,-0.25,94.84,342.0,23.1,17.59,41.61,63.3,47.66,1.94,34.28,0.06,,,,0.03,0.06,14.03,71.6,0.25,150.68,0.0,0.0,,,,206.0,454.0,133.12,105.55,164.72,47.45,10.0,3.48,10.0,5.0,8.02,,,,,21.5,56.0,0.28,145.5,0.0,0.0,6.75,976.0,,68.0,124.0,7.62,49.9,32.75,37.38,13.15,0.7,38.88,1.15,2.3,,,,,18.65,62.5,0.43,153.25,0.0,0.0,3.5,990.0,,118.0,345.0,155.48,97.08,178.7,28.52,19.08,4.14,42.28,8.1,10.88,,,,,20.62,58.5,0.32,321.0,0.0,0.0,10.5,966.0,,116.0,272.0,18.98,48.68,41.35,23.6,8.43,2.88,1.27,4.62,55.22,,,,,22.88,54.5,0.3,253.0,0.0,0.0,5.0,986.0,,193.0,515.0,28.0,70.42,60.2,34.97,13.35,1.95,13.5,1.08,12.45,,,,,21.85,57.0,1.3,54.0,0.0,0.0,3.0,982.25,,41.75,102.5,37.08,71.15,67.97,22.85,36.95,1.37,4.05,0.1,1.95,,,,,19.1,77.5,0.82,49.5,0.0,0.0,9.0,986.0,,110.1,241.8,36.94,95.25,83.48,52.35,33.15,2.03,14.81,2.57,7.17,5.85,,3.79,2.9,30.1,29.93,,,0.0,0.0,,996.5,,46.53,93.06,7.06,17.08,15.88,49.13,14.89,0.82,87.71,3.86,5.7,5.54,,4.27,6.16,,,4.77,262.69,0.0,0.0,28.7,,
2024-12-06 21:00:00,136.79,275.08,315.81,149.6,336.4,,,4.14,32.71,,,,,,,,,,,,0,,,,61.12,248.5,12.64,70.47,47.75,36.78,6.57,2.2,7.7,14.03,49.49,12.82,,7.97,21.4,,59.83,0.49,109.27,,0,17.47,,-0.26,124.95,376.92,21.96,12.24,34.2,65.81,48.27,2.55,34.0,0.08,,,,0.04,0.17,13.28,74.84,0.11,150.01,0.0,0.0,,,,200.0,465.0,190.48,104.58,210.38,47.32,9.4,3.88,10.3,5.85,9.25,,,,,21.02,59.5,0.3,140.25,0.0,0.0,7.0,976.0,,83.0,161.0,7.78,46.45,31.05,32.58,13.7,0.68,29.32,1.55,2.8,,,,,17.92,67.0,0.4,261.75,0.0,0.0,3.0,990.0,,164.0,498.0,204.52,98.6,218.35,34.45,20.45,4.45,51.32,9.17,12.95,,,,,20.15,61.5,0.3,324.0,0.0,0.0,11.0,966.0,,134.0,302.0,41.25,42.0,55.88,23.18,9.22,4.26,1.18,4.53,57.52,,,,,22.22,59.75,0.3,253.0,0.0,0.0,5.0,986.0,,197.0,451.0,27.98,70.62,60.32,34.62,12.55,1.59,10.65,1.15,10.38,,,,,21.08,60.5,1.3,54.0,0.0,0.0,3.0,982.75,,53.75,140.75,40.72,68.2,69.38,22.58,37.35,1.54,4.4,0.12,2.35,,,,,18.8,78.5,0.8,58.25,0.0,0.0,9.0,986.0,,,,,,,,,,,,,,,,,,,,,,0.0,,,,51.31,102.63,7.28,18.1,16.16,48.7,3.34,0.6,88.26,3.94,5.8,5.6,,4.25,5.93,,,5.15,266.22,0.0,0.0,28.7,,
2024-12-06 22:00:00,138.77,267.04,176.51,133.55,214.62,,,3.53,26.38,,,,,,,,,,,,0,,,,53.08,262.73,11.59,41.63,31.57,40.99,10.23,1.72,7.51,18.06,74.46,13.53,,8.29,22.77,,63.84,0.56,189.82,,0,17.55,,-0.26,143.1,370.01,21.34,8.94,28.72,67.28,48.84,2.95,33.95,0.17,,,,0.03,0.22,12.86,76.52,0.16,150.0,0.0,0.0,,,,214.0,447.0,173.18,94.55,191.0,45.28,9.8,3.78,10.18,6.1,10.98,,,,,20.8,61.75,0.28,147.75,0.0,0.0,7.0,975.0,,96.0,164.0,7.9,47.82,31.82,30.22,14.48,0.66,21.35,1.58,4.8,,,,,17.3,71.0,0.48,170.25,0.0,0.0,3.25,990.0,,199.0,670.0,160.93,103.78,186.0,37.95,21.65,4.15,49.92,8.98,13.32,,,,,20.02,61.5,0.38,319.0,0.0,0.0,9.5,965.5,,169.0,348.0,72.5,39.72,80.1,23.18,9.48,5.32,1.23,5.48,67.18,,,,,21.72,63.5,0.3,253.0,0.0,0.0,5.0,986.0,,151.0,333.0,6.57,58.5,36.5,33.25,11.98,1.4,14.8,0.8,7.92,,,,,21.28,58.5,1.3,54.0,0.0,0.0,3.0,983.25,,111.75,196.25,36.7,62.78,63.22,24.92,38.12,1.76,4.8,0.2,3.4,,,,,18.62,79.0,0.85,70.5,0.0,0.0,9.0,986.0,,,,,,,,,,,,,,,,,,,,,,0.0,,,,55.27,110.54,6.7,18.54,15.18,45.88,6.02,0.65,86.59,3.74,5.86,5.41,,4.1,6.22,,,4.98,270.92,0.0,0.0,28.7,,
2024-12-06 23:00:00,179.98,303.98,211.54,126.74,239.36,,,3.72,20.97,,,,,,,,,,,,0,,,,74.6,279.7,13.12,54.54,39.67,40.6,11.0,1.96,7.79,26.22,116.46,16.98,,10.57,29.09,,66.25,0.34,247.8,,0,17.53,,-0.26,143.12,272.83,19.05,5.74,22.68,68.33,49.13,3.14,34.05,0.16,,,,0.03,0.2,12.47,76.81,0.38,138.98,0.0,0.0,,,,217.0,404.0,137.15,93.85,161.5,45.52,7.38,3.12,10.12,5.92,10.0,,,,,20.6,62.0,0.3,155.5,0.0,0.0,7.0,975.0,,113.0,160.0,17.25,56.4,44.3,31.28,14.02,0.87,14.08,1.9,6.5,,,,,16.68,74.75,0.32,261.0,0.0,0.0,3.0,990.0,,205.0,476.0,166.98,103.68,190.82,43.05,18.65,4.48,51.58,9.93,14.82,,,,,19.65,63.75,0.3,322.75,0.0,0.0,9.25,965.5,,199.0,377.0,106.78,38.12,107.1,23.12,10.35,5.93,1.23,6.32,76.92,,,,,21.35,67.0,0.32,253.0,0.0,0.0,5.0,986.0,,150.0,285.0,26.75,62.5,55.0,34.02,12.35,1.44,12.45,0.75,7.05,,,,,20.8,60.75,1.3,54.0,0.0,0.0,3.0,984.25,,163.75,235.0,64.08,62.18,85.18,32.3,39.9,2.14,5.1,0.28,4.78,,,,,18.68,80.0,0.8,68.75,0.0,0.0,9.0,986.0,,,,,,,,,,,,,,,,,,,,,,0.0,,,,56.36,112.72,7.34,16.89,15.51,50.74,10.66,0.69,87.03,3.91,5.73,5.48,,4.37,6.1,,,4.55,286.48,0.0,0.0,28.7,,
2024-12-07 00:00:00,183.68,312.44,192.86,118.38,219.8,,,3.86,18.52,,,,,,,,,,,,0,,,,91.65,283.6,11.85,50.94,36.73,41.78,10.3,2.76,5.93,28.57,198.58,20.04,,12.91,35.09,,70.68,0.56,218.63,,0,17.45,,-0.26,160.21,265.86,20.12,7.26,26.44,66.61,49.28,3.16,33.46,0.16,,,,0.08,0.11,11.95,78.59,0.13,105.54,0.0,0.0,,,,175.0,316.0,125.02,82.8,145.82,45.58,3.7,2.34,10.07,4.0,6.4,,,,,20.25,62.25,0.32,149.75,0.0,0.0,7.0,975.0,,136.0,184.0,13.38,49.08,37.67,37.28,13.02,0.82,12.22,2.02,7.52,,,,,16.3,75.75,0.32,273.0,0.0,0.0,3.0,989.75,,193.0,414.0,149.05,91.22,169.98,44.7,22.2,3.54,51.9,10.2,13.88,,,,,19.55,64.0,0.43,323.5,0.0,0.0,10.25,965.75,,232.0,404.0,136.38,37.6,130.93,22.98,10.07,4.92,0.92,7.48,86.88,,,,,21.15,67.0,0.32,253.0,0.0,0.0,5.0,986.0,,216.0,599.0,53.8,72.85,82.48,34.83,13.77,1.52,10.7,0.75,12.68,,,,,20.8,60.5,1.3,54.0,0.0,0.0,3.0,985.0,,215.5,306.0,84.75,53.4,97.3,29.12,40.9,2.7,4.58,0.38,5.98,,,,,18.38,83.75,0.75,93.0,0.0,0.0,9.0,986.0,,,,,,,,,,,,,,,,,,,,,,0.0,,,,56.11,112.22,7.1,17.7,12.06,50.16,10.38,0.53,88.18,3.88,5.71,5.58,,4.34,5.92,,,4.87,263.02,0.0,0.0,28.7,,
2024-12-07 01:00:00,158.79,278.88,181.47,112.72,207.53,,,3.4,17.21,,,,,,,,,,,,0,,,,85.1,276.0,10.66,40.57,30.24,41.23,11.03,2.73,5.82,27.87,178.65,19.45,,12.43,33.21,,68.04,0.45,241.37,,0,17.6,,-0.27,146.5,237.45,18.56,5.73,23.16,67.74,49.28,3.13,33.11,0.22,,,,0.07,0.07,11.49,80.14,0.31,104.08,0.0,0.0,,,,146.0,274.0,96.5,86.05,124.12,46.18,1.03,1.89,9.5,3.42,5.32,,,,,20.18,61.0,0.3,160.75,0.0,0.0,7.0,975.0,,138.0,164.0,27.08,55.28,51.42,34.38,12.45,0.82,9.0,1.48,5.32,,,,,16.12,77.0,0.3,251.75,0.0,0.0,3.0,989.0,,172.0,368.0,114.6,85.02,138.25,42.98,23.25,2.66,49.5,9.2,11.98,,,,,19.3,64.25,0.35,322.75,0.0,0.0,9.5,965.5,,205.25,342.0,148.87,37.13,140.3,22.83,6.67,3.81,1.8,7.97,90.03,,,,,20.9,67.33,0.3,253.0,0.0,0.0,5.0,986.0,,208.0,566.0,30.78,66.65,60.45,38.48,13.4,1.36,11.1,0.75,18.0,,,,,20.4,62.75,1.3,54.0,0.0,0.0,3.0,984.75,,175.75,272.25,106.28,44.48,110.08,28.48,40.68,2.51,4.3,0.52,6.4,,,,,17.92,84.0,0.82,69.75,0.0,0.0,8.75,986.0,,,,,,,,,,,,,,,,,,,,,,0.0,,,,55.25,110.5,7.26,18.97,11.81,48.36,11.03,0.54,87.38,3.93,5.96,5.52,,4.23,6.26,,,3.69,271.53,0.0,0.0,28.7,,
2024-12-07 02:00:00,124.27,246.7,120.71,100.25,151.51,,,2.93,14.78,,,,,,,,,,,,0,,,,58.52,269.58,11.16,46.28,33.69,38.64,12.26,2.46,5.92,21.0,121.63,15.24,,9.65,25.86,,69.14,0.25,218.42,,0,17.42,,-0.27,129.28,221.22,18.8,3.97,21.27,69.78,49.45,3.06,33.06,0.13,,,,0.03,0.2,11.07,81.36,0.3,98.9,0.0,0.0,,,,147.0,262.0,88.8,82.2,115.8,47.0,,,9.63,2.55,4.15,,,,,19.7,64.0,0.32,152.75,0.0,0.0,7.0,975.5,,94.0,143.0,24.7,58.8,51.4,35.3,13.1,0.77,7.65,1.32,3.05,,,,,16.27,77.0,0.35,262.5,0.0,0.0,3.0,989.0,,149.0,288.0,88.5,63.4,105.3,39.1,18.4,2.35,28.25,8.18,10.72,,,,,18.88,66.75,0.38,301.5,0.0,0.0,8.5,965.0,,172.75,283.33,147.3,35.38,138.6,23.12,5.32,3.05,1.2,7.75,88.0,,,,,20.75,67.5,0.38,253.0,0.0,0.0,5.0,986.0,,184.0,323.0,70.8,64.6,91.5,37.2,13.8,1.35,11.23,0.82,22.88,,,,,19.77,67.75,1.3,54.0,0.0,0.0,3.0,984.0,,151.25,226.25,119.3,38.3,117.4,26.9,41.2,2.75,4.5,0.4,6.07,,,,,17.5,83.5,0.78,106.25,0.0,0.0,9.0,986.0,,,,,,,,,,,,,,,,,,,,,,0.0,,,,55.56,111.1,7.33,18.45,16.02,51.84,10.11,0.66,89.26,3.96,5.86,5.57,,4.43,6.24,,,3.61,299.04,0.0,0.0,28.7,,
2024-12-07 03:00:00,109.56,202.15,129.59,107.98,162.75,,,2.45,13.42,,,,,,,,,,,,0,,,,51.48,260.38,9.59,34.16,25.85,40.1,13.87,2.23,6.01,15.16,78.74,11.87,,7.18,19.5,,69.01,0.56,309.21,,0,17.18,,-0.28,129.48,229.71,19.27,6.84,25.01,69.36,49.48,3.0,32.92,0.16,,,,0.04,0.1,11.01,81.22,0.55,112.21,0.0,0.0,,,,157.0,284.0,89.85,76.72,113.75,45.58,4.0,1.76,11.78,2.58,4.38,,,,,19.5,64.75,0.32,155.5,0.0,0.0,6.75,976.0,,90.0,149.0,35.3,76.0,67.95,21.78,7.8,0.83,9.12,1.3,4.62,,,,,15.98,76.75,0.32,263.75,0.0,0.0,3.0,989.0,,179.0,332.0,138.68,80.38,155.6,34.05,11.28,2.38,33.28,9.65,12.88,,,,,19.23,65.25,0.65,303.25,0.0,0.0,9.5,965.5,,146.5,248.25,141.52,35.55,133.98,23.02,5.22,2.66,1.52,7.35,83.4,,,,,20.9,66.5,0.48,180.5,0.0,0.0,5.0,986.0,,215.0,585.0,56.45,60.28,77.78,34.88,12.3,1.19,8.95,0.9,27.42,,,,,19.55,68.0,1.3,54.0,0.0,0.0,3.0,983.75,,140.75,215.5,133.98,26.3,122.9,26.8,40.22,2.57,4.22,0.43,6.02,,,,,17.15,82.0,0.98,115.25,0.0,0.0,8.75,986.0,,,,,,,,,,,,,,,,,,,,,,0.0,,,,54.67,109.34,7.41,18.63,11.58,52.15,,0.4,90.1,3.98,5.87,5.46,,4.44,6.18,,,4.58,311.99,0.0,0.0,28.7,,
2024-12-07 04:00:00,103.08,181.9,121.34,96.7,150.16,,,2.3,13.12,,,,,,,,,,,,0,,,,60.12,251.88,10.49,38.21,28.86,39.43,13.05,2.0,8.52,13.07,55.71,9.2,,5.78,15.1,,59.11,0.8,151.85,,0,17.4,,-0.28,151.47,267.36,20.96,6.82,26.24,68.41,49.45,2.82,33.87,0.45,,,,0.06,0.17,10.39,81.82,0.06,125.21,0.0,0.0,,,,175.0,301.0,70.05,76.8,97.68,45.95,7.3,1.74,11.0,2.9,6.68,,,,,19.45,64.75,0.25,155.25,0.0,0.0,7.0,976.0,,96.0,152.0,33.98,63.35,61.32,15.9,7.95,0.88,9.05,1.48,7.65,,,,,15.58,81.0,0.3,249.75,0.0,0.0,3.0,989.0,,191.0,366.0,89.1,72.75,111.05,34.12,15.48,2.22,25.98,12.52,17.95,,,,,18.85,66.25,0.55,281.5,0.0,0.0,10.25,966.0,,148.0,239.25,133.92,31.78,125.1,23.87,4.68,1.97,1.2,6.7,77.53,,,,,20.7,66.0,0.32,162.0,0.0,0.0,5.0,986.0,,121.0,263.0,33.55,61.05,59.75,32.48,11.02,0.92,8.48,0.48,9.5,,,,,19.23,68.5,1.3,54.0,0.0,0.0,3.0,985.0,,130.5,208.25,104.25,35.95,103.88,28.65,39.5,2.41,3.8,0.4,5.68,,,,,17.02,82.0,0.7,134.75,0.0,0.0,9.0,986.0,,,,,,,,,,,,,,,,,,,,,,0.0,,,,50.62,101.24,7.11,17.12,15.52,48.63,,0.52,90.44,3.88,5.7,5.46,,4.28,6.08,,,4.44,314.61,0.0,0.0,28.7,,
2024-12-07 05:00:00,88.73,148.85,52.28,87.68,89.19,,,1.79,12.9,,,,,,,,,,,,0,,,,75.12,250.12,11.45,42.72,31.94,41.7,13.78,1.9,8.5,12.28,48.44,8.1,,5.31,12.88,,66.78,0.72,310.18,,0,17.12,,-0.26,132.27,207.76,18.52,6.8,24.46,66.05,49.23,2.55,34.7,0.29,,,,0.01,0.09,10.35,80.18,0.11,125.28,0.0,0.0,,,,209.0,318.0,58.42,82.92,91.68,47.0,8.12,1.51,9.9,4.15,6.95,,,,,19.32,64.75,0.28,193.0,0.0,0.0,6.25,976.0,,100.0,147.0,32.28,60.25,58.22,20.88,8.8,0.92,9.07,1.72,10.42,,,,,15.55,83.0,0.28,257.75,0.0,0.0,3.0,989.25,,172.0,290.0,25.67,71.32,58.7,33.95,17.25,1.78,31.95,12.6,19.95,,,,,19.12,63.5,1.33,270.0,0.0,0.0,10.0,966.0,,139.0,226.25,121.4,33.12,116.32,23.95,3.7,1.96,1.23,6.28,70.08,,,,,20.48,67.0,0.4,173.25,0.0,0.0,5.0,986.0,,106.0,241.0,20.52,56.75,46.85,32.38,9.68,0.95,8.75,0.38,4.22,,,,,19.0,70.25,1.3,54.0,0.0,0.0,3.0,985.0,,121.25,190.25,75.72,29.12,77.08,28.38,38.98,1.82,3.78,0.4,5.2,,,,,16.8,85.0,0.7,126.25,0.0,0.0,9.0,986.0,,,,,,,,,,14.94,2.56,6.93,5.81,,3.73,2.92,30.1,29.93,,,0.0,0.0,,996.5,,47.72,95.45,7.25,18.86,11.54,49.01,10.3,0.4,90.84,3.91,6.01,5.61,,4.36,6.07,,,4.32,315.5,0.0,0.0,28.7,,
2024-12-07 06:00:00,87.59,145.27,53.7,83.96,88.25,,,1.56,14.22,,,,,,,,,,,,0,,,,78.9,238.68,11.11,45.74,33.37,41.86,13.26,1.56,8.42,9.22,33.1,6.31,,4.7,10.16,,55.19,0.6,103.28,,0,18.82,,-0.26,142.98,241.89,19.38,7.91,27.9,66.38,48.83,2.27,34.27,0.38,,,,0.03,0.06,10.37,79.84,0.24,126.48,0.0,0.0,,,,142.0,252.0,62.92,75.22,91.15,46.22,6.9,1.46,10.05,3.78,6.4,,,,,19.12,65.5,0.3,165.0,0.0,0.0,7.0,975.25,,106.0,161.0,27.38,50.08,48.9,28.8,8.7,0.9,9.78,2.05,10.18,,,,,15.22,82.0,0.28,243.75,0.0,0.0,3.0,990.0,,132.0,232.0,29.88,81.03,67.12,38.45,16.0,0.99,44.15,11.68,18.15,,,,,18.9,63.75,1.03,297.25,0.0,0.0,10.0,966.0,,133.5,212.75,111.28,32.67,107.85,23.95,3.23,1.43,1.27,5.55,63.7,,,,,20.78,63.0,0.65,233.75,0.0,0.0,5.25,986.0,,111.0,239.0,24.72,58.55,51.22,33.03,9.18,1.02,8.43,0.35,3.28,,,,,18.68,73.25,1.3,54.0,0.0,0.0,3.0,985.0,,147.5,271.25,59.62,33.6,66.32,27.65,39.2,1.58,5.55,0.38,4.65,,,,,16.5,88.0,0.72,113.25,0.0,0.0,9.0,986.0,,,,,,,,,,14.52,2.59,6.96,5.69,,3.65,2.83,30.1,29.93,,,0.0,0.0,,996.5,,46.31,92.62,7.25,18.32,15.79,48.84,13.75,0.54,88.91,3.88,5.9,5.63,,4.21,6.01,,,4.7,312.86,0.0,0.0,28.7,,
2024-12-07 07:00:00,105.12,152.58,81.34,78.04,107.67,,,1.72,18.01,,,,,,,,,,,,0,,,,92.18,228.92,10.53,36.58,27.73,39.14,13.47,1.33,8.2,5.49,16.58,3.86,,3.49,6.32,,59.32,0.55,298.76,,0,29.05,,-0.24,136.98,496.82,20.28,3.48,23.08,70.38,48.16,2.03,34.02,0.24,,,,0.01,0.06,9.99,83.86,0.29,125.54,0.0,0.0,5.49,,,128.0,224.0,47.1,78.35,79.82,46.7,7.78,2.0,10.15,2.82,5.88,,,,,19.15,65.0,0.3,177.0,0.0,0.0,11.75,975.0,,111.0,147.0,26.18,44.55,45.0,41.85,8.78,0.94,10.05,2.22,8.8,,,,,15.08,82.0,0.28,246.0,0.0,0.0,7.5,990.25,,133.0,228.0,33.7,82.32,70.88,41.25,16.82,1.03,44.28,8.25,13.27,,,,,18.75,64.0,0.75,299.25,0.0,0.0,12.75,966.0,,116.0,189.5,90.48,33.58,91.4,23.32,4.08,0.97,1.12,4.45,54.15,,,,,21.48,59.5,0.57,219.25,0.0,0.0,19.0,986.0,,121.0,283.0,39.7,57.5,62.88,34.6,10.12,1.17,8.7,0.38,4.9,,,,,18.42,74.5,1.3,54.0,0.0,0.0,11.5,985.0,,139.75,231.0,34.95,40.48,49.92,28.32,38.83,1.46,4.75,0.32,4.08,,,,,16.73,88.0,0.78,168.5,0.0,0.0,19.25,986.25,,,,,,,,,,22.25,2.58,7.03,5.82,,3.79,2.93,30.1,29.93,,,0.0,0.0,,996.5,,47.38,94.75,7.47,18.45,11.38,48.59,19.06,0.51,88.74,4.0,5.86,5.41,,4.25,6.29,,67.14,4.48,237.89,0.0,0.0,28.7,,
2024-12-07 08:00:00,105.51,165.47,56.26,90.55,93.95,,,1.86,16.07,,,,,,,,,,,,0,,,,99.08,237.82,3.92,10.69,8.44,36.98,15.72,1.41,25.62,5.07,14.04,3.52,,3.19,5.53,,46.57,1.0,324.28,,0,94.7,,-0.01,138.84,259.53,19.9,8.07,27.05,66.89,48.31,2.01,33.59,0.38,,,,0.04,,12.31,73.76,0.65,131.65,0.0,0.0,15.84,,,142.0,309.0,50.92,86.98,87.65,46.0,6.63,1.5,10.28,2.28,7.75,,,,,19.9,62.5,0.4,214.75,0.0,0.0,25.25,975.0,,106.0,151.0,31.55,50.32,52.4,34.17,9.6,1.06,11.32,2.15,8.35,,,,,16.15,82.25,0.32,262.0,0.0,0.0,23.25,991.25,,140.0,268.0,45.55,98.95,89.6,45.58,20.15,1.38,54.18,7.55,11.48,,,,,20.23,58.75,1.5,291.5,0.0,0.0,66.0,965.5,,115.75,210.25,78.95,33.8,82.15,24.03,5.9,1.37,1.52,3.85,45.58,,,,,23.62,54.25,1.27,218.75,0.0,0.0,50.75,986.0,,136.0,339.0,33.67,58.55,58.5,35.48,10.1,1.19,11.28,0.55,7.1,,,,,19.4,70.5,1.3,54.0,0.0,0.0,34.5,985.0,,171.5,248.5,47.72,47.42,64.03,27.58,39.53,1.45,5.15,0.32,3.6,,,,,18.38,86.75,0.72,129.25,0.0,0.0,83.0,987.0,,,,,,,,,,,,,,,,,30.1,29.93,,,0.0,0.0,,996.5,,55.03,110.07,6.91,18.64,12.23,48.49,16.65,0.6,87.94,3.81,5.84,5.63,,4.24,6.09,,65.92,4.5,182.14,0.0,0.0,28.7,,
2024-12-07 09:00:00,87.83,175.93,23.66,61.4,51.92,,,1.51,23.47,,,,,,,,,,,,0,,,,119.9,246.5,9.53,52.0,35.4,36.67,12.46,1.43,24.68,5.52,15.74,3.84,,3.48,6.45,,36.94,0.92,111.06,,0,173.6,,0.11,137.64,271.0,22.7,10.7,33.13,67.4,47.52,1.79,33.06,0.26,,,,0.08,0.3,15.76,59.59,1.83,174.14,0.0,0.0,24.6,,,126.0,287.0,22.25,84.75,63.2,46.15,5.5,1.47,11.62,2.57,5.6,,,,,21.3,56.5,0.52,229.75,0.0,0.0,36.5,975.0,,121.0,185.0,19.02,61.05,48.0,39.83,10.67,0.98,37.9,2.25,7.12,,,,,18.9,70.25,0.38,295.5,0.0,0.0,36.75,992.5,,135.0,274.0,21.02,69.15,53.75,39.4,20.7,1.67,63.68,7.4,10.48,,,,,22.22,52.25,1.5,297.5,0.0,0.0,144.25,965.0,,125.5,260.0,73.88,36.67,79.55,24.53,9.57,1.2,4.62,3.35,40.38,,,,,25.82,46.75,2.2,233.75,0.0,0.0,148.5,986.0,,132.0,283.0,12.52,53.75,38.78,34.78,11.35,1.05,23.92,0.43,9.8,,,,,22.7,57.0,1.3,54.0,0.0,0.0,117.25,985.25,,154.75,250.0,16.85,61.65,46.5,30.85,40.35,1.07,34.58,0.32,3.42,,,,,23.68,64.0,1.55,78.75,0.0,0.0,241.0,987.0,,,,,,,,,,,,,,,,,30.1,29.93,,,0.0,0.0,,996.5,,63.79,127.59,7.12,17.35,11.73,50.52,9.5,0.6,86.55,3.88,5.67,5.5,,4.35,5.88,,,4.18,156.87,0.0,0.0,28.7,,
2024-12-07 10:00:00,90.73,196.54,11.84,48.27,35.3,,,1.25,54.82,,,,,,,,,,,,0,,,,108.6,254.7,16.33,100.44,66.7,42.67,10.11,1.21,24.96,5.42,14.01,3.32,,2.95,5.18,,32.33,0.71,50.75,,0,215.1,,0.14,108.14,194.82,22.51,13.69,35.62,66.72,47.08,1.58,33.01,0.31,,,,0.05,0.12,17.79,53.32,1.42,129.74,0.0,0.0,33.26,,,140.0,302.0,19.95,77.3,57.2,46.32,6.38,1.32,13.95,4.03,4.88,,,,,22.62,52.25,0.48,233.25,0.0,0.0,43.75,975.0,,116.0,171.0,10.32,49.85,34.9,39.38,12.6,0.72,98.15,1.5,3.28,,,,,22.35,52.25,0.38,285.75,0.0,0.0,45.0,993.0,,132.0,322.0,16.8,53.72,42.08,29.45,20.27,1.6,82.98,7.98,11.05,,,,,24.18,47.0,1.48,287.0,0.0,0.0,145.25,965.25,,126.75,261.0,60.48,40.52,70.75,24.3,12.42,1.02,20.72,3.0,35.85,,,,,27.62,41.5,2.2,230.0,0.0,0.0,201.75,986.0,,114.0,266.0,3.4,40.15,24.15,34.4,13.88,0.89,49.5,0.43,19.23,,,,,26.35,45.75,1.3,54.0,0.0,0.0,201.25,985.25,,117.25,217.5,8.3,42.18,29.2,27.95,42.22,0.84,95.5,0.3,2.98,,,,,26.7,41.75,1.78,70.25,0.0,0.0,347.75,987.0,,,,,,,,,,,,,,,,,30.1,29.93,,,0.0,0.0,,996.5,,66.08,132.17,7.0,18.03,11.97,50.5,11.33,0.51,86.88,3.84,5.79,5.56,,4.35,6.01,,,3.75,107.12,0.0,0.0,28.7,,
2024-12-07 11:00:00,84.04,188.2,12.69,42.08,31.58,,,1.23,82.1,,,,,,,,,,,,0,,,,116.72,278.82,11.18,54.84,38.25,41.35,12.17,0.7,55.82,5.18,14.68,3.26,,3.08,4.92,,27.04,0.75,92.36,,0,256.9,,0.18,91.65,181.42,22.54,16.43,38.74,65.72,46.72,1.38,33.08,0.31,,,,0.03,0.12,19.63,46.47,1.14,117.36,0.0,0.0,41.36,,,115.0,252.0,12.75,66.45,45.6,46.35,7.68,1.15,17.35,3.18,3.95,,,,,24.0,47.75,0.5,234.25,0.0,0.0,50.0,976.0,,96.0,149.0,8.82,42.62,29.68,38.62,14.85,0.6,143.4,0.95,1.38,,,,,25.48,40.25,0.45,237.75,0.0,0.0,67.5,993.0,,112.0,248.0,13.22,55.62,40.17,30.52,20.4,0.93,102.25,9.38,11.75,,,,,25.42,44.75,1.35,282.0,0.0,0.0,284.25,965.0,,117.25,254.75,42.17,45.65,59.02,23.95,13.45,1.02,46.15,2.78,32.88,,,,,29.3,37.5,1.7,254.5,0.0,0.0,242.75,986.0,,86.0,226.0,1.58,29.65,17.05,34.05,13.9,0.82,68.58,0.32,11.0,,,,,28.28,43.0,1.3,54.0,0.0,0.0,249.25,979.25,,96.0,198.25,7.38,40.9,27.75,27.92,43.52,0.74,106.65,0.28,2.5,,,,,28.58,36.75,1.65,95.5,0.0,0.0,256.25,987.0,,,,,,,,,,,,,,,,,30.1,29.93,,,0.0,0.0,,996.5,,63.44,126.87,7.12,18.04,15.83,48.33,15.73,0.58,86.26,3.88,5.79,5.54,,4.23,6.19,,,3.49,116.5,0.0,0.0,28.7,,
2024-12-07 12:00:00,77.88,169.43,45.84,28.74,47.97,,,1.11,100.45,,,,,,,,,,,,0,,,,81.5,286.8,11.84,58.63,40.31,38.92,9.2,0.84,56.39,3.9,10.7,2.25,,2.09,3.22,,18.92,0.86,50.02,,0,262.27,,0.17,68.16,139.97,23.88,19.12,42.86,64.21,46.62,1.21,34.17,0.31,,,,0.04,0.13,21.02,38.52,1.46,104.85,0.0,0.0,54.55,,,98.0,204.0,8.1,50.42,33.38,45.58,9.07,0.86,,6.78,4.15,,,,,25.15,42.75,0.52,221.25,0.0,0.0,64.5,975.0,,64.0,117.0,5.88,34.88,23.32,38.85,14.98,0.54,176.92,0.78,0.8,,,,,25.88,37.25,0.5,202.75,0.0,0.0,89.75,991.5,,80.0,212.0,11.02,47.42,34.2,29.22,20.0,0.81,126.28,7.05,12.92,,,,,26.62,41.5,1.85,268.75,0.0,0.0,275.0,965.0,,101.0,220.75,25.85,47.62,46.38,,16.13,0.4,65.38,2.58,31.12,,,,,29.8,33.75,2.17,268.75,0.0,0.0,257.5,985.75,,77.0,218.0,1.8,31.38,18.12,34.83,13.15,0.78,70.6,0.4,9.25,,,,,28.88,40.0,1.3,54.0,0.0,0.0,222.75,978.0,,78.5,166.5,6.08,19.23,15.18,25.7,45.58,0.52,125.98,0.2,2.1,,,,,29.88,32.25,1.45,119.5,0.0,0.0,149.25,986.0,,84.0,,23.67,121.73,86.52,50.54,24.65,1.44,43.88,2.55,7.1,5.58,,3.78,3.18,30.1,29.93,,,0.0,0.0,,996.5,,56.81,113.62,7.12,18.92,12.78,49.53,20.28,0.4,82.76,3.91,5.88,5.77,,4.3,6.02,,,4.26,124.01,0.0,0.0,28.7,,
2024-12-07 13:00:00,45.45,111.26,16.89,39.78,29.96,,,0.9,113.24,,,,,,,,,,,,0,,,,61.6,237.42,10.17,43.14,31.22,38.28,7.74,2.34,55.58,2.18,3.56,1.44,,1.07,1.59,,16.72,1.01,76.55,,0,157.32,,-0.02,40.08,105.2,22.56,20.41,42.54,63.38,46.35,1.02,34.03,0.22,,,,0.03,0.12,22.64,35.92,1.63,129.66,0.0,0.0,304.87,,,68.0,152.0,13.0,30.9,26.8,41.3,9.5,0.64,26.25,5.95,3.48,,,,,26.3,38.5,0.65,238.25,0.0,0.0,217.0,975.0,,53.0,95.0,4.68,30.58,20.05,35.28,15.1,0.44,181.85,0.68,0.62,,,,,25.28,35.25,0.62,188.5,0.0,0.0,50.75,990.75,,64.0,162.0,7.35,34.55,24.2,29.78,18.65,0.49,144.82,4.82,15.2,,,,,26.52,40.0,2.12,302.75,0.0,0.0,285.5,965.0,,49.5,119.25,15.28,43.95,35.83,24.2,16.02,0.38,73.32,2.45,26.55,,,,,29.95,32.75,1.92,273.25,0.0,0.0,238.25,985.0,,58.0,227.0,0.97,23.48,12.95,36.98,12.02,0.62,72.25,1.8,17.2,,,,,28.4,36.75,1.3,54.0,0.0,0.0,239.75,976.5,,47.75,103.0,4.2,17.05,12.52,23.58,43.55,0.48,135.28,0.18,1.78,,,,,28.45,33.0,1.88,122.0,0.0,0.0,123.25,986.0,,81.9,,20.7,131.29,89.34,52.96,23.54,1.46,45.21,2.58,6.97,5.79,,3.66,2.87,30.1,29.93,,,0.0,0.0,,996.5,,50.6,101.19,7.08,18.88,15.44,51.41,13.57,0.7,80.96,3.87,5.94,5.46,,4.4,6.16,,,3.99,166.31,0.0,0.0,28.7,,
2024-12-07 14:00:00,27.95,81.74,8.47,28.86,22.23,,,0.88,113.1,,,,,,,,,,,,0,,,,51.48,233.25,11.4,45.58,33.49,41.0,5.52,2.62,54.87,2.06,4.04,1.31,,1.06,1.5,,18.08,0.84,115.18,,0,83.02,,-0.16,50.58,113.03,24.04,23.2,47.14,63.16,46.04,0.9,34.98,0.23,,,,0.03,0.07,22.2,36.82,1.43,148.66,0.0,0.0,111.66,,,53.0,124.0,10.42,27.68,23.12,41.82,21.53,0.5,27.85,5.7,1.92,,,,,27.5,35.75,0.57,206.5,0.0,0.0,61.25,975.0,,38.0,74.0,3.85,26.4,17.18,31.25,14.52,0.44,184.9,0.7,0.45,,,,,24.62,35.0,0.68,149.75,0.0,0.0,49.5,990.0,,51.0,138.0,7.18,30.88,22.1,33.7,16.73,0.35,153.98,3.65,14.82,,,,,26.22,39.5,2.22,302.75,0.0,0.0,192.0,965.0,,49.0,117.5,10.28,40.33,29.2,24.4,17.02,0.37,78.95,2.08,22.75,,,,,29.55,33.5,2.12,284.5,0.0,0.0,184.0,985.0,,39.0,144.0,0.3,22.65,12.05,35.6,11.38,0.59,76.25,0.68,48.25,,,,,28.65,37.0,1.3,54.0,0.0,0.0,199.25,976.0,,38.25,85.75,5.55,17.95,14.1,23.05,42.98,0.52,159.65,0.12,1.5,,,,,28.25,33.25,1.88,98.5,0.0,0.0,279.0,985.75,,97.38,232.3,18.46,132.9,88.25,52.65,22.62,1.83,66.28,2.6,7.02,5.8,,3.67,2.92,30.1,29.93,,,0.0,0.0,,996.5,,46.27,92.54,7.3,17.26,15.24,47.22,15.55,0.57,77.9,3.9,5.63,5.53,,4.17,6.0,,24.49,4.58,153.16,0.0,0.0,28.7,,
2024-12-07 15:00:00,43.48,105.7,14.98,21.78,19.12,,,0.86,110.72,,,,,,,,,,,,0,,,,58.3,208.4,13.38,67.2,46.63,42.88,3.15,0.96,55.59,2.06,5.87,1.31,,1.02,1.51,,15.73,1.15,103.51,,0,54.6,,-0.21,56.44,135.54,23.5,23.88,47.26,62.93,45.9,0.81,35.83,0.08,,,,0.03,0.22,21.73,36.3,0.89,126.57,0.0,0.0,48.93,,,53.0,121.0,10.75,31.38,25.3,35.4,23.92,0.58,30.3,4.8,1.78,,,,,26.08,37.25,0.45,216.75,0.0,0.0,43.0,974.75,,39.0,70.0,3.65,26.1,16.85,27.88,14.07,0.42,194.52,0.55,1.48,,,,,24.55,34.75,0.62,145.25,0.0,0.0,36.5,990.0,,44.0,102.0,10.68,37.83,28.5,32.7,17.68,0.39,148.7,2.8,12.0,,,,,25.55,41.0,1.75,293.25,0.0,0.0,110.5,965.0,,50.5,127.75,8.38,37.9,27.0,24.75,13.7,0.36,75.28,1.82,20.85,,,,,29.15,33.0,1.95,298.75,0.0,0.0,121.5,985.0,,38.0,158.0,0.7,23.85,12.75,34.95,11.8,0.6,79.28,0.5,33.15,,,,,28.42,37.0,1.3,54.0,0.0,0.0,116.5,976.0,,47.0,105.5,4.48,18.23,13.35,22.4,41.68,0.58,158.75,0.15,1.58,,,,,28.18,33.25,1.45,108.75,0.0,0.0,124.25,985.25,,92.25,216.5,17.76,131.68,87.28,51.84,21.86,1.77,66.9,2.61,6.91,5.79,,3.66,2.92,30.1,29.93,,,0.0,0.0,,996.5,,40.89,81.78,7.3,18.26,12.36,49.35,16.48,0.39,78.7,3.91,5.84,5.81,,4.32,6.28,,16.12,3.45,111.27,0.0,0.0,28.7,,
2024-12-07 16:00:00,41.96,86.84,11.22,25.37,21.7,,,0.92,101.6,,,,,,,,,,,,0,,,,44.65,196.18,12.28,56.66,40.04,40.1,2.32,0.84,53.78,1.89,5.5,1.35,,0.98,1.57,,24.02,0.62,76.28,,0,29.95,,-0.25,53.58,121.59,24.46,26.54,50.73,61.71,45.94,0.78,33.85,0.54,,,,0.02,0.14,20.18,45.89,0.56,93.73,0.0,0.0,27.12,,,58.0,129.0,10.28,34.45,26.68,36.33,23.48,0.63,35.88,3.68,2.0,,,,,25.12,39.0,0.32,186.5,0.0,0.0,27.25,975.0,,39.0,80.0,2.98,29.15,17.92,25.3,12.78,0.46,175.98,0.65,1.68,,,,,23.68,39.75,0.32,205.25,0.0,0.0,25.5,990.0,,58.0,130.0,6.45,47.25,30.25,29.05,17.98,0.43,114.72,2.75,9.93,,,,,24.45,41.25,1.7,321.5,0.0,0.0,27.25,965.0,,46.25,124.75,8.78,37.42,27.02,24.2,12.05,0.4,65.65,1.7,20.05,,,,,28.25,35.25,0.95,271.25,0.0,0.0,45.5,985.0,,38.0,163.0,2.3,21.02,11.55,23.12,12.2,0.64,75.8,0.38,28.28,,,,,27.2,38.75,1.3,54.0,0.0,0.0,32.0,979.75,,44.0,105.25,5.1,20.02,14.82,22.65,39.78,0.64,115.48,0.15,1.62,,,,,25.92,43.5,0.72,104.75,0.0,0.0,51.0,986.0,,79.75,185.25,17.66,128.61,85.76,51.32,21.53,1.92,42.35,2.59,6.99,5.83,,3.63,2.9,30.1,29.93,,,0.0,0.0,,996.5,,36.41,72.83,7.45,17.51,11.45,49.98,16.02,0.38,80.94,3.99,5.7,5.43,,4.32,6.21,,23.64,4.94,92.12,0.0,0.0,28.7,,
2024-12-07 17:00:00,52.96,113.76,117.72,126.95,162.98,,,1.64,32.92,,,,,,,,,,,,0,,,,39.67,181.05,11.29,43.23,32.14,40.22,3.04,1.0,14.92,2.17,5.83,1.64,,1.2,1.96,,48.02,0.72,70.23,,0,15.32,,-0.28,64.1,210.09,25.48,26.34,51.92,61.69,46.06,0.88,33.62,0.28,,,,0.02,0.18,16.86,62.41,,95.04,0.0,0.0,3.66,,,56.0,121.0,23.38,72.9,58.02,38.9,20.75,2.18,18.72,3.68,5.25,,,,,23.0,47.0,0.25,146.0,0.0,0.0,11.25,975.0,,35.0,72.0,4.2,44.85,27.25,27.58,11.3,0.49,129.2,0.57,1.38,,,,,21.65,49.0,0.3,214.75,0.0,0.0,7.0,990.0,,53.0,130.0,30.98,96.0,76.08,27.85,14.7,1.28,65.6,3.08,7.58,,,,,22.68,47.5,0.48,323.0,0.0,0.0,11.0,965.5,,52.75,125.25,9.43,37.45,27.6,24.38,10.35,1.01,29.1,1.6,20.12,,,,,24.9,44.0,0.32,344.0,0.0,0.0,7.5,985.0,,46.0,205.0,7.78,42.78,29.05,22.25,11.75,0.97,38.17,0.5,36.98,,,,,24.22,46.75,1.3,54.0,0.0,0.0,6.5,981.0,,37.5,115.0,4.8,19.75,14.42,26.7,37.38,0.71,60.58,0.18,1.68,,,,,22.7,64.5,0.72,58.0,0.0,0.0,17.5,986.0,,88.42,209.15,19.35,125.24,84.82,51.3,20.65,2.62,43.68,2.61,6.97,5.74,,3.65,2.9,30.1,29.93,,,0.0,0.0,,996.5,,33.84,67.68,7.37,17.92,15.62,48.47,,0.51,81.0,3.97,5.86,5.5,,4.24,6.11,,23.54,5.46,113.96,0.0,0.0,28.7,,
2024-12-07 18:00:00,68.72,184.08,228.38,161.5,271.49,,,2.83,24.72,,,,,,,,,,,,0,,,,48.55,183.82,12.6,56.41,40.25,39.54,4.15,1.38,15.09,2.7,7.63,2.22,,1.48,2.98,,56.64,0.86,68.79,,0,16.4,,-0.28,77.14,249.68,23.9,21.66,46.5,63.27,46.85,1.41,33.46,0.2,,,,0.04,0.3,14.79,71.94,,95.02,0.0,0.0,,,,98.0,333.0,93.9,114.45,137.05,41.3,25.98,4.34,9.43,3.05,3.42,,,,,21.72,53.75,0.25,136.75,0.0,0.0,7.0,975.0,,34.0,75.0,5.15,59.1,35.67,28.72,10.62,0.62,79.58,0.57,1.25,,,,,19.5,61.5,0.25,242.75,0.0,0.0,3.0,990.0,,73.0,284.0,112.2,114.02,152.3,27.55,15.82,3.21,34.58,4.97,8.02,,,,,20.95,54.0,0.3,322.75,0.0,0.0,10.75,966.0,,80.75,189.5,25.88,38.25,41.38,24.4,10.6,2.89,1.12,1.75,22.55,,,,,22.8,52.5,0.3,246.5,0.0,0.0,5.0,986.0,,113.0,697.0,73.5,70.62,97.35,27.92,13.05,2.05,7.2,0.95,127.12,,,,,22.2,55.75,1.3,54.0,0.0,0.0,3.0,981.5,,35.25,105.5,7.18,36.3,25.12,25.02,37.3,0.84,17.45,0.1,2.42,,,,,20.15,76.5,0.9,47.5,0.0,0.0,9.0,986.0,,90.38,206.45,23.08,123.0,86.88,51.84,20.49,2.08,25.52,2.61,7.07,5.79,,3.72,2.85,30.1,29.93,,,0.0,0.0,,996.5,,33.87,67.73,7.19,18.0,11.86,49.47,,0.38,83.44,3.91,5.78,5.53,,4.29,6.06,,,4.91,117.38,0.0,0.0,28.7,,
2024-12-07 19:00:00,93.32,219.56,282.13,154.36,311.52,,,3.52,28.29,,,,,,,,,,,,0,,,,44.62,192.68,10.9,36.43,27.85,36.52,5.55,2.4,15.58,4.86,14.48,3.98,,2.82,6.56,,59.18,0.55,200.84,,0,17.55,,-0.26,105.5,418.55,22.74,13.45,33.98,67.74,48.11,2.37,33.38,0.13,,,,0.03,0.07,13.76,78.26,0.21,95.04,0.0,0.0,,,,314.0,498.0,127.78,105.85,160.28,39.6,35.7,4.93,8.85,4.22,6.6,,,,,21.15,58.5,0.32,138.5,0.0,0.0,7.0,975.0,,58.0,106.0,6.35,59.75,37.33,26.92,10.65,0.66,59.1,0.9,2.22,,,,,18.15,67.25,0.4,237.0,0.0,0.0,3.25,990.0,,114.0,390.0,157.82,122.32,193.22,33.98,16.3,4.9,39.45,8.72,9.98,,,,,20.52,58.75,0.3,323.25,0.0,0.0,10.75,966.0,,123.0,328.75,62.42,33.78,68.65,24.75,10.15,4.33,1.3,2.62,36.08,,,,,21.95,59.25,0.3,216.75,0.0,0.0,5.0,986.0,,185.0,,250.2,86.55,249.45,34.88,19.9,3.7,9.05,2.12,232.9,,,,,21.3,60.25,1.3,54.0,0.0,0.0,3.0,981.75,,40.25,99.5,33.67,50.52,54.28,25.62,37.22,1.21,7.1,0.15,2.8,,,,,18.85,80.75,0.88,58.25,0.0,0.0,9.0,986.0,,96.65,212.75,28.01,119.18,88.63,53.26,20.79,2.94,25.1,2.58,6.92,5.79,,3.64,2.83,30.1,29.93,,,0.0,0.0,,996.5,,38.0,75.99,6.9,17.91,14.93,49.31,,0.52,84.62,3.82,5.79,5.36,,4.28,6.18,,,5.38,96.23,0.0,0.0,28.7,,
2024-12-07 20:00:00,135.89,261.57,329.81,156.64,351.4,,,3.88,25.97,,,,,,,,,,,,0,,,,71.13,213.37,11.07,43.51,32.15,44.09,8.02,3.3,7.69,9.57,31.4,7.61,,4.63,12.95,,63.2,0.82,145.0,,0,17.63,,-0.25,122.83,361.21,23.2,5.35,25.46,69.01,49.6,3.35,34.25,0.12,,,,0.06,0.12,13.18,80.87,0.14,96.02,0.0,0.0,,,,366.0,692.0,230.52,107.85,244.22,40.55,30.2,5.73,10.42,4.72,9.72,,,,,20.72,62.75,0.32,141.25,0.0,0.0,7.0,975.0,,55.0,86.0,8.78,60.15,39.05,32.05,10.12,0.72,47.65,0.98,2.65,,,,,17.35,72.25,0.43,185.0,0.0,0.0,3.5,990.5,,289.0,676.0,230.45,108.25,244.88,36.25,21.07,5.5,43.92,15.62,14.62,,,,,20.12,63.0,0.3,324.0,0.0,0.0,11.0,966.25,,162.25,382.5,128.6,28.4,119.55,24.58,12.82,6.43,1.32,3.9,50.75,,,,,21.5,65.0,0.3,216.0,0.0,0.0,5.0,986.0,,273.0,,234.7,74.92,230.68,45.95,24.75,4.36,12.3,3.3,,,,,,20.78,65.0,1.3,54.0,0.0,0.0,3.0,978.75,,71.25,135.0,89.85,53.88,101.72,30.0,38.5,2.12,4.97,0.2,2.7,,,,,18.45,84.0,0.78,63.0,0.0,0.0,9.0,986.5,,103.05,217.12,37.24,109.07,91.04,55.34,21.33,2.43,14.92,2.58,6.92,5.81,,3.69,2.94,30.1,29.93,,,0.0,0.0,,996.5,,38.94,77.89,7.22,17.88,15.94,49.77,,0.52,82.95,3.92,5.76,5.56,,4.31,6.19,,,5.76,101.29,0.0,0.0,28.7,,
2024-12-07 21:00:00,104.08,238.21,234.29,131.82,260.7,,,3.3,17.67,,,,,,,,,,,,0,,,,92.0,281.53,12.01,48.68,35.66,42.04,8.57,3.18,7.52,19.44,64.87,15.48,,8.06,27.65,,64.08,0.36,84.82,,0,17.9,,-0.24,167.54,413.82,21.98,1.02,12.84,72.12,51.17,4.45,34.32,0.14,,,,0.04,0.2,12.65,83.15,0.11,96.04,0.0,0.0,,,,422.0,741.0,173.95,103.28,196.38,40.33,29.4,4.16,10.75,4.42,13.08,,,,,20.38,63.5,0.3,135.25,0.0,0.0,7.0,975.0,,69.0,107.0,13.12,65.82,45.7,38.33,13.4,0.98,15.35,1.5,3.72,,,,,16.9,75.75,0.57,146.25,0.0,0.0,3.75,991.0,,317.0,862.0,223.4,112.78,241.55,42.2,26.6,,25.7,21.4,16.33,,,,,19.68,65.25,0.3,324.0,0.0,0.0,11.0,966.25,,203.5,448.75,207.2,35.4,187.32,21.1,14.58,6.79,2.52,4.72,62.48,,,,,21.3,66.25,0.3,223.0,0.0,0.0,5.0,986.0,,344.0,,219.95,77.2,219.88,62.12,27.58,5.36,18.9,7.82,,,,,,20.5,66.75,1.3,54.0,0.0,0.0,3.0,978.0,,105.0,188.25,92.48,58.18,106.1,29.7,40.15,3.1,5.42,0.25,3.5,,,,,18.05,84.0,0.82,61.5,0.0,0.0,9.0,987.0,,134.68,286.85,45.77,95.92,90.72,56.33,21.04,3.01,14.85,2.57,7.0,5.79,,3.69,2.94,30.1,29.93,,,0.0,0.0,,996.5,,38.53,77.06,7.01,18.94,11.33,50.26,13.28,0.39,82.3,3.97,5.74,5.39,,4.26,6.14,,,5.99,103.74,0.0,0.0,28.7,,
2024-12-07 22:00:00,90.94,216.8,245.03,133.28,270.13,,,3.18,16.0,,,,,,,,,,,,0,,,,129.48,346.48,11.45,49.91,35.86,39.67,13.19,3.58,7.65,27.35,98.72,28.12,,16.66,51.23,,68.87,0.55,102.65,,0,17.58,,-0.24,175.8,380.17,17.63,0.4,2.07,77.32,52.18,5.18,34.03,0.26,,,,0.03,0.22,12.27,85.11,,96.0,0.0,0.0,,,,263.0,467.0,263.15,96.38,264.88,39.65,27.35,4.71,10.45,4.55,11.22,,,,,20.15,65.75,0.25,153.75,0.0,0.0,7.0,975.0,,102.0,144.0,16.6,68.65,50.0,32.88,14.6,1.26,10.0,2.2,5.55,,,,,16.62,76.75,0.45,149.0,0.0,0.0,3.5,991.0,,333.0,860.0,251.38,105.6,260.62,47.58,28.62,,7.62,22.1,16.45,,,,,19.38,67.75,0.3,324.0,0.0,0.0,11.0,966.0,,254.0,488.5,263.0,31.92,230.82,22.95,15.75,6.61,8.25,5.62,74.25,,,,,21.2,65.25,0.3,222.25,0.0,0.0,5.0,986.0,,588.0,,373.22,76.8,344.3,83.15,34.45,6.84,23.72,16.7,,,,,,20.3,69.75,1.3,54.0,0.0,0.0,3.0,978.0,,159.5,245.5,131.65,52.52,134.95,30.28,40.62,3.26,4.5,0.35,4.28,,,,,17.9,83.25,0.78,60.0,0.0,0.0,9.0,987.0,,180.1,387.32,49.24,89.35,90.1,56.3,21.88,2.17,15.36,2.6,7.06,5.83,,3.69,2.94,30.1,29.93,,,0.0,0.0,,996.5,,37.61,75.22,6.88,18.49,15.65,49.88,13.96,0.52,81.64,3.84,5.78,5.54,,4.31,6.2,,,5.63,103.05,0.0,0.0,28.7,,
2024-12-07 23:00:00,84.44,184.15,171.52,118.22,202.38,,,2.78,14.18,,,,,,,,,,,,0,,,,163.5,366.8,10.46,40.38,29.92,39.19,15.04,3.57,7.81,30.94,113.33,34.21,,21.47,62.76,,74.92,0.68,111.35,,0,17.67,,-0.24,212.56,397.93,16.92,0.26,0.0,79.18,53.13,5.84,33.96,0.18,,,,0.01,0.14,11.65,86.94,,95.96,0.0,0.0,,,,239.0,495.0,284.77,84.62,276.27,38.48,26.98,4.49,11.08,4.3,12.02,,,,,19.88,68.25,0.28,153.5,0.0,0.0,7.0,975.0,,134.0,212.0,32.85,65.6,61.65,31.4,14.82,1.52,10.07,3.18,9.78,,,,,16.48,80.25,0.28,235.25,0.0,0.0,3.0,991.0,,294.0,593.0,415.42,106.65,394.78,49.52,23.05,,30.67,22.42,16.23,,,,,19.08,70.75,0.3,323.75,0.0,0.0,10.75,966.0,,298.5,531.75,308.15,31.5,267.27,23.82,17.68,7.02,11.75,5.52,91.3,,,,,21.02,68.25,0.3,221.0,0.0,0.0,5.0,986.0,,630.0,,302.32,61.25,278.38,92.52,34.35,4.14,21.22,15.45,,,,,,20.27,72.5,1.3,54.0,0.0,0.0,3.0,978.0,,169.75,257.0,120.48,42.48,120.52,29.12,41.15,3.27,4.5,0.43,4.8,,,,,17.45,82.25,0.75,67.25,0.0,0.0,9.0,987.0,,241.07,506.03,60.41,84.4,96.37,59.91,24.25,4.18,11.48,2.58,7.02,5.83,,3.69,2.94,30.1,29.93,,,0.0,0.0,,996.5,,35.24,70.49,7.4,18.22,16.68,50.02,15.24,0.52,81.02,3.98,5.76,5.67,,4.35,5.91,,,5.65,99.02,0.0,0.0,28.7,,
2024-12-08 00:00:00,82.98,156.7,175.14,126.8,209.76,,,2.68,16.72,,,,,,,,,,,,0,,,,137.2,381.65,12.78,53.58,38.89,41.16,17.87,4.36,5.92,33.56,124.88,33.96,,20.0,64.99,,76.14,0.42,232.92,,0,17.42,,-0.24,224.57,411.78,16.32,,0.9,77.74,53.76,6.22,33.39,0.24,,,,0.04,0.1,11.38,87.98,0.23,95.93,0.0,0.0,,,,290.0,610.0,206.25,79.65,210.15,39.92,28.78,3.59,11.27,4.82,17.58,,,,,19.55,69.75,0.2,191.25,0.0,0.0,6.75,975.0,,121.0,201.0,47.35,55.9,68.2,34.05,14.82,1.77,9.02,2.78,7.55,,,,,16.1,82.75,0.35,152.75,0.0,0.0,3.5,991.0,,361.0,682.0,284.38,120.25,295.05,55.8,20.02,4.54,35.33,19.42,14.9,,,,,19.35,64.75,0.55,271.0,0.0,0.0,10.25,966.0,,345.0,602.5,339.7,31.05,292.73,22.42,17.17,5.94,5.12,5.78,95.25,,,,,20.78,67.5,0.3,220.5,0.0,0.0,5.0,986.0,,525.0,,265.88,43.4,239.22,63.92,19.63,4.05,23.4,10.85,,,,,,19.8,76.5,1.3,54.0,0.0,0.0,3.0,981.0,,177.0,252.25,77.3,43.0,85.72,25.68,40.2,2.91,4.78,0.43,4.82,,,,,17.2,82.0,0.75,90.75,0.0,0.0,8.75,987.0,,368.68,765.75,63.39,79.09,96.34,59.72,31.88,1.95,11.31,2.57,6.89,5.81,,3.72,2.88,30.1,29.93,,,0.0,0.0,,996.5,,39.18,78.37,7.12,18.62,15.84,47.3,13.4,0.56,80.13,3.88,5.9,5.54,,4.18,6.22,,,5.82,111.78,0.0,0.0,28.7,,
2024-12-08 01:00:00,105.51,192.52,312.6,133.52,325.03,,,3.61,24.5,,,,,,,,,,,,0,,,,139.93,370.28,11.36,42.87,31.72,41.1,18.57,3.62,6.01,27.74,111.89,27.43,,15.66,52.0,,74.76,0.47,225.98,,0,17.38,,-0.25,244.05,438.04,15.24,0.58,0.0,83.88,54.12,6.55,33.05,0.24,,,,0.01,0.06,11.12,89.82,0.11,95.94,0.0,0.0,,,,305.0,566.0,149.12,82.18,164.8,40.72,25.65,2.5,12.0,4.03,15.52,,,,,19.25,69.0,0.28,138.75,0.0,0.0,7.0,975.0,,130.0,204.0,77.95,66.32,99.1,34.38,14.82,2.59,9.7,3.3,10.58,,,,,15.8,82.75,0.38,144.0,0.0,0.0,3.5,990.5,,340.0,627.0,126.38,100.4,156.48,49.98,12.38,3.78,34.6,18.32,13.8,,,,,18.68,67.5,0.32,323.75,0.0,0.0,11.0,966.0,,335.5,589.75,329.48,33.92,285.95,22.98,5.8,3.9,2.3,6.65,93.88,,,,,20.72,65.25,0.6,259.5,0.0,0.0,5.0,986.0,,655.0,,278.45,42.68,249.08,60.22,18.68,4.11,24.7,11.75,,,,,,19.82,75.0,1.3,54.0,0.0,0.0,3.0,982.25,,174.75,247.25,106.05,36.17,105.45,26.62,40.42,3.08,4.1,0.45,4.85,,,,,17.1,86.0,0.75,90.75,0.0,0.0,9.0,986.25,,423.2,854.4,63.19,72.39,92.73,57.94,32.07,2.13,11.02,2.56,7.0,5.81,,3.68,2.92,30.1,29.93,,,0.0,0.0,,996.5,,39.01,78.03,6.83,18.1,11.96,45.88,11.87,0.4,80.11,3.78,5.76,5.56,,4.09,5.97,,,5.57,120.37,0.0,0.0,28.7,,
2024-12-08 02:00:00,162.7,280.6,321.61,132.99,332.26,,,4.51,40.38,,,,,,,,,,,,0,,,,189.52,367.52,11.11,46.34,33.68,37.92,18.21,2.84,5.95,19.67,79.9,18.86,,10.6,34.65,,75.11,0.35,150.4,,0,17.18,,-0.26,257.24,410.01,19.29,,0.0,85.12,54.44,6.83,33.04,0.18,,,,0.08,0.18,10.8,90.92,0.64,95.5,0.0,0.0,,,,273.0,464.0,144.1,78.6,159.9,41.5,,,10.13,3.68,11.62,,,,,19.0,67.75,0.28,157.25,0.0,0.0,7.0,975.0,,194.0,327.0,131.4,75.4,147.3,41.2,15.2,3.72,10.2,5.25,26.35,,,,,16.12,82.5,0.45,149.25,0.0,0.0,3.75,990.0,,337.0,532.0,114.9,88.6,140.5,47.7,9.6,3.78,17.62,17.58,13.15,,,,,18.58,68.75,0.4,321.5,0.0,0.0,9.0,965.25,,275.25,468.75,289.15,32.52,252.38,23.45,3.88,3.16,2.15,5.92,90.62,,,,,20.6,65.0,0.5,353.25,0.0,0.0,5.0,986.0,,572.0,,205.1,70.5,204.4,60.4,16.5,3.26,17.1,10.75,448.42,,,,,20.65,64.25,1.3,54.0,0.0,0.0,3.0,982.0,,171.5,244.5,162.8,29.9,148.3,31.7,41.1,3.32,4.78,0.43,4.93,,,,,16.95,88.0,0.88,95.75,0.0,0.0,9.0,986.0,,347.75,706.0,58.83,72.9,89.11,56.1,31.36,1.36,12.11,2.6,6.87,5.8,,3.62,2.88,30.1,29.93,,,0.0,0.0,,996.5,,39.67,79.34,7.45,19.08,15.32,49.97,11.51,0.53,81.33,3.99,5.97,5.44,,4.32,5.93,,,5.67,112.3,0.0,0.0,28.7,,
2024-12-08 03:00:00,181.07,306.23,296.98,124.64,307.79,,,4.24,41.3,,,,,,,,,,,,0,,,,111.22,355.05,12.82,45.98,34.88,43.03,17.73,2.29,5.89,13.8,49.4,12.36,,6.96,21.87,,75.32,0.42,195.19,,0,16.9,,-0.25,255.27,390.12,15.57,0.26,0.0,85.3,54.54,6.82,32.96,0.16,,,,,0.04,10.56,90.42,,95.03,0.0,0.0,,,,229.0,384.0,99.88,79.43,123.28,41.9,11.68,0.76,12.32,3.47,8.35,,,,,18.9,67.25,0.2,158.0,0.0,0.0,7.0,975.0,,212.0,349.0,155.78,99.22,179.4,19.88,9.53,3.44,11.05,5.2,23.22,,,,,16.23,81.5,0.52,149.75,0.0,0.0,3.5,990.0,,333.0,517.0,113.02,87.18,138.02,39.52,6.15,3.46,34.92,16.58,12.58,,,,,18.35,69.0,0.3,323.0,0.0,0.0,10.5,966.0,,257.75,444.25,244.82,33.35,216.75,23.17,3.72,2.47,1.75,5.6,85.28,,,,,20.35,65.5,0.32,359.0,0.0,0.0,5.0,986.0,,359.0,617.0,132.88,69.22,144.55,43.6,12.5,2.25,17.35,7.68,384.92,,,,,20.35,64.0,1.3,54.0,0.0,0.0,3.0,982.25,,177.75,265.0,133.4,19.27,118.7,23.75,40.83,3.02,4.35,0.48,5.25,,,,,16.75,88.0,0.82,53.0,0.0,0.0,9.0,986.0,,314.1,635.35,54.41,73.83,86.06,54.32,30.86,0.6,11.76,2.59,7.04,5.7,,3.74,2.86,30.1,29.93,,,0.0,0.0,,996.5,,40.38,80.76,7.21,18.84,11.62,52.68,,0.41,81.18,3.9,5.86,5.47,,4.47,6.1,,,5.69,108.73,0.0,0.0,28.7,,
2024-12-08 04:00:00,191.47,311.47,241.21,111.1,255.25,,,3.98,28.62,,,,,,,,,,,,0,,,,102.2,330.7,11.78,47.23,34.7,39.46,16.87,2.35,8.57,10.62,31.37,8.06,,4.99,14.03,,75.77,0.39,132.11,,0,16.87,,-0.25,240.32,337.89,19.74,0.05,0.14,81.28,54.26,6.42,33.8,0.24,,,,0.03,0.24,10.21,89.95,0.52,57.64,0.0,0.0,,,,233.0,376.0,99.58,77.62,122.05,41.95,13.82,0.76,12.3,3.25,7.88,,,,,18.73,69.5,0.3,140.5,0.0,0.0,7.0,975.0,,169.0,269.0,165.92,98.2,187.1,15.58,9.52,3.54,10.62,5.15,22.8,,,,,16.05,81.25,0.55,149.5,0.0,0.0,3.75,990.0,,310.0,472.0,122.32,76.28,140.02,38.22,7.22,3.46,37.55,15.48,12.08,,,,,18.08,71.75,0.3,317.0,0.0,0.0,10.75,966.0,,252.5,422.75,199.2,33.12,179.6,23.92,2.85,2.23,5.68,5.42,78.05,,,,,20.18,67.0,0.4,358.75,0.0,0.0,5.0,986.0,,405.0,,227.8,74.55,224.88,54.05,13.38,2.58,18.45,6.95,442.07,,,,,19.82,69.25,1.3,54.0,0.0,0.0,3.0,979.75,,198.75,289.25,115.18,20.52,104.58,25.38,41.0,2.68,4.53,0.5,5.65,,,,,16.65,88.0,0.8,126.0,0.0,0.0,9.0,986.25,,286.95,577.92,48.77,76.36,83.01,52.34,30.34,1.39,12.0,2.6,6.94,5.69,,3.65,2.82,30.1,29.93,,,0.0,0.0,,996.5,,38.5,77.0,7.05,17.58,15.77,49.17,,0.57,79.46,3.86,5.7,5.52,,4.28,6.16,,,5.12,107.14,0.0,0.0,28.7,,
2024-12-08 05:00:00,182.56,321.8,305.22,122.02,312.91,,,4.1,22.49,,,,,,,,,,,,0,,,,104.95,305.8,10.59,47.92,34.09,36.42,17.12,1.62,8.49,9.82,33.97,6.39,,4.36,11.09,,78.5,0.48,155.08,,0,17.3,,-0.24,241.16,367.47,16.44,0.36,0.0,73.06,53.41,5.82,34.6,0.16,,,,0.03,0.06,9.8,88.71,0.65,37.88,0.0,0.0,,,,245.0,387.0,149.12,71.35,159.38,41.25,15.2,1.04,11.48,2.98,7.65,,,,,18.58,71.5,0.28,152.25,0.0,0.0,7.0,975.0,,166.0,263.0,117.92,90.92,144.35,26.65,10.92,3.05,10.17,5.2,21.68,,,,,16.18,77.25,0.72,131.75,0.0,0.0,4.0,990.0,,344.0,516.0,138.95,86.5,158.9,43.3,16.45,3.54,38.18,15.05,11.68,,,,,18.18,70.75,0.45,323.0,0.0,0.0,10.25,965.75,,273.0,412.5,165.92,32.5,152.15,24.1,3.3,2.49,18.38,5.05,75.2,,,,,20.0,68.75,0.48,325.0,0.0,0.0,5.0,986.0,,385.0,,236.25,62.88,225.5,57.52,13.52,3.0,20.38,7.72,342.65,,,,,19.68,71.75,1.3,54.0,0.0,0.0,3.0,978.0,,198.25,275.5,65.98,20.52,64.53,25.2,39.7,2.07,4.55,0.52,5.58,,,,,16.73,88.0,0.82,134.0,0.0,0.0,9.0,986.5,,316.75,648.88,46.71,75.82,80.83,50.95,29.64,0.95,15.39,2.58,6.98,5.65,,3.64,2.88,30.1,29.93,,,0.0,0.0,,996.5,,39.29,78.58,7.65,17.91,10.91,48.26,19.13,0.38,80.62,4.06,5.77,5.29,,4.23,5.97,,,4.61,113.89,0.0,0.0,28.7,,
2024-12-08 06:00:00,198.67,323.9,300.98,116.88,306.9,,,4.3,20.51,,,,,,,,,,,,0,,,,132.52,320.12,13.47,64.17,45.08,38.1,17.97,1.92,8.18,11.47,72.65,7.88,,6.01,13.3,,80.07,0.51,192.02,,0,17.15,,-0.24,233.13,311.5,16.07,0.47,1.92,71.42,51.68,4.8,34.38,0.16,,,,0.04,0.08,9.85,85.76,0.38,37.88,0.0,0.0,,,,273.0,461.0,133.57,66.53,144.28,40.85,16.2,1.11,12.28,3.02,8.12,,,,,18.42,72.0,0.3,154.25,0.0,0.0,7.0,975.0,,178.0,249.0,112.92,76.95,133.12,29.15,11.62,2.81,9.7,4.75,18.98,,,,,15.9,77.25,0.45,207.75,0.0,0.0,3.25,991.0,,307.0,469.0,202.58,88.45,211.82,50.28,18.12,4.39,24.0,13.92,11.5,,,,,18.4,71.0,0.75,265.75,0.0,0.0,10.0,965.5,,300.75,430.0,145.6,33.25,136.15,24.05,7.23,2.16,38.6,4.7,79.42,,,,,21.15,62.25,0.65,30.5,0.0,0.0,5.25,986.0,,376.0,886.0,208.38,69.08,206.12,56.68,12.92,2.77,20.45,8.3,332.5,,,,,20.15,68.5,1.3,54.0,0.0,0.0,3.0,978.0,,186.25,256.25,76.25,25.6,75.6,22.75,39.22,1.65,4.53,0.48,5.3,,,,,16.58,88.0,0.8,180.75,0.0,0.0,9.0,987.0,,269.92,556.75,44.31,76.98,79.82,50.19,29.19,1.35,15.8,2.6,6.97,5.78,,3.68,2.85,30.1,29.93,,,0.0,0.0,,996.5,,44.07,88.14,6.99,17.3,15.66,49.03,22.68,0.56,80.83,3.84,5.7,5.5,,4.27,5.92,,,5.14,104.26,0.0,0.0,28.7,,
2024-12-08 07:00:00,186.5,289.38,255.77,115.29,269.42,,,3.6,20.02,,,,,,,,,,,,0,,,,122.95,328.45,11.79,46.07,33.93,39.55,16.34,2.19,8.68,12.35,84.32,8.06,,6.56,14.22,,76.96,0.56,43.77,,0,30.15,,-0.22,234.94,354.29,18.95,1.14,12.18,72.58,50.01,3.91,33.93,0.19,,,,0.04,0.16,10.48,81.24,0.94,37.88,0.0,0.0,6.08,,,368.0,564.0,143.6,74.45,156.4,40.98,16.12,2.02,21.65,3.08,10.18,,,,,18.38,73.0,0.22,149.5,0.0,0.0,12.0,975.0,,162.0,223.0,79.2,84.68,108.5,39.83,10.5,2.42,10.22,4.47,17.6,,,,,15.82,77.5,0.52,174.75,0.0,0.0,7.25,991.25,,305.0,470.0,216.9,93.8,226.55,55.42,19.3,4.36,25.38,12.8,12.3,,,,,18.48,71.0,0.7,262.25,0.0,0.0,12.25,965.75,,316.75,453.5,119.38,35.3,115.82,23.6,8.52,1.77,53.9,4.42,75.97,,,,,20.3,67.0,0.45,4.25,0.0,0.0,18.25,986.0,,335.0,898.0,150.9,73.32,161.68,56.0,11.55,2.06,15.35,6.35,244.52,,,,,20.38,64.75,1.3,54.0,0.0,0.0,11.0,978.0,,168.0,242.25,117.85,27.32,110.35,25.45,40.28,1.71,4.7,0.45,5.05,,,,,17.1,88.0,0.72,152.5,0.0,0.0,19.5,987.0,,212.08,480.62,38.87,85.59,79.82,50.06,27.23,0.26,22.4,2.58,7.02,5.73,,3.69,2.86,30.1,29.93,,,0.0,0.0,,996.5,,44.05,88.1,7.11,18.84,15.53,51.01,34.21,0.61,81.19,3.88,5.93,5.48,,4.38,6.15,,,5.19,113.97,0.0,0.0,28.7,,
2024-12-08 08:00:00,167.22,255.02,92.52,139.7,149.68,,,2.67,15.36,,,,,,,,,,,,0,,,,105.48,338.28,11.06,38.48,29.16,42.62,16.77,1.97,25.2,10.48,55.4,7.2,,6.2,12.33,,49.45,0.98,279.9,,0,82.98,,-0.11,214.97,332.82,19.03,3.04,20.05,69.65,49.16,3.36,33.22,0.14,,,,0.02,0.06,12.59,70.79,0.98,36.83,0.0,0.0,20.24,,,362.0,581.0,151.48,94.7,173.85,40.42,17.83,2.09,25.18,4.55,12.8,,,,,19.4,69.75,0.4,183.25,0.0,0.0,30.25,975.0,,167.0,237.0,40.87,81.85,77.3,37.35,9.83,2.04,13.75,3.7,13.68,,,,,16.92,75.25,0.7,187.75,0.0,0.0,24.5,992.0,,309.0,489.0,100.1,116.48,143.95,58.3,20.55,2.79,21.82,12.7,11.9,,,,,19.98,62.25,1.83,224.0,0.0,0.0,52.5,965.75,,275.25,401.5,92.6,37.78,95.38,23.93,12.35,1.03,10.4,4.0,68.3,,,,,23.5,51.75,1.85,223.75,0.0,0.0,52.25,986.0,,265.0,537.0,59.58,76.82,89.3,39.65,9.48,1.13,12.48,3.9,142.82,,,,,21.42,59.5,1.3,54.0,0.0,0.0,38.0,981.0,,157.75,239.75,78.05,58.5,94.58,28.3,39.92,1.49,6.22,0.4,4.88,,,,,18.73,87.25,0.85,164.25,0.0,0.0,79.25,987.0,,168.1,404.52,31.74,94.09,78.36,48.24,25.56,1.96,22.64,2.6,7.06,5.82,,3.71,2.95,30.1,29.93,,,0.0,0.0,,996.5,,44.29,88.58,7.12,18.46,15.9,51.72,33.44,0.64,80.0,3.88,5.76,5.55,,4.42,6.16,,39.65,5.62,126.52,0.0,0.0,28.7,,
2024-12-08 09:00:00,126.96,209.9,24.76,80.62,63.05,,,1.72,30.46,,,,,,,,,,,,0,,,,162.48,344.3,13.01,47.03,35.59,42.92,18.39,1.15,24.58,5.62,15.09,3.61,,2.99,5.47,,34.78,2.1,271.0,,0,158.68,,0.02,198.46,341.62,19.4,6.96,23.34,69.78,48.44,3.0,32.98,0.36,,,,0.03,0.08,14.96,65.11,0.63,20.16,0.0,0.0,31.9,,,252.0,405.0,44.88,100.4,89.82,42.1,16.98,1.11,13.5,5.03,8.57,,,,,21.35,59.5,0.72,152.0,0.0,0.0,45.5,975.0,,183.0,256.0,26.38,65.2,55.95,32.08,9.2,1.67,60.38,2.88,10.18,,,,,19.7,66.5,0.72,215.75,0.0,0.0,41.25,992.5,,269.0,453.0,30.8,97.62,77.08,50.92,24.78,1.86,40.9,11.92,10.48,,,,,22.0,54.5,3.02,203.0,0.0,0.0,117.25,965.25,,179.0,297.25,64.8,41.3,74.6,24.22,16.02,0.76,9.48,3.75,56.85,,,,,25.85,43.5,2.55,197.25,0.0,0.0,130.75,986.0,,206.0,395.0,17.38,67.68,50.15,34.15,7.88,0.54,19.7,2.4,83.18,,,,,23.45,52.25,1.3,54.0,0.0,0.0,102.25,982.0,,164.25,270.0,10.98,63.3,42.6,24.85,40.08,1.02,43.15,0.38,4.35,,,,,23.05,62.5,1.48,216.25,0.0,0.0,207.5,987.0,,168.8,425.15,26.28,103.56,77.96,46.91,24.56,1.43,32.81,2.6,6.93,5.77,,3.65,2.87,30.1,29.93,,,0.0,0.0,,996.5,,46.6,93.21,6.92,18.08,15.66,49.54,33.33,0.62,77.11,3.82,5.8,5.5,,4.3,6.05,,57.54,6.76,132.43,0.0,0.0,28.7,,
2024-12-08 10:00:00,98.34,210.75,10.3,51.09,35.56,,,1.32,69.41,,,,,,,,,,,,0,,,,111.68,322.4,12.54,49.57,36.13,42.64,16.18,0.55,24.78,3.18,5.4,1.92,,1.46,2.34,,29.0,2.25,272.89,,0,205.73,,0.09,171.26,303.84,20.1,9.62,29.12,68.49,47.92,2.68,32.93,0.22,,,,0.04,0.07,17.57,56.04,1.34,99.97,0.0,0.0,59.96,,,191.0,328.0,15.18,63.8,46.4,41.08,16.25,0.64,12.0,3.58,5.03,,,,,23.05,51.75,0.8,181.25,0.0,0.0,64.75,975.0,,151.0,232.0,16.5,51.88,41.0,41.88,8.07,1.32,137.38,1.75,5.03,,,,,22.52,49.25,0.55,236.5,0.0,0.0,72.5,993.0,,201.0,415.0,15.38,67.38,48.35,38.8,39.9,1.21,78.5,9.75,9.0,,,,,23.35,49.5,3.7,223.25,0.0,0.0,130.0,965.25,,142.0,271.75,37.75,44.55,54.4,24.3,15.88,0.57,20.6,3.08,45.05,,,,,27.1,40.5,3.68,189.25,0.0,0.0,176.0,986.0,,169.0,361.0,5.72,50.3,31.42,35.35,6.78,0.24,36.05,1.72,54.85,,,,,25.32,46.75,1.3,54.0,0.0,0.0,168.75,982.0,,153.5,259.0,8.17,39.25,27.55,22.45,42.88,0.78,97.6,0.3,3.5,,,,,26.25,44.25,1.88,230.0,0.0,0.0,302.0,987.0,,107.32,285.85,21.35,106.93,76.8,44.89,28.78,2.23,32.27,2.58,6.96,5.82,,3.7,2.84,30.1,29.93,,,0.0,0.0,,996.5,,49.2,98.4,7.11,17.74,16.84,48.84,26.51,0.57,65.08,3.89,5.74,5.73,,4.26,6.15,,,6.56,137.5,0.0,0.0,28.7,,
2024-12-08 11:00:00,86.46,209.86,9.01,37.47,27.25,,,1.18,98.75,,,,,,,,,,,,0,,,,108.1,287.95,11.94,48.43,35.47,39.78,12.44,0.37,55.25,2.63,4.76,1.58,,1.32,1.95,,26.18,2.47,280.65,,0,187.27,,0.04,137.15,300.0,20.49,13.16,33.36,67.23,47.55,2.37,33.0,0.32,,,,0.05,0.16,19.34,49.49,1.56,103.54,0.0,0.0,105.09,,,147.0,302.0,12.5,51.15,37.28,40.8,22.62,0.6,12.02,3.05,2.95,,,,,24.6,45.5,0.82,181.5,0.0,0.0,101.5,975.0,,111.0,201.0,11.4,51.0,36.83,45.42,7.38,1.22,167.28,1.32,2.95,,,,,23.92,42.5,0.78,238.5,0.0,0.0,88.5,992.25,,146.0,399.0,9.95,52.75,36.33,39.8,41.55,0.89,98.5,8.43,7.28,,,,,24.45,46.25,3.48,242.75,0.0,0.0,181.0,965.25,,117.75,253.0,13.92,48.98,37.33,24.4,15.3,0.45,36.55,2.55,34.83,,,,,27.92,38.75,4.12,199.25,0.0,0.0,195.25,986.0,,138.0,399.0,1.95,34.0,19.65,32.67,6.4,0.8,56.52,1.25,35.72,,,,,26.08,43.5,1.3,54.0,0.0,0.0,162.75,982.0,,122.75,275.25,5.68,29.92,20.52,23.45,44.7,0.61,127.82,0.3,2.85,,,,,27.35,39.5,2.12,238.25,0.0,0.0,265.5,986.75,,81.03,237.32,17.55,112.25,76.36,43.93,32.51,1.92,46.14,2.6,6.91,5.77,,3.71,2.88,30.1,29.93,,,0.0,0.0,,996.5,,58.23,116.47,7.16,18.17,15.8,51.3,16.44,0.57,56.62,3.9,5.8,5.53,,4.4,5.98,,37.94,7.15,138.03,0.0,0.0,28.7,,
2024-12-08 12:00:00,71.17,183.13,10.92,34.28,25.12,,,1.1,108.1,,,,,,,,,,,,0,,,,71.65,277.0,11.62,42.95,32.3,37.26,14.68,0.86,54.24,2.44,4.45,1.5,,1.42,1.81,,26.99,2.76,288.48,,0,184.08,,0.02,110.63,270.94,22.65,14.38,36.97,64.78,47.28,2.06,34.08,0.39,,,,0.04,0.35,20.3,48.38,1.55,118.36,0.0,0.0,117.4,,,118.0,273.0,11.2,43.45,32.1,40.58,21.85,0.45,12.8,2.58,3.48,,,,,25.15,44.25,1.0,196.75,0.0,0.0,107.5,975.0,,116.0,237.0,7.95,46.82,31.42,48.1,6.65,1.21,187.82,1.32,2.3,,,,,24.6,40.0,1.0,230.0,0.0,0.0,122.75,991.0,,129.0,395.0,7.72,40.45,27.95,38.92,29.7,0.76,111.15,7.5,6.0,,,,,24.98,45.5,3.75,256.25,0.0,0.0,210.5,965.25,,106.75,243.25,7.15,43.0,28.68,24.75,15.77,0.42,47.92,2.0,27.25,,,,,28.35,39.0,3.8,206.75,0.0,0.0,183.0,986.0,,102.0,324.0,1.7,42.75,24.15,45.75,6.65,0.71,64.25,1.05,27.4,,,,,26.8,42.75,1.3,54.0,0.0,0.0,167.5,978.5,,104.25,265.0,4.3,26.38,17.55,26.0,44.3,0.56,140.07,0.28,2.4,,,,,27.9,38.5,2.1,238.5,0.0,0.0,207.75,986.0,,62.35,186.7,14.6,113.18,74.8,42.68,27.58,2.52,45.03,2.57,6.95,5.75,,3.68,3.0,30.1,29.93,,,0.0,0.0,,996.5,,75.66,151.32,7.18,18.48,15.86,47.84,16.48,0.52,48.26,3.9,5.87,5.54,,4.2,6.19,,35.11,7.1,136.55,0.0,0.0,28.7,,
2024-12-08 13:00:00,80.11,165.55,10.54,33.22,24.76,,,1.09,113.15,,,,,,,,,,,,0,,,,54.6,269.62,11.78,45.75,33.57,45.55,14.43,0.81,56.78,2.27,5.32,1.5,,1.27,1.66,,27.48,2.13,284.07,,0,133.75,,-0.08,102.51,264.68,20.03,15.66,34.98,64.72,47.08,1.75,34.12,0.19,,,,0.04,0.08,20.93,49.15,1.27,99.49,0.0,0.0,160.14,,,93.0,268.0,10.85,42.15,31.18,40.62,17.15,0.44,13.5,2.15,2.12,,,,,25.62,45.0,0.78,187.0,0.0,0.0,140.0,975.0,,107.0,206.0,5.95,42.75,27.55,46.12,6.05,1.09,184.8,1.23,1.95,,,,,24.5,40.75,1.05,224.75,0.0,0.0,92.75,990.25,,114.0,302.0,7.72,44.22,29.75,45.25,20.23,0.76,120.18,6.18,5.18,,,,,25.22,45.75,3.12,251.5,0.0,0.0,151.75,965.25,,99.5,229.75,6.55,40.28,26.72,24.67,19.23,0.37,56.05,1.72,23.58,,,,,28.72,39.0,3.12,203.25,0.0,0.0,179.75,985.75,,100.0,340.0,1.8,40.62,23.08,55.5,5.3,0.68,69.62,0.98,26.9,,,,,26.9,43.5,1.3,54.0,0.0,0.0,152.5,977.0,,105.5,251.5,4.55,26.55,17.88,28.38,43.78,0.58,143.02,0.2,2.1,,,,,27.8,40.0,1.72,218.0,0.0,0.0,175.25,985.75,,55.45,166.7,13.22,109.19,71.48,41.27,26.07,2.5,37.11,2.58,6.94,5.77,,3.65,2.9,30.1,29.93,,,0.0,0.0,,996.5,,82.54,165.1,7.1,17.9,7.76,50.58,20.0,0.26,49.16,3.88,5.77,5.48,,4.36,6.2,,34.68,6.89,137.74,0.0,0.0,28.7,,
2024-12-08 14:00:00,88.77,154.66,11.32,42.54,31.69,,,1.11,117.18,,,,,,,,,,,,0,,,,53.12,263.15,12.57,47.99,35.75,40.07,10.94,0.54,53.26,2.14,4.98,1.31,,1.05,1.42,,28.15,2.14,291.3,,0,92.08,,-0.16,103.18,243.54,23.16,17.74,40.67,64.92,46.59,1.54,34.04,0.15,,,,0.04,0.12,21.22,49.79,0.94,144.04,0.0,0.0,101.85,,,92.0,222.0,13.42,38.78,31.5,39.92,22.27,0.72,13.75,2.48,2.15,,,,,25.9,44.75,0.65,183.5,0.0,0.0,85.75,975.0,,107.0,183.0,4.7,39.07,24.62,46.15,6.92,1.14,193.65,1.3,1.8,,,,,24.8,42.25,0.85,224.0,0.0,0.0,81.0,989.25,,106.0,261.0,6.4,46.85,29.98,53.78,19.9,0.79,119.55,5.78,4.75,,,,,25.35,46.0,2.72,250.75,0.0,0.0,118.75,965.0,,87.5,192.5,7.02,39.05,26.45,25.1,14.8,0.41,61.1,1.45,19.95,,,,,28.68,39.75,2.7,199.0,0.0,0.0,126.75,985.0,,96.0,263.0,1.27,43.42,24.12,58.25,4.82,0.68,72.45,1.12,23.58,,,,,26.7,45.25,1.3,54.0,0.0,0.0,108.25,976.0,,99.5,225.75,4.15,29.38,19.02,30.45,44.98,0.55,145.48,0.2,1.9,,,,,27.92,40.5,1.55,217.5,0.0,0.0,191.0,985.0,,60.42,179.72,12.58,107.07,69.7,40.08,25.93,2.56,64.36,2.58,7.04,5.78,,3.71,2.93,30.1,29.93,,,0.0,0.0,,996.5,,77.11,154.23,7.36,18.03,16.19,50.61,4.98,0.54,51.48,3.96,5.78,5.62,,4.39,5.96,,29.84,6.47,140.72,0.0,0.0,28.7,,
2024-12-08 15:00:00,81.86,166.25,9.32,45.99,32.06,,,1.13,108.89,,,,,,,,,,,,0,,,,43.08,246.5,11.88,51.06,36.81,35.73,10.12,0.94,54.18,2.34,6.12,1.47,,1.23,1.78,,29.44,1.9,290.35,,0,58.6,,-0.23,97.37,270.29,22.81,18.53,41.58,64.38,46.45,1.35,34.21,0.46,,,,0.02,0.26,20.66,53.68,0.34,45.86,0.0,0.0,57.43,,,85.0,202.0,10.45,41.35,30.55,39.15,22.15,0.88,15.68,1.8,3.0,,,,,25.45,46.0,0.57,168.75,0.0,0.0,53.75,975.0,,105.0,178.0,4.38,37.48,23.5,46.42,9.9,1.09,193.52,1.32,1.85,,,,,24.42,44.0,0.82,226.75,0.0,0.0,50.75,989.0,,108.0,273.0,9.0,52.28,35.35,55.58,18.58,0.89,121.35,6.18,5.15,,,,,25.05,47.0,2.55,257.0,0.0,0.0,78.0,965.0,,83.75,185.25,6.72,39.92,26.72,25.3,14.0,0.44,62.45,1.35,18.73,,,,,28.42,41.0,2.15,194.25,0.0,0.0,86.75,985.0,,99.0,252.0,0.82,42.12,23.08,57.12,5.32,0.68,72.32,0.98,18.23,,,,,26.8,45.75,1.3,54.0,0.0,0.0,78.5,976.5,,94.75,209.75,5.78,35.4,23.5,31.98,44.82,0.8,131.07,0.2,1.7,,,,,27.62,42.75,1.15,198.25,0.0,0.0,111.25,985.0,,60.62,177.02,12.21,102.76,67.3,38.57,26.85,2.54,64.46,2.58,6.98,5.74,,3.72,2.88,30.1,29.93,,,0.0,0.0,,996.5,,73.85,147.7,7.14,17.95,15.31,46.74,,0.66,55.22,3.96,5.83,5.51,,4.38,6.15,,33.31,6.21,122.44,0.0,0.0,28.7,,
2024-12-08 16:00:00,80.08,162.09,12.55,56.38,40.19,,,1.16,83.22,,,,,,,,,,,,0,,,,50.87,247.3,11.39,40.55,30.79,40.13,7.7,0.63,58.28,2.45,10.79,1.87,,1.42,2.12,,33.41,1.44,284.57,,0,31.87,,-0.28,95.16,223.62,22.46,18.64,40.93,64.16,46.28,1.21,33.96,0.24,,,,0.05,0.09,19.2,61.32,0.27,42.02,0.0,0.0,24.03,,,108.0,227.0,14.88,49.68,38.6,38.72,20.68,1.08,14.82,2.08,2.32,,,,,24.75,48.5,0.35,166.0,0.0,0.0,32.25,975.0,,92.0,163.0,7.0,44.45,29.4,44.92,10.98,1.12,164.28,1.25,1.72,,,,,23.62,47.25,0.57,224.5,0.0,0.0,29.75,988.0,,103.0,272.0,12.62,61.18,42.82,54.3,20.85,1.06,102.55,6.38,5.58,,,,,24.38,49.75,2.0,236.0,0.0,0.0,32.25,965.0,,85.75,196.75,8.8,40.25,28.58,25.05,14.95,0.46,51.65,1.25,19.08,,,,,27.62,43.5,1.68,209.0,0.0,0.0,31.75,985.0,,95.0,267.0,1.33,40.67,22.45,43.08,5.05,0.76,66.55,0.98,20.45,,,,,26.05,48.0,1.3,54.0,0.0,0.0,26.75,980.0,,92.5,209.25,4.85,52.75,32.0,32.48,41.62,1.0,97.05,0.2,1.7,,,,,26.22,48.5,0.92,170.0,0.0,0.0,56.0,985.0,,59.85,173.12,11.43,99.32,64.86,37.17,26.0,2.67,41.84,2.58,6.96,5.88,,3.62,2.92,30.1,29.93,,,0.0,0.0,,996.5,,69.66,139.34,7.11,18.27,15.44,47.91,,0.69,57.06,3.88,5.83,5.57,,4.43,6.01,,,6.15,114.23,0.0,0.0,28.7,,
2024-12-08 17:00:00,83.26,168.63,32.02,124.17,92.08,,,1.37,19.38,,,,,,,,,,,,0,,,,109.6,240.65,9.64,36.06,26.98,35.95,8.37,0.72,15.19,2.79,11.3,2.43,,2.51,3.78,,45.05,0.54,188.92,,0,15.5,,-0.31,96.36,246.33,22.54,20.28,42.81,63.87,46.38,1.28,33.94,0.08,,,,0.04,0.17,16.94,70.33,0.46,40.16,0.0,0.0,3.3,,,87.0,201.0,19.58,81.2,59.12,38.0,17.12,1.76,13.9,2.25,2.38,,,,,23.15,55.25,0.25,155.5,0.0,0.0,9.75,975.0,,88.0,161.0,3.98,47.95,28.75,37.83,9.55,1.18,142.38,1.15,2.08,,,,,22.08,55.0,1.12,193.0,0.0,0.0,6.0,988.0,,117.0,309.0,19.08,96.18,66.97,48.28,16.45,1.64,67.53,9.7,5.65,,,,,23.25,53.75,1.48,247.75,0.0,0.0,10.0,965.0,,88.0,209.5,10.73,40.98,30.52,24.48,10.48,0.89,13.25,1.12,19.4,,,,,25.45,52.0,0.4,239.75,0.0,0.0,6.5,986.0,,108.0,340.0,2.38,60.32,34.02,38.75,4.58,1.26,40.72,1.08,36.55,,,,,24.95,52.5,1.3,54.0,0.0,0.0,7.0,981.75,,90.5,201.75,12.7,85.92,56.0,34.2,39.05,1.36,32.28,0.2,1.68,,,,,23.7,62.5,0.62,141.75,0.0,0.0,14.25,985.0,,64.45,189.52,11.57,91.18,60.62,35.4,25.61,2.85,44.4,2.62,6.92,5.71,,3.69,2.84,30.1,29.93,,,0.0,0.0,,996.5,,58.69,117.39,7.58,17.84,10.44,51.59,,0.55,60.7,4.04,5.76,5.17,,4.41,6.09,,,5.71,93.07,0.0,0.0,28.7,,
2024-12-08 18:00:00,76.5,171.76,41.07,138.33,106.89,,,1.6,15.62,,,,,,,,,,,,0,,,,87.5,222.9,11.62,49.98,36.03,39.06,7.74,1.67,15.44,4.32,15.46,4.24,,3.87,6.87,,57.06,0.48,124.82,,0,17.23,,-0.3,113.98,424.62,22.93,18.81,41.66,64.12,46.53,1.4,33.94,0.17,,,,0.03,0.18,16.28,76.55,0.68,77.36,0.0,0.0,,,,145.0,305.0,50.58,97.8,92.8,38.6,19.18,2.92,12.08,2.22,3.72,,,,,22.05,61.25,0.25,147.75,0.0,0.0,7.0,975.0,,97.0,197.0,5.35,57.58,34.98,48.42,10.48,1.21,120.78,1.25,2.58,,,,,20.58,61.5,0.78,183.5,0.0,0.0,3.0,988.0,,128.0,344.0,24.33,101.55,73.82,40.52,14.98,2.25,26.68,11.48,6.5,,,,,21.98,59.25,0.82,273.0,0.0,0.0,10.0,966.0,,104.75,246.5,15.08,41.6,34.38,25.0,9.07,1.3,3.35,1.2,19.7,,,,,24.6,55.25,0.75,177.75,0.0,0.0,5.0,986.0,,136.0,458.0,7.78,88.22,53.25,41.68,4.4,1.85,16.42,1.65,56.98,,,,,24.15,56.25,1.3,54.0,0.0,0.0,3.0,982.0,,99.0,262.0,27.38,88.62,69.38,38.5,39.02,1.62,7.58,0.2,3.65,,,,,22.85,74.25,1.0,121.25,0.0,0.0,9.0,985.0,,65.25,187.1,12.75,86.01,58.87,34.53,24.28,2.79,24.99,2.58,6.94,5.79,,3.64,2.92,30.1,29.93,,,0.0,0.0,,996.5,,59.42,118.85,7.02,18.4,15.16,51.28,,0.67,70.56,3.86,5.78,5.47,,4.36,6.17,,,6.02,84.16,0.0,0.0,28.7,,
2024-12-08 19:00:00,77.06,175.29,21.58,102.77,72.2,,,1.65,33.78,,,,,,,,,,,,0,,,,86.9,245.05,11.63,42.03,31.3,41.0,8.0,2.07,15.04,5.72,21.35,6.17,,4.82,9.76,,42.75,1.53,278.01,,0,21.83,,-0.29,126.61,294.08,22.83,18.91,41.82,63.58,46.63,1.54,33.78,0.3,,,,0.04,0.11,15.02,83.36,0.3,33.02,0.0,0.0,,,,194.0,394.0,64.88,102.32,107.02,36.88,23.8,2.86,11.28,2.6,4.9,,,,,21.78,64.5,0.32,155.75,0.0,0.0,7.0,975.0,,107.0,207.0,5.32,56.05,34.15,52.4,10.02,1.25,115.22,1.38,3.48,,,,,20.42,63.5,0.62,190.25,0.0,0.0,3.5,988.0,,175.0,431.0,35.8,113.57,89.15,41.3,13.78,2.55,26.83,11.32,7.68,,,,,22.0,59.75,2.15,215.5,0.0,0.0,9.75,965.75,,118.75,268.0,16.0,42.88,35.83,24.93,8.43,1.09,19.42,1.52,21.22,,,,,25.78,51.0,2.15,181.25,0.0,0.0,5.0,986.0,,179.0,621.0,9.88,89.52,55.68,44.02,4.05,2.0,15.38,2.4,82.42,,,,,24.02,59.0,1.3,54.0,0.0,0.0,3.0,982.0,,120.75,262.75,17.85,60.58,46.7,36.5,37.75,1.52,9.58,0.2,4.1,,,,,21.72,83.5,0.72,143.25,0.0,0.0,9.0,985.0,,63.42,178.85,13.83,85.85,59.72,34.47,23.98,2.83,25.49,2.6,6.91,5.7,,3.69,2.95,30.1,29.93,,,0.0,0.0,,996.5,,61.01,122.02,7.16,17.84,15.32,50.5,23.27,0.56,73.44,3.94,5.84,5.46,,4.36,6.08,,,5.55,87.19,0.0,0.0,28.7,,
2024-12-08 20:00:00,80.8,162.18,16.74,105.62,69.83,,,1.46,30.22,,,,,,,,,,,,0,,,,77.22,249.55,10.33,37.16,27.3,40.42,10.78,2.78,7.54,3.4,8.12,2.6,,1.86,3.7,,40.01,0.81,193.03,,0,17.73,,-0.3,131.52,313.87,24.1,18.93,43.09,63.54,46.91,1.68,34.4,0.22,,,,0.02,0.12,14.66,79.16,0.92,60.47,0.0,0.0,,,,190.0,372.0,20.58,63.35,50.6,39.75,14.07,1.14,11.3,2.2,3.9,,,,,21.85,69.0,0.4,176.75,0.0,0.0,6.5,975.0,,111.0,201.0,5.48,56.25,34.45,53.82,9.43,1.29,92.7,1.4,3.52,,,,,20.05,65.75,0.48,233.75,0.0,0.0,3.25,988.0,,143.0,342.0,14.28,67.97,47.75,41.78,13.6,1.53,70.82,10.02,6.82,,,,,22.22,61.25,1.78,226.75,0.0,0.0,10.0,966.0,,104.0,222.0,15.48,44.6,36.28,24.83,17.45,1.14,29.68,1.45,20.82,,,,,26.4,48.75,3.02,176.75,0.0,0.0,5.0,986.0,,215.0,506.0,5.98,81.35,48.12,53.1,3.58,1.69,20.02,2.15,74.4,,,,,23.65,62.0,1.3,54.0,0.0,0.0,3.0,978.75,,118.75,211.75,54.4,37.05,63.9,36.35,38.28,1.92,4.35,0.2,4.28,,,,,20.92,83.75,0.82,116.5,0.0,0.0,9.0,985.0,,64.97,184.58,14.88,82.51,58.64,34.67,23.72,2.72,15.41,2.6,6.96,5.79,,3.72,2.92,30.1,29.93,,,0.0,0.0,,996.5,,61.5,123.0,7.38,17.64,15.48,49.57,19.97,0.58,77.27,3.98,5.68,5.44,,4.3,6.02,,,5.43,133.58,0.0,0.0,28.7,,
2024-12-08 21:00:00,99.44,211.38,26.35,114.98,82.58,,,1.63,16.92,,,,,,,,,,,,0,,,,91.88,258.92,13.11,56.92,40.93,44.92,8.14,1.46,7.68,3.54,6.95,2.02,,1.5,3.14,,41.57,0.78,196.99,,0,17.4,,-0.29,151.97,290.28,21.06,17.51,38.77,63.77,47.04,1.67,34.43,0.29,,,,0.02,0.4,15.84,70.46,1.23,38.19,0.0,0.0,,,,156.0,257.0,22.18,64.72,52.45,40.35,13.25,1.18,12.6,2.52,3.8,,,,,21.55,68.0,0.45,174.25,0.0,0.0,6.5,975.0,,112.0,189.0,6.28,49.42,31.42,54.58,10.67,1.4,74.28,1.7,4.0,,,,,19.12,71.25,0.52,278.75,0.0,0.0,3.0,988.25,,134.0,228.0,15.72,79.68,55.1,48.15,14.6,1.76,34.95,8.2,6.0,,,,,21.45,63.5,1.67,235.5,0.0,0.0,10.0,966.0,,134.0,271.0,12.45,45.22,33.9,24.68,14.68,0.87,31.82,1.8,20.08,,,,,25.8,48.0,2.98,159.25,0.0,0.0,5.0,986.0,,166.0,356.0,9.38,81.03,50.7,64.72,3.4,1.76,14.12,2.12,51.28,,,,,22.78,66.25,1.3,54.0,0.0,0.0,3.0,977.0,,125.0,203.75,45.8,55.78,66.88,36.85,38.85,1.6,20.25,0.25,4.35,,,,,21.58,79.0,1.08,149.25,0.0,0.0,9.0,985.0,,74.62,211.9,19.49,83.21,62.76,37.0,23.77,2.88,15.41,2.6,7.05,5.78,,3.7,2.92,30.1,29.93,,,0.0,0.0,,996.5,,62.05,124.1,7.12,17.6,15.19,49.96,11.58,0.68,81.26,3.87,5.76,5.56,,4.31,6.04,,,5.02,316.35,0.0,0.0,28.7,,
2024-12-08 22:00:00,104.71,207.96,17.96,93.16,64.17,,,1.68,31.7,,,,,,,,,,,,0,,,,90.3,239.25,10.98,44.52,32.6,36.44,8.6,1.37,7.7,2.33,3.24,1.51,,1.1,1.93,,42.72,1.0,208.61,,0,18.05,,-0.29,96.36,208.5,22.58,19.72,41.98,64.36,46.85,1.55,34.09,0.29,,,,0.02,0.17,15.41,72.16,0.74,85.39,0.0,0.0,,,,169.0,299.0,23.28,65.88,54.0,39.3,12.92,0.86,11.88,2.2,4.35,,,,,21.22,65.75,0.45,169.5,0.0,0.0,6.75,975.0,,123.0,210.0,5.32,44.68,28.08,52.08,11.08,1.32,62.9,1.85,3.6,,,,,18.77,73.25,0.9,103.25,0.0,0.0,4.0,989.0,,151.0,284.0,11.1,59.82,40.88,54.25,13.98,1.27,40.05,7.1,5.58,,,,,21.3,60.0,2.62,210.25,0.0,0.0,10.0,966.0,,102.75,230.5,9.6,43.42,30.88,24.87,15.12,0.72,29.52,1.78,17.2,,,,,25.4,50.0,3.6,196.25,0.0,0.0,5.0,986.0,,219.0,436.0,13.58,79.25,53.2,66.05,3.0,1.77,12.28,2.35,61.3,,,,,22.5,66.75,1.3,54.0,0.0,0.0,3.0,977.0,,90.5,164.75,5.35,43.0,27.22,31.6,37.22,0.92,31.42,0.22,3.25,,,,,21.88,73.75,1.15,121.0,0.0,0.0,9.0,985.5,,66.67,191.33,19.82,89.1,66.35,38.37,24.86,2.37,14.75,2.57,7.0,5.81,,3.72,2.86,30.1,29.93,,,0.0,0.0,,996.5,,64.2,128.39,6.96,17.84,16.07,47.57,10.62,0.72,84.26,3.97,5.92,5.48,,4.27,6.12,,,5.18,181.29,0.0,0.0,28.7,,
2024-12-08 23:00:00,84.86,153.58,11.76,74.82,49.37,,,1.42,42.63,,,,,,,,,,,,0,,,,68.8,206.7,11.94,49.28,35.66,34.88,7.56,1.5,7.4,2.47,3.48,1.33,,1.09,1.73,,50.22,1.24,216.38,,0,16.93,,-0.28,72.67,169.3,23.1,21.16,43.86,63.23,46.67,1.45,34.06,0.24,,,,0.02,0.06,14.22,78.67,0.58,51.07,0.0,0.0,,,,124.0,206.0,17.05,43.68,37.17,38.02,9.8,0.31,12.52,1.82,3.32,,,,,21.08,64.25,0.42,169.0,0.0,0.0,6.75,975.0,,128.0,200.0,6.0,46.8,29.75,49.8,11.45,1.4,34.78,2.0,4.2,,,,,18.08,76.75,0.62,122.5,0.0,0.0,3.75,989.0,,134.0,237.0,7.62,60.4,38.5,55.82,14.55,0.92,43.3,6.68,5.0,,,,,21.12,60.25,2.08,193.75,0.0,0.0,10.0,966.0,,94.25,214.5,8.5,42.62,29.6,24.47,17.58,0.7,36.95,1.72,14.82,,,,,24.55,56.5,4.4,171.0,0.0,0.0,5.0,986.0,,182.0,377.0,18.1,61.35,47.35,63.48,3.05,1.35,16.02,2.3,61.5,,,,,21.95,67.0,1.3,54.0,0.0,0.0,3.0,977.75,,72.0,124.75,15.6,43.62,35.9,32.67,36.7,1.11,6.9,0.2,2.7,,,,,21.0,81.75,0.88,132.75,0.0,0.0,9.0,986.0,,,,,,,,,,12.57,2.62,6.91,5.77,,3.63,2.82,30.1,29.93,,,0.0,0.0,,996.5,,66.21,132.42,7.14,19.52,15.54,50.77,7.08,0.75,86.3,3.74,5.74,5.39,,4.29,6.03,,,5.5,23.19,0.0,0.0,28.7,,
2024-12-09 00:00:00,82.78,129.29,13.66,42.97,33.26,,,1.18,66.24,,,,,,,,,,,,0,,,,49.2,214.37,12.34,51.81,37.11,39.16,8.11,1.25,5.86,2.23,2.89,1.19,,0.94,1.38,,68.89,1.06,227.73,,0,16.67,,-0.28,70.05,154.86,22.89,23.74,46.68,62.07,46.51,1.33,33.9,0.09,,,,0.05,0.14,13.5,81.56,0.76,26.28,0.0,0.0,,,,80.0,140.0,11.12,34.55,27.12,38.2,7.85,0.15,13.62,1.1,2.0,,,,,21.0,66.25,1.02,145.5,0.0,0.0,7.0,975.0,,129.0,189.0,6.58,47.3,30.52,44.72,11.55,1.16,24.58,1.95,4.28,,,,,17.73,78.0,0.55,180.0,0.0,0.0,3.25,989.0,,108.0,195.0,6.48,37.0,24.98,58.3,12.58,0.62,78.7,5.35,4.1,,,,,20.68,64.5,4.05,209.0,0.0,0.0,10.0,965.25,,101.0,209.25,7.68,41.25,28.2,24.3,6.67,0.56,34.8,1.5,12.52,,,,,23.18,66.25,3.8,187.75,0.0,0.0,5.0,986.0,,133.0,263.0,2.37,35.28,20.05,47.82,8.5,0.8,29.75,1.68,30.5,,,,,21.85,65.0,1.3,54.0,0.0,0.0,3.0,980.5,,86.5,121.33,14.42,45.28,35.78,31.05,37.0,0.96,7.35,0.2,2.38,,,,,20.27,83.75,0.95,175.25,0.0,0.0,9.0,986.0,,,,,,,,,,11.98,2.6,6.98,5.68,,3.63,2.88,30.1,29.93,,,0.0,0.0,,996.5,,60.68,121.36,7.44,18.15,11.72,48.81,10.16,0.51,84.05,3.93,5.82,5.46,,4.39,6.35,,,4.66,52.05,0.0,0.0,28.7,,
2024-12-09 01:00:00,76.09,88.48,14.93,48.69,35.9,,,1.04,43.47,,,,,,,,,,,,0,,,,56.92,187.08,12.05,45.4,33.95,41.86,9.28,1.26,5.92,1.93,3.04,1.2,,0.9,1.31,,71.4,1.29,266.04,,0,16.8,,-0.27,59.89,113.83,23.16,24.54,47.54,62.19,46.41,1.17,33.64,0.2,,,,0.04,0.1,12.61,84.88,0.06,8.0,0.0,0.0,,,,79.0,151.0,10.48,32.88,25.92,39.65,7.52,0.05,14.2,1.02,2.12,,,,,20.25,73.25,0.68,149.25,0.0,0.0,7.0,975.0,,125.0,172.0,8.07,53.97,38.15,41.8,10.82,1.17,17.0,1.85,4.18,,,,,17.0,81.5,0.52,205.75,0.0,0.0,3.0,989.0,,116.0,204.0,7.6,34.6,24.6,59.48,9.4,0.53,71.6,4.4,3.58,,,,,19.92,71.5,2.75,195.25,0.0,0.0,10.0,966.0,,77.75,122.25,8.82,37.67,27.2,25.2,8.4,0.48,29.5,1.23,11.82,,,,,22.6,68.75,2.18,139.5,0.0,0.0,5.0,986.0,,,211.0,1.78,36.48,20.82,44.32,10.12,0.6,38.9,1.25,21.18,,,,,21.55,69.75,1.3,54.0,0.0,0.0,3.0,981.75,,62.75,93.25,5.4,46.78,29.25,30.5,36.72,0.7,20.5,0.12,1.98,,,,,20.62,83.75,0.9,172.0,0.0,0.0,9.0,986.0,,,,,,,,,,11.94,2.6,7.0,5.78,,3.68,2.9,30.1,29.93,,,0.0,0.0,,996.5,,52.17,104.35,7.02,18.42,15.97,48.5,12.21,0.53,85.14,3.96,5.78,5.42,,4.34,6.02,,,6.12,66.78,0.0,0.0,28.7,,
2024-12-09 02:00:00,96.68,66.16,9.27,42.3,30.04,,,1.02,30.54,,,,,,,,,,,,0,,,,49.35,162.62,12.52,51.06,36.64,40.9,9.94,1.29,5.93,1.93,3.34,1.29,,1.18,1.53,,74.84,0.79,136.81,,0,16.6,,-0.28,40.64,73.21,23.82,26.07,49.72,62.07,46.29,1.04,33.38,0.3,,,,0.02,0.16,11.92,88.31,0.35,7.96,0.0,0.0,,,,93.0,121.0,11.2,35.2,27.7,39.6,,,11.27,1.32,1.9,,,,,19.5,77.5,0.32,163.25,0.0,0.0,7.0,975.0,,107.0,160.0,9.1,71.3,45.3,37.6,11.3,1.16,11.85,1.68,4.22,,,,,17.1,83.0,0.5,198.0,0.0,0.0,3.25,989.25,,,,6.0,28.2,19.9,50.5,8.6,0.46,80.75,3.97,3.8,,,,,19.27,75.0,1.48,150.75,0.0,0.0,10.0,966.0,,65.0,86.75,10.7,35.62,27.68,25.55,7.38,0.52,23.9,1.2,10.72,,,,,22.2,69.75,1.48,245.5,0.0,0.0,5.0,986.0,,,223.0,2.4,42.0,24.3,45.7,10.0,0.53,22.8,1.23,20.92,,,,,20.7,76.0,1.3,54.0,0.0,0.0,3.0,982.0,,44.0,64.25,6.9,41.7,27.8,30.3,36.9,0.69,8.22,0.15,1.65,,,,,19.45,82.75,0.7,140.75,0.0,0.0,8.75,986.0,,,,,,,,,,11.33,2.62,7.02,5.82,,3.72,2.89,30.1,29.93,,,0.0,0.0,,996.5,,47.47,94.94,7.3,18.1,15.44,48.8,14.94,0.54,83.02,3.87,5.7,5.46,,4.28,6.27,,,5.86,67.57,0.0,0.0,28.7,,
2024-12-09 03:00:00,40.25,64.81,20.07,37.23,28.08,,,0.98,20.12,,,,,,,,,,,,0,,,,,,,,,,,,,,,,,,,,,,,,0,,,,47.98,75.83,23.57,27.01,50.48,61.68,46.26,0.92,33.33,0.11,,,,0.05,0.2,11.43,89.88,0.4,7.98,0.0,0.0,,,,64.0,89.0,13.15,38.92,31.2,40.65,12.02,0.36,12.82,1.45,1.35,,,,,18.98,81.0,0.3,159.25,0.0,0.0,7.0,975.0,,90.0,121.0,10.35,70.13,44.35,19.15,8.5,1.03,21.82,1.27,3.65,,,,,16.9,82.75,0.73,138.25,0.0,0.0,4.0,990.0,,100.0,102.0,6.2,45.28,27.18,37.92,5.52,0.4,61.02,3.65,3.22,,,,,18.73,77.25,1.38,163.5,0.0,0.0,10.0,966.0,,68.25,90.0,13.1,36.28,29.92,25.35,5.93,0.47,24.22,1.38,10.55,,,,,22.08,70.25,2.28,198.75,0.0,0.0,5.0,986.0,,,185.0,1.25,30.72,17.38,43.52,9.0,0.49,20.08,1.1,24.3,,,,,19.75,80.5,1.3,54.0,0.0,0.0,3.0,982.0,,44.0,62.5,17.18,22.5,25.95,25.02,36.98,0.81,4.18,0.1,1.48,,,,,18.5,82.5,0.8,112.25,0.0,0.0,9.0,986.0,,,,,,,,,,9.56,2.6,6.96,5.78,,3.69,2.88,30.1,29.93,,,0.0,0.0,,996.5,,42.53,85.06,7.37,17.9,16.18,51.59,22.78,0.54,82.89,3.97,5.76,5.6,,4.41,6.17,,,5.2,68.28,0.0,0.0,28.7,,
2024-12-09 04:00:00,47.86,66.45,14.5,46.5,34.3,,,0.98,16.24,,,,,,,,,,,,0,,,,39.87,152.27,,55.57,40.48,42.25,9.74,1.63,8.37,2.21,2.12,1.05,,0.78,1.3,,82.94,0.42,103.0,,0,15.87,,-0.26,51.5,77.12,24.66,28.87,53.27,61.24,46.23,0.83,33.84,0.71,,,,0.01,0.16,10.94,91.42,,7.98,0.0,0.0,,,,45.0,75.0,13.18,40.98,32.42,41.28,12.6,0.41,11.68,1.38,1.32,,,,,18.75,82.5,0.3,155.5,0.0,0.0,7.0,975.0,,66.0,83.0,9.48,59.32,39.28,15.72,8.35,0.83,21.05,0.98,2.7,,,,,16.65,82.5,0.55,180.25,0.0,0.0,3.75,990.0,,78.0,88.0,6.58,43.82,28.38,37.17,7.82,0.42,53.65,3.38,3.05,,,,,18.35,79.5,0.77,202.75,0.0,0.0,10.0,966.0,,52.0,74.75,13.2,37.38,30.65,25.15,5.57,0.42,20.45,1.5,9.72,,,,,21.32,73.25,0.82,137.25,0.0,0.0,5.0,986.0,,,130.0,2.7,38.88,22.88,44.85,9.32,0.47,17.45,1.25,17.4,,,,,19.45,83.5,1.3,54.0,0.0,0.0,3.0,979.75,,44.25,64.0,14.5,18.02,21.35,27.7,36.3,0.87,4.15,0.1,1.32,,,,,17.92,87.0,0.85,88.25,0.0,0.0,9.0,986.0,,,,,,,,,,9.92,2.56,7.01,5.7,,3.66,2.89,30.1,29.93,,,0.0,0.0,,996.5,,32.64,65.28,6.94,17.98,15.54,48.4,26.25,0.54,86.1,3.91,5.81,5.47,,4.29,6.12,,,5.0,135.44,0.0,0.0,28.7,,
2024-12-09 05:00:00,53.97,85.18,16.94,42.58,36.12,,,1.02,15.58,,,,,,,,,,,,0,,,,39.5,139.72,12.01,47.63,34.82,38.4,10.09,1.86,8.68,2.19,2.19,1.18,,0.87,1.45,,88.06,0.4,154.09,,0,17.32,,-0.26,50.24,79.29,24.71,28.02,53.08,60.86,46.67,0.79,34.57,0.32,,,,0.02,0.13,10.68,92.27,0.7,7.99,0.0,0.0,,,,46.0,73.0,14.4,36.05,30.85,40.98,13.4,0.46,11.5,1.32,1.23,,,,,18.32,84.75,0.2,160.5,0.0,0.0,7.0,975.0,,28.0,69.0,11.48,51.95,37.0,19.85,8.18,0.86,12.22,0.98,2.52,,,,,16.18,82.0,0.38,226.75,0.0,0.0,3.0,990.0,,74.0,91.0,11.08,41.62,31.02,39.35,8.65,0.51,54.02,3.55,3.05,,,,,18.08,81.75,0.7,247.25,0.0,0.0,10.0,966.0,,55.25,73.5,13.98,35.15,30.05,25.35,4.8,0.39,12.3,1.32,8.52,,,,,20.3,79.5,0.4,28.0,0.0,0.0,5.0,986.0,,,113.0,6.2,49.45,31.38,51.38,9.5,0.75,13.25,1.55,21.35,,,,,19.88,81.25,1.3,54.0,0.0,0.0,3.0,978.0,,46.25,59.5,7.52,11.18,12.08,26.45,36.2,0.79,4.1,0.12,1.15,,,,,17.6,88.0,0.82,104.5,0.0,0.0,9.0,986.0,,,,,,,,,,15.61,2.6,7.03,5.68,,3.73,2.87,30.1,29.93,,,0.0,0.0,,996.5,,27.1,54.2,7.17,18.26,16.0,48.43,21.87,0.58,87.26,3.83,5.64,5.33,,4.31,6.21,,,4.18,216.25,0.0,0.0,28.7,,
2024-12-09 06:00:00,54.28,80.37,28.82,52.78,51.57,,,1.12,18.19,,,,,,,,,,,,0,,,,55.32,127.88,10.92,31.95,25.84,40.73,10.9,1.84,8.59,2.18,3.14,1.3,,0.94,1.65,,89.35,0.78,167.96,,0,18.23,,-0.24,61.58,89.12,23.85,25.7,49.6,61.4,46.72,0.79,34.06,0.14,,,,0.02,0.07,10.49,92.74,0.11,7.97,0.0,0.0,,,,57.0,94.0,35.17,36.3,48.15,40.9,13.98,0.71,11.62,1.55,1.95,,,,,18.25,86.75,0.3,145.25,0.0,0.0,7.0,975.0,,46.0,64.0,13.72,51.0,38.28,25.6,9.15,0.71,13.8,1.0,2.5,,,,,15.72,82.25,0.3,267.25,0.0,0.0,3.0,991.0,,92.0,119.0,12.7,45.5,34.5,47.6,9.65,0.57,55.85,4.03,3.18,,,,,17.9,82.5,0.42,322.5,0.0,0.0,9.5,965.5,,56.25,74.75,16.32,34.0,31.2,25.28,4.87,0.48,7.38,1.1,7.75,,,,,20.58,77.0,0.7,162.75,0.0,0.0,5.25,986.0,,,206.0,18.82,54.68,44.38,56.1,9.78,0.88,9.3,1.42,20.8,,,,,19.88,81.25,1.3,54.0,0.0,0.0,3.0,978.0,,43.25,58.75,10.05,11.98,14.55,24.65,36.4,0.76,4.38,0.1,1.08,,,,,17.5,88.0,0.7,98.25,0.0,0.0,9.0,987.0,,,,,,,,,,15.23,2.57,7.02,5.86,,3.66,2.87,30.1,29.93,,,0.0,0.0,,996.5,,23.89,47.79,7.18,18.45,16.62,48.41,23.39,0.55,88.12,3.97,5.87,5.58,,4.45,6.18,,,3.04,216.75,0.0,0.0,28.7,,
2024-12-09 07:00:00,64.08,93.59,99.77,59.95,113.06,,,1.35,19.32,,,,,,,,,,,,0,,,,42.68,127.08,10.16,35.95,27.08,42.93,10.06,1.92,8.52,3.16,4.53,1.67,,1.1,2.05,,82.42,0.9,118.4,,0,31.48,,-0.18,71.43,161.18,23.3,24.07,47.58,62.08,46.82,0.86,34.03,0.14,,,,0.01,0.14,10.56,92.66,,7.92,0.0,0.0,6.06,,,76.0,132.0,27.98,42.2,45.25,40.58,14.2,0.95,11.8,1.1,3.55,,,,,18.18,87.0,0.3,187.5,0.0,0.0,13.0,975.0,,50.0,108.0,11.7,48.25,35.15,32.5,9.22,0.82,17.18,1.25,2.85,,,,,15.58,82.25,0.32,202.75,0.0,0.0,7.75,991.75,,94.0,175.0,41.6,66.53,69.02,46.92,10.18,0.99,43.82,4.38,3.9,,,,,18.1,81.75,1.23,208.25,0.0,0.0,12.75,966.0,,57.0,83.0,19.17,35.07,34.23,25.15,5.43,0.93,7.67,0.97,9.13,,,,,21.23,74.0,1.2,326.67,0.0,0.0,21.0,986.0,,,197.0,25.95,53.3,49.48,58.4,10.02,0.98,9.98,1.7,35.4,,,,,19.0,80.0,1.3,54.0,0.0,0.0,12.25,978.0,,39.75,58.25,17.45,14.92,22.15,23.0,36.72,0.82,3.92,0.1,1.05,,,,,17.25,88.0,0.75,78.75,0.0,0.0,20.25,987.0,,,,,,,,,,22.22,2.58,7.15,5.82,,3.61,2.94,30.1,29.93,,,0.0,0.0,,996.5,,24.8,49.59,6.9,17.66,15.47,49.24,31.38,0.5,90.18,3.82,5.75,5.46,,4.32,6.24,,,5.44,266.31,0.0,0.0,28.7,,
2024-12-09 08:00:00,53.34,84.56,50.61,67.46,77.05,,,1.46,17.33,,,,,,,,,,,,0,,,,91.3,175.15,13.28,57.2,41.1,46.44,8.99,1.82,24.67,3.79,4.01,1.62,,1.07,2.24,,66.54,0.56,316.07,,0,85.98,,-0.09,65.87,124.03,23.43,22.66,46.29,63.02,47.0,1.02,33.78,0.15,,,,0.02,0.21,12.0,87.66,0.2,15.92,0.0,0.0,19.35,,,82.0,189.0,19.05,50.12,42.35,39.78,14.17,0.67,11.12,0.88,2.5,,,,,18.65,85.25,0.3,183.5,0.0,0.0,32.5,975.0,,66.0,130.0,15.12,42.05,34.7,31.48,8.5,0.83,25.05,1.58,3.15,,,,,16.12,81.75,0.35,209.75,0.0,0.0,24.0,993.0,,92.0,143.0,18.08,65.32,49.68,53.58,10.15,0.89,54.85,4.3,3.62,,,,,19.08,75.75,0.92,215.25,0.0,0.0,50.25,965.5,,97.0,143.0,20.05,35.05,34.83,25.2,5.9,0.69,20.5,1.12,8.85,,,,,22.78,65.0,0.82,301.5,0.0,0.0,53.25,986.0,,,296.0,14.58,40.38,33.33,47.28,9.93,1.0,14.58,1.78,32.25,,,,,19.53,73.25,1.3,54.0,0.0,0.0,44.75,980.5,,48.75,67.0,23.08,27.78,33.52,24.48,36.83,0.95,7.25,0.1,0.98,,,,,18.9,87.0,0.85,79.75,0.0,0.0,81.25,987.5,,,,,,,,,,,,,,,,,30.1,29.93,,,0.0,0.0,,996.5,,25.52,51.03,7.3,18.74,15.34,47.56,27.77,0.5,90.82,3.95,5.81,5.6,,4.19,6.06,,,4.86,98.72,0.0,0.0,28.7,,
2024-12-09 09:00:00,62.42,135.93,32.61,97.33,78.2,,,1.51,14.2,,,,,,,,,,,,0,,,,76.55,179.88,10.58,42.26,31.02,39.24,10.51,1.06,23.9,2.18,2.41,1.3,,0.93,1.58,,52.18,0.53,130.03,,0,155.88,,0.04,83.98,158.26,22.01,21.6,43.7,63.32,46.86,1.0,33.34,0.25,,,,0.06,0.19,14.03,75.4,1.35,165.73,0.0,0.0,31.77,,,80.0,132.0,26.2,61.12,53.95,40.15,15.5,0.99,11.98,1.02,2.17,,,,,19.9,78.0,0.4,203.5,0.0,0.0,51.0,975.0,,69.0,169.0,8.07,38.72,27.2,35.62,10.1,0.9,63.0,1.7,1.9,,,,,18.1,70.25,0.45,209.25,0.0,0.0,43.25,994.5,,96.0,179.0,22.5,69.42,54.98,50.0,10.65,1.23,50.32,4.9,3.62,,,,,20.52,69.25,1.6,231.75,0.0,0.0,110.5,965.25,,77.0,136.0,17.82,36.48,33.92,25.28,19.15,0.55,29.98,1.18,7.88,,,,,25.3,52.5,1.1,224.25,0.0,0.0,134.25,986.0,,,280.0,6.3,33.6,22.98,43.0,10.02,0.99,21.75,1.62,17.8,,,,,21.33,65.25,1.3,54.0,0.0,0.0,120.0,982.0,,56.5,91.75,27.88,71.32,60.58,30.08,37.4,1.08,19.6,0.1,1.05,,,,,22.42,78.25,1.68,83.25,0.0,0.0,211.75,988.0,,,,,,,,,,,,,,,,,30.1,29.93,,,0.0,0.0,,996.5,,26.5,53.01,7.55,17.58,15.23,47.34,5.55,0.5,90.7,4.03,5.74,5.42,,4.17,5.91,,,4.28,34.7,0.0,0.0,28.7,,
2024-12-09 10:00:00,94.57,243.14,15.52,65.36,47.36,,,1.44,30.88,,,,,,,,,,,,0,,,,85.7,178.8,8.2,32.66,23.54,36.61,17.6,,,2.91,18.56,7.73,,3.27,15.68,,49.95,0.86,241.24,,0,195.2,,0.12,62.72,115.5,22.35,21.26,43.51,63.99,46.54,0.95,33.28,0.2,,,,0.02,0.12,15.08,68.3,1.63,143.09,0.0,0.0,46.85,,,115.0,201.0,22.92,61.78,51.55,40.28,17.85,0.99,13.05,1.4,3.22,,,,,21.05,70.75,0.55,236.5,0.0,0.0,66.5,975.0,,91.0,246.0,7.2,39.62,26.95,38.15,10.82,0.88,84.08,1.88,1.18,,,,,19.95,62.5,0.43,253.75,0.0,0.0,57.5,995.25,,97.0,202.0,21.08,57.78,48.1,38.28,13.15,1.23,54.65,5.75,3.98,,,,,21.9,61.0,1.58,265.5,0.0,0.0,127.75,966.0,,50.0,78.0,17.27,39.1,34.85,25.13,21.32,0.86,26.67,1.02,7.85,,,,,26.2,51.25,1.7,275.75,0.0,0.0,179.25,986.0,,,296.0,4.85,37.72,24.0,41.75,10.58,1.04,31.1,1.42,17.68,,,,,23.83,56.75,1.3,54.0,0.0,0.0,193.0,982.0,,78.25,156.0,10.95,52.0,36.6,26.38,38.3,0.94,56.25,0.15,1.05,,,,,24.2,56.75,1.98,86.5,0.0,0.0,313.0,988.0,,,,,,,,,,,,,,,,,30.1,29.93,,,0.0,0.0,,996.5,,28.17,56.33,7.09,17.92,10.42,48.39,10.51,0.39,89.07,3.88,5.77,5.17,,4.23,6.18,,,3.93,85.0,0.0,0.0,28.7,,
2024-12-09 11:00:00,89.48,251.98,14.12,46.89,36.41,,,1.32,51.88,,,,,,,,,,,,0,,,,,,6.77,26.93,19.22,36.15,,,47.06,3.07,10.14,3.68,,1.96,7.06,,44.08,0.84,184.5,,0,224.5,,0.16,91.07,204.48,21.99,21.35,43.65,63.06,45.7,0.92,33.87,0.26,,,,0.06,0.12,16.69,66.19,1.18,165.65,0.0,0.0,61.58,,,108.0,218.0,19.92,63.92,50.22,40.88,19.42,0.79,13.0,2.38,4.38,,,,,22.2,62.0,0.62,231.5,0.0,0.0,80.75,975.0,,110.0,255.0,6.55,39.75,26.48,40.45,11.05,0.89,104.82,1.8,1.1,,,,,22.12,54.5,0.55,303.5,0.0,0.0,87.5,995.25,,122.0,277.0,18.5,64.6,49.45,36.6,17.45,1.2,71.15,6.6,4.72,,,,,23.32,54.75,1.65,273.0,0.0,0.0,218.5,965.5,,85.0,138.0,17.25,41.32,36.27,25.1,16.9,0.93,30.48,1.05,8.75,,,,,27.05,48.5,1.85,265.5,0.0,0.0,219.75,986.0,,125.0,331.0,2.82,30.88,18.75,43.42,10.58,0.82,,1.2,24.62,,,,,25.3,53.0,1.3,54.0,0.0,0.0,242.0,982.5,,84.25,197.5,7.92,39.95,27.7,26.22,38.85,0.94,91.12,0.12,1.05,,,,,26.05,48.75,1.55,93.75,0.0,0.0,264.25,988.0,,76.97,214.2,12.73,61.81,43.39,38.78,30.76,2.77,48.97,2.54,7.02,5.93,,3.72,2.93,30.1,29.93,,,0.0,0.0,,996.5,,27.8,55.6,6.96,19.1,12.51,51.06,27.27,0.41,85.58,3.83,5.98,5.69,,4.38,5.9,,56.37,4.24,122.93,0.0,0.0,28.7,,
2024-12-09 12:00:00,77.82,230.36,12.86,51.27,34.96,,,1.22,71.24,,,,,,,,,,,,0,,,,,,,,,,9.69,1.54,47.12,2.92,5.77,2.01,,1.4,2.81,,39.85,0.8,184.46,,0,209.62,,0.13,86.16,211.11,24.49,17.98,42.25,58.56,39.34,0.91,38.32,0.1,,,,0.02,0.1,18.09,62.64,1.22,112.25,0.0,0.0,80.61,,,115.0,246.0,17.88,62.9,48.08,40.67,19.35,0.66,13.28,3.38,4.95,,,,,23.28,56.25,0.6,222.0,0.0,0.0,95.5,975.0,,103.0,215.0,5.28,38.42,24.72,41.38,10.95,0.76,139.55,1.48,0.85,,,,,23.35,49.5,0.4,257.25,0.0,0.0,112.25,994.5,,118.0,276.0,13.8,56.9,41.58,36.62,21.08,0.99,100.58,6.52,5.32,,,,,23.9,52.5,1.8,245.5,0.0,0.0,217.5,965.25,,95.0,160.0,15.3,42.58,35.08,25.1,15.5,0.81,41.1,1.12,9.5,,,,,27.7,44.75,2.0,235.5,0.0,0.0,235.25,985.75,,86.0,237.0,,,,,,,48.87,1.08,18.6,,,,,26.08,50.5,1.3,54.0,0.0,0.0,231.25,979.5,,84.75,204.25,5.65,27.48,19.18,28.18,38.58,0.9,122.5,0.1,0.95,,,,,26.68,46.0,1.7,109.25,0.0,0.0,175.5,987.5,,81.0,248.72,10.8,43.04,31.68,34.27,31.01,2.56,46.7,2.58,6.95,5.68,,3.72,2.9,30.1,29.93,,,0.0,0.0,,996.5,,27.33,54.67,7.44,17.54,15.53,48.78,,0.58,85.31,3.99,5.76,5.48,,4.25,5.95,,,2.53,71.89,0.0,0.0,28.7,,
2024-12-09 13:00:00,90.53,204.95,10.6,51.12,35.85,,,1.24,91.95,,,,,,,,,,,,0,,,,105.1,148.1,,,,,7.35,1.44,50.0,4.2,8.85,2.33,,1.75,3.35,,39.21,1.11,106.56,,0,140.78,,0.0,83.96,193.08,22.84,20.92,43.27,49.86,48.02,0.86,41.32,0.2,,,,0.02,0.14,19.53,56.85,1.54,120.52,0.0,0.0,224.11,,,114.0,252.0,13.28,52.0,38.55,40.05,20.23,0.59,14.15,3.22,3.18,,,,,24.25,52.25,0.75,235.75,0.0,0.0,191.5,975.0,,,173.0,4.32,33.2,21.18,42.5,12.68,0.82,156.28,1.35,0.75,,,,,22.92,50.25,0.52,260.0,0.0,0.0,73.0,993.5,,108.0,249.0,14.8,51.7,39.83,40.6,20.98,0.88,127.72,6.52,5.15,,,,,24.22,51.25,1.95,284.0,0.0,0.0,209.5,965.0,,69.0,123.0,11.42,46.95,34.28,25.22,16.02,1.07,54.12,1.18,10.8,,,,,28.0,44.75,1.98,302.75,0.0,0.0,192.75,985.5,,84.0,260.0,3.68,32.5,20.2,36.55,10.88,0.76,61.25,0.98,32.8,,,,,26.5,48.25,1.3,54.0,0.0,0.0,237.5,977.0,,88.0,201.0,6.12,40.42,26.5,29.1,39.25,0.95,121.9,0.15,0.9,,,,,26.38,46.25,1.93,110.5,0.0,0.0,161.0,987.0,,,276.75,10.66,41.02,30.49,32.95,31.28,2.44,46.24,2.6,6.98,5.82,,3.61,2.88,30.1,29.93,,,0.0,0.0,,996.5,,26.64,53.28,6.89,17.88,11.92,50.35,9.42,0.43,80.86,3.8,5.76,5.55,,4.34,6.14,,,3.83,338.03,0.0,0.0,28.7,,
2024-12-09 14:00:00,84.76,191.73,11.29,39.7,29.0,,,1.14,105.56,,,,,,,,,,,,0,,,,93.62,151.45,,,,,7.53,1.47,49.88,3.82,7.82,2.05,,1.54,2.92,,36.43,1.34,98.23,,0,83.78,,-0.08,85.55,189.72,24.51,24.2,48.6,40.84,48.53,0.8,41.8,0.2,,,,0.04,0.16,19.58,55.33,2.07,151.93,0.0,0.0,110.15,,,101.0,232.0,11.73,40.73,31.2,40.23,18.77,0.69,15.1,3.23,2.93,,,,,25.17,48.0,0.57,211.67,0.0,0.0,75.67,975.0,,,167.0,3.55,30.78,19.23,40.72,14.1,0.73,164.7,1.25,0.62,,,,,22.9,50.5,0.52,262.25,0.0,0.0,61.5,993.0,,102.0,234.0,7.38,44.38,29.42,46.62,19.88,0.66,120.92,,,,,,,24.3,50.5,2.12,288.5,0.0,0.0,167.5,965.0,,101.0,199.0,9.8,46.12,32.52,,16.38,0.98,65.47,1.42,12.25,,,,,27.65,45.0,2.35,306.5,0.0,0.0,149.75,985.0,,84.0,226.0,5.67,8.47,6.2,36.8,11.6,0.76,71.92,1.1,27.2,,,,,26.28,49.5,9.75,201.5,0.0,0.0,184.5,977.0,,95.0,224.75,5.6,31.22,21.15,28.68,39.95,0.84,133.2,0.12,0.9,,,,,26.25,45.0,2.08,91.25,0.0,0.0,229.0,987.0,,,226.8,10.57,40.89,30.38,32.57,25.66,,65.05,2.58,6.98,5.81,,3.71,2.89,30.1,29.93,,,0.0,0.0,,996.5,,26.37,52.76,7.1,18.64,11.28,46.62,38.06,0.52,80.85,3.87,5.9,5.39,,4.13,6.16,,,4.75,231.78,0.0,0.0,28.7,,
2024-12-09 15:00:00,72.61,150.75,11.47,26.67,21.44,,,1.0,106.12,,,,,,,,,,,,0,,,,114.12,172.65,17.38,61.35,46.76,38.84,5.98,1.18,49.9,,,,,,,,36.18,1.26,105.38,,0,58.18,,-0.11,84.53,196.47,24.12,25.26,49.05,40.22,44.39,0.76,36.87,0.32,,,,0.02,0.06,19.27,55.89,2.45,155.38,0.0,0.0,59.03,,,97.0,208.0,11.52,37.35,29.3,39.62,18.02,0.76,17.1,2.55,2.72,,,,,24.4,50.0,0.5,222.25,0.0,0.0,60.5,975.0,,,158.0,3.98,31.58,20.02,40.2,16.03,0.72,162.93,1.23,0.65,,,,,23.15,50.0,0.62,314.25,0.0,0.0,44.25,993.0,,81.0,189.0,7.6,44.43,29.93,51.63,17.97,0.62,127.1,,,,,,,23.7,51.5,2.33,300.25,0.0,0.0,88.75,965.0,,106.0,230.0,9.12,45.02,31.35,24.75,14.58,0.74,66.3,1.62,13.3,,,,,27.25,45.0,2.22,304.25,0.0,0.0,94.75,985.0,,94.0,255.0,,11.95,0.73,36.15,10.92,0.68,75.2,1.12,25.3,,,,,25.95,49.75,11.25,224.0,0.0,0.0,111.0,976.75,,80.5,189.5,5.12,25.22,17.6,28.15,39.98,0.86,142.22,0.12,0.88,,,,,26.15,45.75,2.22,75.25,0.0,0.0,133.25,987.0,,75.0,219.22,11.38,40.15,30.62,32.82,20.52,0.9,63.13,2.56,7.07,5.82,,3.67,2.9,30.1,29.93,,,0.0,0.0,,996.5,,26.58,53.17,7.04,18.54,15.18,47.36,10.11,0.68,80.68,3.86,5.88,5.41,,4.18,5.94,,,5.54,342.56,0.0,0.0,28.7,,
2024-12-09 16:00:00,66.78,142.54,18.92,25.57,24.11,,,0.97,93.7,,,,,,,,,,,,0,,,,79.1,159.05,16.78,56.48,43.69,39.15,6.12,1.73,49.96,,,,,,,,38.35,1.3,107.07,,0,33.5,,-0.19,85.86,200.64,24.04,27.89,51.84,39.33,43.76,0.74,35.43,0.11,,,,0.02,0.06,18.63,57.6,1.79,154.4,0.0,0.0,27.87,,,97.0,190.0,12.8,43.65,33.45,39.75,16.98,0.88,16.08,2.45,4.03,,,,,23.92,51.25,0.5,187.75,0.0,0.0,34.5,975.0,,,170.0,3.48,30.02,18.82,39.78,16.95,0.69,159.52,1.18,0.68,,,,,22.42,51.75,0.48,256.25,0.0,0.0,26.0,993.0,,82.5,174.0,,,,,,,115.4,,,,,,,23.0,53.0,2.08,306.5,0.0,0.0,30.25,965.0,,73.0,167.0,8.78,42.48,29.75,25.13,15.77,0.78,59.78,1.4,15.15,,,,,26.5,47.0,2.08,298.75,0.0,0.0,37.0,985.0,,69.0,194.0,1.4,30.8,16.65,38.52,11.25,0.75,71.95,0.9,16.82,,,,,25.08,52.25,10.95,225.0,0.0,0.0,41.25,976.0,,78.0,190.0,4.42,25.15,16.98,27.88,39.75,0.84,129.25,0.1,1.05,,,,,25.2,50.5,1.88,71.5,0.0,0.0,63.25,987.0,,72.8,201.42,12.68,41.72,32.51,33.95,20.8,2.19,40.38,2.55,6.99,5.74,,3.69,2.87,30.1,29.93,,,0.0,0.0,,996.5,,24.4,48.79,6.8,18.79,15.79,49.58,11.17,0.5,81.87,3.77,5.92,5.53,,4.3,5.85,,,5.71,337.4,0.0,0.0,28.7,,
2024-12-09 17:00:00,66.35,120.42,9.23,57.4,38.06,,,1.03,66.17,,,,,,,,,,,,0,,,,61.15,111.2,9.33,36.56,27.03,35.82,6.12,2.06,25.02,,,,,,,,44.37,1.08,105.78,,0,18.3,,-0.21,78.22,190.08,24.92,27.4,52.42,39.26,43.88,0.78,35.1,0.2,,,,0.04,0.06,17.27,63.39,0.68,158.92,0.0,0.0,5.14,,,100.0,219.0,17.42,71.47,52.25,40.02,18.25,1.56,15.0,2.42,4.08,,,,,23.12,55.0,0.48,188.5,0.0,0.0,11.75,975.0,,,151.75,4.62,38.55,24.15,36.4,15.38,0.78,114.1,1.02,0.65,,,,,20.85,61.0,0.4,218.5,0.0,0.0,7.25,993.5,,70.0,169.0,22.35,107.75,75.25,48.25,13.45,1.0,74.85,,,,,,,22.2,57.5,2.03,281.0,0.0,0.0,11.0,966.0,,78.0,160.0,9.35,43.9,30.95,24.85,12.75,1.04,42.3,1.42,17.58,,,,,25.42,51.0,1.75,308.75,0.0,0.0,7.5,986.0,,89.0,295.0,1.88,44.9,25.42,38.45,11.12,1.03,46.32,1.45,27.05,,,,,23.55,59.75,11.05,227.25,0.0,0.0,9.5,977.0,,75.25,177.0,6.12,28.02,19.88,28.42,37.75,0.86,73.7,0.12,1.23,,,,,22.78,65.0,1.12,57.25,0.0,0.0,18.0,987.25,,75.92,173.62,12.1,46.57,34.62,35.27,22.3,2.38,42.6,2.6,7.06,5.73,,3.68,2.9,30.1,29.93,,,0.0,0.0,,996.5,,,,,,,,,,,,,,,,,,,,,,0.0,,,
2024-12-09 18:00:00,62.01,122.41,17.02,83.85,58.52,,,1.3,36.52,,,,,,,,,,,,0,,,,48.82,177.9,11.28,39.64,30.26,36.66,4.55,1.63,12.66,,,,,,,,48.62,1.04,102.18,,0,17.65,,-0.2,85.78,242.2,24.13,24.71,49.23,40.17,44.11,1.05,34.81,0.57,,,,0.01,0.11,15.02,73.31,,154.01,0.0,0.0,,,,184.0,350.0,29.62,92.68,73.38,38.98,20.45,2.26,12.1,2.68,4.88,,,,,22.22,59.25,0.28,194.25,0.0,0.0,7.0,975.0,,,150.75,5.98,49.2,31.05,39.02,13.72,0.8,73.92,1.1,1.05,,,,,18.95,71.5,0.3,273.75,0.0,0.0,3.0,994.0,,92.0,201.0,31.02,130.1,94.45,37.28,14.05,1.68,40.83,2.5,1.9,,,,,21.32,61.5,1.4,265.75,0.0,0.0,10.0,966.0,,95.0,180.0,10.6,42.98,31.33,24.6,9.97,1.38,21.08,1.62,19.0,,,,,24.7,54.75,1.18,292.5,0.0,0.0,5.0,986.0,,174.0,427.0,3.15,48.8,28.52,45.3,12.85,1.29,32.7,3.22,29.2,,,,,22.32,65.25,10.82,219.5,0.0,0.0,4.0,977.0,,71.0,144.75,4.57,34.98,22.32,27.18,36.88,0.94,38.3,0.12,1.42,,,,,20.72,76.5,0.88,66.25,0.0,0.0,8.75,988.0,,91.45,193.98,12.57,41.76,32.44,34.5,24.76,2.69,25.29,2.6,7.05,5.72,,3.66,2.92,30.1,29.93,,,0.0,0.0,,996.5,,,,,,,,,,,,,,,,,,,,,,0.0,,,
2024-12-09 19:00:00,96.18,171.54,23.78,124.0,85.28,,,1.84,21.56,,,,,,,,,,,,0,,,,72.75,178.62,10.84,39.76,29.96,36.66,4.78,1.78,12.12,7.22,19.32,4.25,,3.86,7.22,,50.48,1.35,111.38,,0,17.85,,-0.19,117.21,391.58,23.96,20.93,45.04,41.13,44.47,1.46,34.66,0.31,,,,0.05,0.14,13.63,78.64,,154.03,0.0,0.0,,,,212.0,417.0,45.25,92.22,85.8,39.05,24.4,2.78,12.18,4.53,6.35,,,,,21.5,63.75,0.42,179.75,0.0,0.0,7.0,975.0,,,161.25,6.82,53.4,34.12,38.15,13.42,0.86,56.6,1.0,1.08,,,,,18.27,75.0,0.38,228.75,0.0,0.0,3.0,994.75,,128.0,260.0,39.22,126.88,99.35,36.5,15.88,1.95,37.62,5.85,7.32,,,,,21.02,63.25,1.75,222.75,0.0,0.0,10.0,966.0,,178.0,317.0,13.7,42.62,33.8,25.23,9.28,1.43,16.55,2.1,22.6,,,,,24.45,56.0,1.72,308.0,0.0,0.0,5.0,986.0,,158.0,407.0,3.5,57.4,33.35,42.52,13.3,1.21,20.68,2.48,41.35,,,,,21.4,69.0,10.48,298.5,0.0,0.0,5.0,977.0,,73.75,130.0,6.42,35.33,24.0,26.45,36.67,1.01,14.65,0.12,1.42,,,,,19.65,83.5,0.75,54.25,0.0,0.0,9.0,988.0,,115.45,234.8,13.7,41.02,32.96,35.33,24.91,2.94,25.04,2.58,6.94,5.7,,3.76,2.92,30.1,29.93,,,0.0,0.0,,996.5,,,,,,,,,,,,,,,,,,,,,,0.0,,,
2024-12-09 20:00:00,102.29,179.63,17.56,88.24,61.18,,,1.68,22.96,,,,,,,,,,,,0,,,,74.3,181.45,11.07,41.16,30.89,37.5,5.59,2.35,13.17,6.25,19.27,2.94,,2.24,4.7,,53.4,1.23,111.54,,0,17.3,,-0.18,144.25,468.57,23.74,19.2,43.47,41.45,44.94,1.87,35.24,0.11,,,,0.03,0.19,13.11,81.24,,154.03,0.0,0.0,,,,217.0,443.0,52.3,89.85,90.2,39.3,18.57,2.04,11.85,4.68,6.58,,,,,21.35,64.75,0.4,176.25,0.0,0.0,7.0,975.0,,,183.5,16.15,59.03,44.62,36.72,13.3,0.96,29.92,1.55,2.12,,,,,17.65,77.25,0.45,221.0,0.0,0.0,3.0,995.5,,143.0,280.0,47.58,129.6,107.48,38.2,19.65,2.02,28.4,7.02,10.92,,,,,20.92,63.75,1.98,208.25,0.0,0.0,10.0,966.0,,158.0,271.0,13.75,43.38,34.25,24.92,9.8,1.34,16.65,2.62,25.35,,,,,24.22,57.25,2.0,319.25,0.0,0.0,5.0,986.0,,152.0,309.0,3.7,49.95,29.55,34.1,11.3,1.12,18.12,1.9,64.38,,,,,20.68,72.75,10.6,253.0,0.0,0.0,4.5,979.5,,69.75,134.0,10.98,43.98,32.3,26.92,37.02,1.23,4.98,0.1,1.8,,,,,19.12,84.0,0.82,55.5,0.0,0.0,9.0,988.5,,131.23,208.53,15.35,41.24,34.34,36.47,23.9,2.27,15.03,2.62,6.98,5.82,,3.66,2.89,30.1,29.93,,,0.0,0.0,,996.5,,,,,,,,,,,,,,,,,,,,,,0.0,,,
2024-12-09 21:00:00,99.28,177.84,27.88,91.16,71.25,,,1.63,20.18,,,,,,,,,,,,0,,,,107.02,168.9,10.39,40.16,29.8,36.87,5.9,1.41,11.48,6.09,16.85,2.74,,2.04,4.35,,57.94,1.18,106.86,,0,16.9,,-0.17,173.0,463.68,21.26,16.63,37.62,41.91,45.8,2.28,35.38,0.31,,,,0.01,0.24,12.6,84.07,0.11,154.0,0.0,0.0,,,,252.0,448.0,41.92,80.03,76.45,39.62,15.2,1.44,11.6,4.18,6.5,,,,,20.82,68.25,0.32,176.0,0.0,0.0,7.0,975.0,,,193.75,11.6,55.08,38.78,46.6,12.97,1.11,30.8,1.95,2.5,,,,,17.55,78.25,0.55,130.5,0.0,0.0,3.5,996.0,,183.0,344.0,42.85,115.52,96.3,46.28,18.92,1.92,20.65,7.7,12.23,,,,,20.23,68.0,1.1,217.75,0.0,0.0,10.0,966.0,,183.0,273.0,13.15,41.52,32.8,24.9,7.82,1.18,13.82,2.7,23.95,,,,,23.7,60.5,1.6,300.75,0.0,0.0,5.0,986.0,,167.0,289.0,4.38,42.78,26.33,31.82,10.82,1.08,15.48,1.72,56.88,,,,,19.95,76.5,10.68,202.5,0.0,0.0,4.5,982.0,,80.75,154.75,17.0,43.1,36.75,27.45,37.48,1.46,4.6,0.2,2.58,,,,,18.95,83.75,0.85,48.25,0.0,0.0,9.0,989.0,,109.68,185.38,16.29,41.01,35.06,37.38,23.44,2.12,14.94,2.58,6.94,5.69,,3.64,2.82,30.1,29.93,,,0.0,0.0,,996.5,,,,,,,,,,,,,,,,,,,,,,0.0,,,
2024-12-09 22:00:00,121.18,190.88,49.19,93.14,89.47,,,1.86,17.22,,,,,,,,,,,,0,,,,96.82,175.5,10.78,39.47,29.76,36.25,4.61,1.23,12.13,4.36,12.11,2.41,,1.84,3.72,,61.88,0.95,104.98,,0,16.88,,-0.18,173.8,381.24,23.56,12.85,36.67,43.4,45.92,2.61,35.11,0.32,,,,0.01,0.28,12.1,85.94,,154.0,0.0,0.0,,,,186.0,326.0,44.6,69.68,73.32,39.88,13.82,1.32,12.48,3.48,4.8,,,,,20.0,74.5,0.25,150.0,0.0,0.0,7.0,975.0,,,196.5,8.45,45.75,31.25,42.45,12.88,0.99,39.08,2.1,4.97,,,,,17.62,77.0,0.88,62.25,0.0,0.0,4.0,996.0,,183.0,302.0,42.48,109.72,93.15,52.08,14.92,1.7,13.22,6.98,10.9,,,,,19.6,71.75,0.75,273.75,0.0,0.0,9.5,965.5,,157.0,239.0,15.48,40.15,33.92,25.0,6.72,1.06,9.98,2.82,22.5,,,,,23.05,64.25,1.02,291.0,0.0,0.0,5.0,986.0,,157.0,307.0,2.3,39.5,22.88,32.33,11.7,1.08,15.73,1.78,57.32,,,,,19.68,78.75,10.75,214.5,0.0,0.0,5.0,983.0,,108.25,170.75,15.38,37.95,32.67,27.65,37.75,1.58,4.4,0.2,3.78,,,,,18.7,82.75,0.8,63.25,0.0,0.0,9.0,989.0,,106.88,195.0,24.08,36.05,38.78,41.48,23.74,2.26,15.34,2.6,6.96,5.78,,3.6,2.86,30.1,29.93,,,0.0,0.0,,996.5,,,,,,,,,,,,,,,,,,,,,,0.0,,,
2024-12-09 23:00:00,126.07,176.87,52.21,75.43,82.56,,,1.81,15.34,,,,,,,,,,,,0,,,,91.9,173.5,11.07,41.32,30.98,36.56,6.55,0.99,11.32,4.12,7.35,2.18,,1.61,3.27,,63.18,0.93,91.52,,0,16.87,,-0.18,,312.42,21.04,12.62,33.82,43.36,45.96,2.62,35.04,0.16,,,,0.03,0.15,11.54,87.88,,154.01,0.0,0.0,,,,163.0,289.0,61.3,72.38,88.22,39.83,11.5,1.27,13.35,2.55,5.12,,,,,19.65,76.75,0.22,174.75,0.0,0.0,7.0,975.0,,,154.25,10.98,41.45,30.92,37.78,12.1,0.95,19.35,1.82,3.75,,,,,16.77,80.0,0.38,246.75,0.0,0.0,3.0,995.25,,152.0,294.0,69.53,114.75,117.58,55.25,14.05,1.77,17.25,6.52,10.85,,,,,18.82,76.0,0.65,275.75,0.0,0.0,9.75,965.75,,157.0,224.0,16.68,39.67,34.6,25.15,6.68,1.04,5.8,2.68,20.65,,,,,22.78,65.0,1.2,277.25,0.0,0.0,5.0,986.0,,152.0,240.0,2.28,38.22,22.15,27.98,11.1,1.06,15.68,1.45,42.92,,,,,19.42,80.5,10.75,212.0,0.0,0.0,5.0,983.0,,121.25,177.0,15.05,34.45,30.55,26.22,37.88,1.57,4.25,0.3,4.62,,,,,18.38,82.25,0.82,54.5,0.0,0.0,8.75,989.0,,123.37,223.07,31.74,30.43,41.99,45.22,23.71,2.17,12.0,2.6,7.02,5.79,,3.61,2.88,30.1,29.93,,,0.0,0.0,,996.5,,,,,,,,,,,,,,,,,,,,,,0.0,,,
2024-12-10 00:00:00,99.74,146.24,33.76,83.48,71.82,,,1.67,13.81,,,,,,,,,,,,0,,,,94.3,170.28,10.67,36.64,28.17,37.67,7.9,1.37,12.33,3.61,5.3,2.05,,1.54,2.88,,61.16,1.08,101.33,,0,17.55,,-0.19,166.4,263.09,22.66,13.0,35.45,42.93,45.94,2.54,34.86,0.12,,,,0.02,0.1,11.23,88.82,0.28,154.06,0.0,0.0,,,,165.0,323.0,34.42,69.22,64.8,40.5,11.85,0.8,13.48,3.02,6.38,,,,,19.77,75.0,0.32,190.0,0.0,0.0,7.0,975.0,,,139.25,9.25,47.82,32.98,39.0,11.12,0.84,17.08,1.65,3.85,,,,,16.45,83.0,0.35,274.0,0.0,0.0,3.0,995.0,,144.0,232.0,42.55,110.78,93.48,55.92,13.95,1.43,6.6,6.08,9.82,,,,,19.0,74.75,1.0,258.5,0.0,0.0,10.0,965.75,,149.0,232.0,17.38,38.85,34.78,25.1,6.67,0.84,10.85,2.3,18.38,,,,,22.72,64.0,1.42,281.5,0.0,0.0,5.0,986.0,,168.0,276.0,4.28,46.9,28.4,29.05,10.3,1.02,11.75,2.6,35.0,,,,,19.5,80.5,10.88,222.25,0.0,0.0,5.0,981.25,,123.0,174.67,9.9,30.83,24.42,24.42,37.35,1.43,4.12,0.32,4.9,,,,,18.18,83.75,0.75,102.0,0.0,0.0,9.0,988.5,,126.82,235.38,34.72,26.54,42.29,46.08,21.39,2.26,9.24,2.58,7.01,5.79,,3.67,2.86,30.1,29.93,,,0.0,0.0,,996.5,,,,,,,,,,,,,,,,,,,,,,0.0,,,
2024-12-10 01:00:00,90.71,129.01,20.16,64.5,50.68,,,1.51,13.27,,,,,,,,,,,,0,,,,61.9,161.6,9.54,37.55,27.72,37.62,8.03,1.41,11.34,3.54,6.64,1.85,,1.46,2.43,,63.66,0.82,79.5,,0,16.77,,-0.19,155.61,232.7,20.92,13.86,34.57,44.02,45.75,2.36,34.36,0.18,,,,0.05,0.21,11.59,86.34,0.7,155.57,0.0,0.0,,,,165.0,284.0,21.95,60.32,50.1,41.25,11.1,0.58,13.1,2.22,4.6,,,,,19.77,74.5,0.38,220.25,0.0,0.0,6.75,975.0,,,140.5,9.62,49.92,34.38,35.17,10.48,0.9,14.3,1.75,3.75,,,,,15.95,82.0,0.32,273.0,0.0,0.0,3.0,995.0,,136.0,197.0,32.72,98.5,79.1,56.3,13.35,1.11,6.1,5.93,8.12,,,,,18.73,76.0,0.8,288.75,0.0,0.0,10.0,965.5,,123.0,196.0,18.88,37.67,35.38,25.35,6.2,0.79,12.55,2.15,15.32,,,,,22.48,65.25,1.25,267.0,0.0,0.0,5.0,986.0,,151.0,238.0,14.27,50.2,38.33,38.33,9.75,0.88,10.7,1.8,24.1,,,,,18.92,83.5,10.75,212.75,0.0,0.0,5.0,978.75,,109.5,160.25,13.05,29.12,26.1,23.55,37.47,1.52,4.3,0.38,4.72,,,,,17.9,88.0,0.88,54.5,0.0,0.0,8.75,988.0,,119.58,197.88,33.85,26.14,41.45,45.29,22.12,2.07,12.07,2.6,6.96,5.77,,3.72,2.88,30.1,29.93,,,0.0,0.0,,996.5,,,,,,,,,,,,,,,,,,,,,,0.0,,,
2024-12-10 02:00:00,83.23,122.51,12.32,58.52,41.19,,,1.38,13.94,,,,,,,,,,,,0,,,,89.9,158.5,11.15,40.69,30.71,36.98,7.82,1.47,11.64,5.19,20.14,2.27,,2.0,3.16,,64.1,0.89,86.22,,0,17.2,,-0.2,141.2,221.28,21.9,17.03,38.18,43.48,45.4,2.13,34.22,0.19,,,,0.06,0.14,11.75,84.28,1.57,156.11,0.0,0.0,,,,108.0,201.0,19.5,55.5,45.4,41.6,,,10.57,1.72,6.55,,,,,19.32,76.25,0.38,206.75,0.0,0.0,6.75,975.0,,,136.5,12.1,48.4,35.6,34.1,9.7,0.91,8.18,1.55,3.0,,,,,15.5,82.0,0.3,267.0,0.0,0.0,3.0,994.0,,136.0,205.0,22.8,77.5,59.9,54.4,,0.93,35.35,5.6,7.05,,,,,18.62,75.75,1.2,259.25,0.0,0.0,10.0,966.0,,144.0,212.0,18.42,37.12,34.5,25.23,5.68,0.76,6.18,2.1,17.48,,,,,22.22,65.5,1.48,286.75,0.0,0.0,5.0,986.0,,155.0,284.0,30.1,54.4,53.4,43.8,9.8,0.9,9.37,1.5,32.47,,,,,18.95,83.25,10.85,227.25,0.0,0.0,5.0,978.0,,121.5,183.75,29.8,42.6,46.9,22.5,38.1,1.58,4.82,0.38,4.08,,,,,17.85,88.0,0.78,83.5,0.0,0.0,9.0,988.0,,97.9,149.25,33.69,26.76,41.66,45.28,21.73,2.13,11.68,2.59,6.99,5.68,,3.7,2.81,30.1,29.93,,,0.0,0.0,,996.5,,,,,,,,,,,,,,,,,,,,,,0.0,,,
2024-12-10 03:00:00,85.85,137.2,16.33,45.67,36.88,,,1.3,15.07,,,,,,,,,,,,0,,,,68.8,160.07,11.48,40.09,30.66,36.91,8.26,1.1,12.1,3.28,10.66,1.82,,1.38,2.26,,62.94,0.99,87.99,,0,17.05,,-0.2,125.73,193.47,20.88,18.22,39.25,42.97,45.14,1.9,34.18,0.36,,,,0.03,0.05,11.0,86.86,0.88,158.84,0.0,0.0,,,,136.0,218.0,19.05,52.8,43.55,39.88,10.88,0.48,12.3,2.1,2.9,,,,,19.08,76.0,0.4,195.0,0.0,0.0,7.0,975.0,,,130.5,26.9,64.42,56.15,17.52,11.53,0.96,9.0,1.4,2.5,,,,,15.28,81.75,0.3,279.5,0.0,0.0,3.0,994.0,,136.0,189.0,16.3,73.18,52.2,41.6,9.38,0.81,38.5,4.82,5.68,,,,,18.42,75.5,1.08,253.25,0.0,0.0,10.0,966.0,,134.0,204.0,18.58,36.9,34.7,25.17,5.32,0.65,10.1,2.0,20.12,,,,,22.0,65.0,1.5,276.0,0.0,0.0,5.0,986.0,,216.0,313.0,28.8,48.72,49.28,36.4,8.75,0.89,7.08,1.85,26.38,,,,,18.42,84.5,10.6,258.5,0.0,0.0,5.0,978.0,,124.0,193.0,26.82,31.6,38.62,23.48,37.48,1.28,4.03,0.3,3.45,,,,,17.5,88.0,0.78,71.25,0.0,0.0,8.75,988.0,,86.7,182.62,33.89,26.58,41.76,45.1,21.92,1.96,12.03,2.6,6.97,5.79,,3.68,2.87,30.1,29.93,,,0.0,0.0,,996.5,,,,,,,,,,,,,,,,,,,,,,0.0,,,
2024-12-10 04:00:00,93.44,158.65,18.22,36.56,32.02,,,1.16,18.45,,,,,,,,,,,,0,,,,130.6,148.3,10.94,40.06,30.21,37.7,8.38,1.21,12.26,3.05,11.85,1.65,,1.32,2.03,,63.39,0.92,75.47,,0,16.52,,-0.21,121.22,197.25,23.04,21.56,43.78,41.73,45.13,1.7,34.71,0.24,,,,0.02,0.11,10.59,86.93,0.86,157.22,0.0,0.0,,,,157.0,237.0,16.48,53.62,41.97,39.9,11.68,0.43,11.82,2.02,2.65,,,,,18.88,76.0,0.42,226.25,0.0,0.0,6.5,975.0,,,127.5,20.45,55.9,46.4,17.05,11.4,0.89,9.78,1.42,2.38,,,,,15.0,86.0,0.3,285.25,0.0,0.0,3.0,994.0,,145.0,223.0,16.88,66.45,49.02,38.3,9.43,0.73,43.62,4.32,4.95,,,,,17.98,77.0,0.75,292.0,0.0,0.0,10.0,966.0,,118.0,179.0,16.08,37.72,33.33,24.4,5.98,0.64,13.28,1.85,18.92,,,,,21.92,64.25,1.82,273.75,0.0,0.0,5.0,986.0,,211.0,383.0,45.52,44.68,60.75,28.33,8.95,0.91,4.7,1.6,30.95,,,,,17.85,86.5,10.75,281.0,0.0,0.0,5.0,980.0,,114.75,183.25,27.42,41.38,44.35,25.65,37.22,1.13,4.25,0.3,3.02,,,,,17.68,88.0,1.38,73.75,0.0,0.0,9.0,988.0,,89.07,176.7,32.56,28.12,41.54,44.62,22.48,2.06,10.76,2.6,6.96,5.71,,3.72,2.88,30.1,29.93,,,0.0,0.0,,996.5,,,,,,,,,,,,,,,,,,,,,,0.0,,,
2024-12-10 05:00:00,103.7,161.82,14.64,46.1,35.7,,,1.1,19.2,,,,,,,,,,,,0,,,,79.5,141.38,11.71,39.58,30.58,37.48,6.78,1.18,13.1,3.29,11.95,1.73,,1.51,2.21,,65.49,0.86,47.78,,0,16.52,,-0.2,136.56,205.12,23.07,20.53,43.41,40.66,45.22,1.5,35.67,0.22,,,,0.01,0.24,10.36,86.97,1.4,160.31,0.0,0.0,,,,103.0,185.0,18.62,52.72,43.22,40.05,11.3,0.46,12.38,1.72,2.17,,,,,18.68,76.5,0.52,239.25,0.0,0.0,6.0,975.0,,,120.25,13.2,46.82,35.65,23.72,12.0,0.94,15.0,1.38,1.95,,,,,14.9,86.0,0.4,317.0,0.0,0.0,3.0,994.0,,135.0,200.0,15.18,64.03,46.62,39.45,8.4,0.67,35.2,4.02,4.45,,,,,17.77,77.0,0.82,283.0,0.0,0.0,10.0,966.0,,125.0,178.0,16.4,35.98,32.45,24.8,5.03,0.65,7.1,1.82,20.2,,,,,21.45,66.75,1.68,262.75,0.0,0.0,5.0,986.0,,150.0,295.0,27.42,43.22,45.3,23.88,8.25,0.91,4.08,1.3,26.45,,,,,17.5,88.0,10.78,327.0,0.0,0.0,5.0,982.25,,117.25,195.75,25.55,40.98,42.58,25.2,36.98,0.92,4.3,0.22,2.35,,,,,17.8,88.0,0.98,71.0,0.0,0.0,8.75,988.0,,90.22,171.02,30.83,31.43,41.78,44.79,22.31,1.89,15.44,2.58,7.03,5.72,,3.66,2.92,30.1,29.93,,,0.0,0.0,,996.5,,,,,,,,,,,,,,,,,,,,,,0.0,,,
2024-12-10 06:00:00,84.2,128.17,12.28,45.47,34.14,,,1.08,21.47,,,,,,,,,,,,0,,,,76.6,137.43,10.35,39.58,29.47,37.03,6.96,1.38,12.09,3.41,6.62,1.79,,1.36,2.19,,66.7,0.82,61.7,,0,17.25,,-0.18,128.54,185.0,22.92,21.23,44.06,40.88,45.07,1.29,35.14,0.11,,,,0.03,0.08,10.04,86.75,1.15,161.0,0.0,0.0,,,,140.0,206.0,21.1,52.12,44.9,39.58,11.4,0.56,12.3,1.58,2.02,,,,,18.48,77.5,0.5,221.25,0.0,0.0,6.25,975.0,,,122.5,11.32,41.1,31.08,27.75,12.32,0.76,17.42,1.35,1.65,,,,,14.72,86.0,0.35,305.5,0.0,0.0,3.0,994.25,,140.0,196.0,19.7,70.78,53.72,46.65,9.12,0.72,24.08,3.7,3.65,,,,,17.88,76.25,1.0,282.5,0.0,0.0,10.0,966.0,,119.0,177.0,15.62,36.5,32.1,,4.27,0.66,7.7,1.8,19.02,,,,,21.08,68.25,1.35,263.0,0.0,0.0,5.25,986.0,,125.0,228.0,29.02,41.75,45.82,22.5,8.18,0.9,4.2,1.05,16.15,,,,,17.15,88.75,10.7,304.67,0.0,0.0,5.0,983.0,,106.25,172.5,6.92,41.05,27.5,25.08,36.58,0.88,7.22,0.2,1.85,,,,,18.0,88.0,1.5,73.75,0.0,0.0,8.5,988.0,,78.0,177.08,28.16,35.97,42.06,44.99,22.43,2.26,15.46,2.59,7.02,5.76,,3.66,2.91,30.1,29.93,,,0.0,0.0,,996.5,,,,,,,,,,,,,,,,,,,,,,0.0,,,
2024-12-10 07:00:00,73.58,111.32,10.92,45.51,33.1,,,1.1,19.44,,,,,,,,,,,,0,,,,85.7,147.5,10.7,40.19,30.08,37.44,5.65,1.62,11.65,3.4,5.06,1.71,,1.27,2.26,,65.78,1.05,73.4,,0,28.9,,-0.16,114.98,180.06,22.84,21.91,44.76,40.6,46.3,1.17,31.38,0.14,,,,0.07,0.12,9.84,86.77,1.28,166.52,0.0,0.0,5.22,,,125.0,207.0,26.67,56.45,51.8,39.82,10.88,0.96,13.2,1.4,3.2,,,,,18.42,78.0,0.6,234.5,0.0,0.0,11.5,975.0,,,120.25,13.65,38.38,31.48,35.0,13.32,0.83,14.02,1.3,1.62,,,,,14.55,86.0,0.4,320.25,0.0,0.0,6.5,995.0,,146.0,224.0,30.18,84.28,69.35,50.7,8.85,1.0,18.77,4.5,3.72,,,,,17.88,76.0,1.0,267.5,0.0,0.0,12.0,966.0,,132.0,182.0,16.95,35.7,32.8,25.1,6.4,0.86,7.02,1.6,15.88,,,,,21.3,67.5,1.65,266.75,0.0,0.0,17.5,986.0,,118.0,228.0,28.95,40.75,45.22,22.95,8.18,0.95,5.03,1.1,21.15,,,,,16.95,90.0,10.72,346.0,0.0,0.0,13.25,983.0,,110.25,171.25,15.3,48.15,38.05,25.02,36.93,0.86,5.18,0.2,1.58,,,,,18.08,88.0,1.48,70.5,0.0,0.0,19.25,988.25,,83.98,197.02,25.55,40.17,42.17,44.86,22.42,2.44,22.56,2.6,7.09,5.8,,3.7,2.9,30.1,29.93,,,0.0,0.0,,996.5,,,,,,,,,,,,,,,,,,,,,,0.0,,,
2024-12-10 08:00:00,68.04,122.66,14.89,50.31,38.87,,,1.2,21.89,,,,,,,,,,,,0,,,,61.3,144.45,10.96,38.96,29.63,37.43,7.1,1.82,11.4,4.06,6.24,2.1,,1.37,3.04,,59.58,0.91,71.58,,0,92.98,,-0.04,121.89,192.0,22.08,23.01,45.06,40.5,51.49,1.11,17.41,0.09,,,,0.05,0.12,10.82,83.3,1.94,165.43,0.0,0.0,15.78,,,142.0,246.0,28.2,56.2,52.82,39.25,13.17,1.06,13.0,1.75,5.72,,,,,18.73,76.25,0.7,232.5,0.0,0.0,28.0,975.0,,,128.75,12.18,39.9,31.1,35.1,13.27,0.84,24.2,1.45,1.62,,,,,15.32,85.75,0.5,313.0,0.0,0.0,22.5,996.0,,153.0,256.0,34.75,86.52,73.92,55.5,10.2,1.22,12.92,6.6,4.3,,,,,18.77,72.25,1.4,262.25,0.0,0.0,61.25,966.0,,134.0,201.0,19.45,35.08,34.48,25.25,7.8,1.02,8.3,1.75,14.25,,,,,22.7,62.0,1.9,262.0,0.0,0.0,50.5,986.0,,138.0,235.0,30.58,47.05,49.88,26.15,8.4,1.07,5.62,1.1,16.8,,,,,17.95,86.75,10.6,284.75,0.0,0.0,44.0,981.5,,104.0,165.75,19.38,53.22,44.05,25.65,37.22,0.93,12.18,0.18,1.35,,,,,19.25,86.5,2.05,69.25,0.0,0.0,84.75,989.0,,85.55,218.22,21.81,45.66,42.08,44.56,22.91,2.38,22.81,2.61,6.91,5.78,,3.64,2.9,30.1,29.93,,,0.0,0.0,,996.5,,,,,,,,,,,,,,,,,,,,,,0.0,,,
2024-12-10 09:00:00,84.36,151.03,20.04,60.98,48.76,,,1.27,26.76,,,,,,,,,,,,0,,,,63.9,157.93,9.78,35.39,26.77,37.19,7.69,1.37,13.52,3.54,5.73,1.95,,1.38,2.88,,51.05,1.02,75.72,,0,177.65,,0.12,125.02,226.89,22.7,23.55,45.99,40.84,51.07,1.04,17.18,0.33,,,,0.01,0.17,12.56,76.54,2.48,168.0,0.0,0.0,24.94,,,142.0,252.0,20.45,51.15,43.88,39.88,14.62,0.98,13.38,1.5,3.18,,,,,19.5,72.5,0.65,222.0,0.0,0.0,39.25,975.0,,,156.0,10.6,45.28,32.67,34.95,11.5,0.98,52.2,1.68,1.6,,,,,17.77,78.5,0.52,312.0,0.0,0.0,39.0,997.0,,145.0,261.0,28.05,73.15,61.62,53.02,11.25,1.07,24.78,5.88,4.15,,,,,20.3,65.0,1.82,270.0,0.0,0.0,131.25,965.75,,141.0,244.0,18.25,32.07,34.3,26.93,10.72,0.96,14.0,1.85,13.32,,,,,24.68,54.0,2.48,263.25,0.0,0.0,144.25,986.0,,189.0,350.0,24.4,54.15,48.62,35.45,9.68,1.11,15.12,1.25,28.25,,,,,21.4,70.75,10.95,214.0,0.0,0.0,139.25,979.25,,101.75,173.5,13.95,57.92,42.15,26.42,37.78,0.94,34.55,0.2,1.15,,,,,21.78,71.0,2.85,66.5,0.0,0.0,247.25,989.0,,81.25,196.95,18.11,50.27,41.54,43.37,20.92,2.41,33.09,2.58,7.04,5.82,,3.66,2.94,30.1,29.93,,,0.0,0.0,,996.5,,,,,,,,,,,,,,,,,,,,,,0.0,,,
2024-12-10 10:00:00,130.11,218.61,11.72,49.94,36.05,,,1.28,43.44,,,,,,,,,,,,0,,,,62.6,168.02,11.21,40.66,30.74,37.81,7.04,1.3,12.55,3.17,5.6,1.74,,1.27,2.46,,44.85,1.05,86.7,,0,223.78,,0.18,134.05,223.39,23.34,22.36,46.14,42.27,53.49,0.99,19.46,0.05,,,,0.04,0.09,14.84,68.97,2.42,154.15,0.0,0.0,34.28,,,150.0,254.0,19.8,48.85,42.3,39.2,14.6,0.91,13.88,1.65,3.32,,,,,20.68,67.0,0.7,202.0,0.0,0.0,48.75,975.0,,,179.75,8.18,42.62,29.32,38.17,11.08,0.9,90.85,1.82,1.42,,,,,20.4,65.25,0.6,281.25,0.0,0.0,50.25,997.0,,139.0,304.0,25.25,68.9,57.4,42.48,13.52,1.01,55.85,5.12,3.78,,,,,21.6,60.0,2.22,274.0,0.0,0.0,135.75,966.0,,127.0,226.0,,,,,15.77,0.88,19.9,1.82,13.72,,,,,26.1,48.5,2.82,272.0,0.0,0.0,201.75,986.0,,162.0,309.0,4.38,37.42,23.45,39.3,9.98,0.89,35.35,1.23,23.85,,,,,23.92,58.5,11.35,215.75,0.0,0.0,228.5,978.0,,116.25,187.5,11.2,43.78,32.35,26.82,40.62,0.97,58.05,0.2,1.1,,,,,23.92,57.5,2.68,74.5,0.0,0.0,362.0,989.0,,90.2,186.9,15.44,52.48,40.55,42.28,20.72,2.17,32.96,2.59,7.0,5.74,,3.66,2.88,30.1,29.93,,,0.0,0.0,,996.5,,,,,,,,,,,,,,,,,,,,,,0.0,,,
2024-12-10 11:00:00,167.76,230.51,10.04,42.22,30.62,,,1.18,60.01,,,,,,,,,,,,0,,,,98.3,180.58,10.54,37.01,28.26,36.59,6.93,1.2,12.14,3.18,6.4,1.77,,1.31,2.34,,37.57,1.45,98.31,,0,265.55,,0.24,131.09,229.36,25.43,25.14,49.58,42.59,47.06,0.95,25.55,0.22,,,,0.03,0.1,17.28,60.5,2.6,143.69,0.0,0.0,45.63,,,142.0,262.0,15.45,40.88,34.25,39.67,15.68,0.54,12.8,2.15,3.02,,,,,22.38,57.75,0.85,218.5,0.0,0.0,54.5,975.0,,,173.0,4.9,38.58,24.5,38.0,12.5,0.81,124.25,1.1,1.1,,,,,22.72,52.0,0.65,252.0,0.0,0.0,78.75,997.0,,127.0,244.0,19.35,64.68,50.45,43.8,16.88,0.94,75.6,4.85,3.9,,,,,23.4,54.0,2.25,282.75,0.0,0.0,265.25,965.25,,120.75,205.0,11.8,42.12,32.0,24.78,14.75,0.71,37.48,1.78,14.22,,,,,27.32,44.25,2.95,281.5,0.0,0.0,252.5,985.5,,125.0,233.0,2.47,34.52,19.77,38.88,10.15,0.79,49.95,1.05,13.22,,,,,25.5,53.25,11.32,223.0,0.0,0.0,279.25,977.0,,129.25,212.0,9.43,39.4,28.62,29.5,43.9,0.96,86.05,0.2,1.05,,,,,25.55,49.25,2.58,83.0,0.0,0.0,270.25,989.0,,80.75,161.7,14.0,66.78,47.06,36.94,15.86,1.38,45.55,2.57,7.0,5.8,,3.69,2.82,30.1,29.93,,,0.0,0.0,,996.5,,,,,,,,,,,,,,,,,,,,,,0.0,,,
2024-12-10 12:00:00,1.0,1.0,12.05,41.96,31.7,,,1.15,73.73,,,,,,,,,,,,0,,,,83.7,168.7,11.4,39.44,30.25,36.5,8.21,0.86,11.72,2.64,7.88,1.53,,1.26,2.01,,26.75,1.59,98.1,,0,252.4,,0.2,105.53,203.67,26.58,30.36,56.55,35.42,37.23,0.88,31.15,0.12,,,,0.04,0.08,19.04,50.8,2.6,117.0,0.0,0.0,56.44,,,103.0,211.0,12.65,32.95,27.68,40.08,16.25,0.34,12.6,2.0,2.15,,,,,23.8,49.0,0.75,226.25,0.0,0.0,64.0,975.0,,,154.75,3.85,36.78,22.7,40.9,12.92,0.77,151.43,0.92,1.12,,,,,24.0,45.25,0.68,237.5,0.0,0.0,102.25,996.5,,107.0,228.0,17.18,55.5,43.62,41.55,12.7,0.66,102.58,4.4,4.92,,,,,24.25,48.25,2.98,292.5,0.0,0.0,266.75,965.0,,100.75,193.5,11.12,44.85,32.9,25.32,16.73,0.58,48.75,1.68,14.98,,,,,28.28,38.75,3.3,293.5,0.0,0.0,267.25,985.25,,103.0,217.0,2.1,27.32,16.23,34.2,10.1,0.7,64.03,0.8,12.42,,,,,26.42,47.75,11.42,224.0,0.0,0.0,261.75,978.5,,117.75,207.75,5.4,22.88,16.55,31.2,41.05,0.82,119.12,0.18,1.18,,,,,26.62,42.0,3.15,84.0,0.0,0.0,125.75,988.25,,65.4,162.23,11.87,70.93,47.23,35.68,16.05,1.42,46.34,2.63,7.04,5.66,,3.68,2.96,30.1,29.93,,,0.0,0.0,,996.5,,,,,,,,,,,,,,,,,,,,,,0.0,,,
2024-12-10 13:00:00,1.0,1.0,10.66,23.07,20.53,,,0.74,79.25,,,,,,,,,,,,0,,,,68.6,167.32,9.78,36.58,27.41,35.76,8.04,0.98,12.12,2.24,4.85,1.37,,1.11,1.67,,17.46,1.76,103.99,,0,158.75,,0.05,78.26,152.44,25.56,31.8,57.38,37.33,36.92,0.78,31.98,0.13,,,,0.02,0.12,20.76,42.86,3.06,147.4,0.0,0.0,270.32,,,82.0,169.0,12.6,31.82,27.12,40.2,18.32,0.15,13.25,1.9,1.7,,,,,25.3,37.25,0.88,215.25,0.0,0.0,252.0,975.0,,95.0,136.5,3.7,31.25,19.65,42.8,12.8,0.73,163.95,0.95,1.45,,,,,23.88,40.0,0.92,148.0,0.0,0.0,57.5,995.25,,75.0,178.0,15.1,53.6,40.78,37.75,10.98,0.46,87.68,3.28,5.08,,,,,25.1,40.75,3.5,299.5,0.0,0.0,249.25,965.0,,71.75,173.0,10.12,46.3,32.9,25.12,15.02,0.52,53.32,1.48,14.98,,,,,28.75,33.5,3.78,296.5,0.0,0.0,249.5,985.0,,72.0,188.0,1.7,21.1,11.2,21.48,8.78,0.53,70.88,0.6,9.57,,,,,26.92,39.25,11.8,222.75,0.0,0.0,279.5,982.5,,88.25,171.75,5.1,16.55,12.95,29.68,39.85,0.7,127.08,0.2,1.32,,,,,26.68,39.5,3.12,89.25,0.0,0.0,122.5,988.0,,58.52,164.5,11.45,71.17,47.2,35.28,14.18,1.3,46.17,2.6,7.06,5.89,,3.62,2.9,30.1,29.93,,,0.0,0.0,,996.5,,,,,,0.0,,,0.0,,,,,,,,,,,,0.0,0.0,,,
2024-12-10 14:00:00,75.13,125.38,16.35,29.9,22.05,,,0.45,84.92,,,,,,,,,,,,0,,,,54.2,145.78,6.34,31.4,21.78,34.87,5.92,1.12,11.31,2.03,2.99,1.52,,1.0,1.56,,11.66,1.76,97.44,,0,75.8,,-0.06,64.38,148.08,26.29,28.9,55.64,40.22,55.01,0.68,36.11,0.11,,,,0.02,0.18,20.82,33.62,4.11,165.94,0.0,0.0,99.36,,,48.0,144.0,11.22,29.02,24.45,40.85,17.93,0.48,15.82,1.72,2.42,,,,,26.22,32.5,0.98,201.75,0.0,0.0,58.75,975.0,,59.75,104.25,3.05,25.0,15.8,32.4,11.88,0.58,156.65,0.57,0.92,,,,,23.88,33.25,1.18,135.75,0.0,0.0,49.75,994.5,,41.0,157.0,18.52,51.88,42.65,38.92,7.63,0.32,70.75,2.62,6.05,,,,,25.15,37.25,4.55,288.0,0.0,0.0,214.0,965.0,,45.0,156.75,6.7,35.15,24.15,24.88,10.7,0.55,57.68,0.95,9.2,,,,,28.68,30.75,3.68,308.5,0.0,0.0,199.5,985.0,,29.0,206.0,0.55,20.78,11.1,19.27,8.22,0.46,71.7,0.43,7.95,,,,,27.0,35.75,12.18,225.5,0.0,0.0,235.25,983.0,,64.25,141.5,4.8,10.72,9.6,26.62,38.08,0.55,120.88,0.15,1.23,,,,,26.98,34.5,3.28,80.75,0.0,0.0,278.75,987.75,,53.18,155.45,9.76,70.56,45.75,33.74,12.14,1.46,67.23,2.62,6.92,5.74,,3.69,2.96,30.1,29.93,,,0.0,0.0,,996.5,,43.5,87.0,7.33,17.7,10.63,48.6,30.5,0.42,79.95,3.95,5.73,5.22,,4.25,6.04,,,6.73,324.77,0.0,0.0,28.7,,
2024-12-10 15:00:00,71.45,239.73,15.54,28.36,26.46,,,0.97,91.48,,,,,,,,,,,,0,,,,41.5,140.98,8.71,37.91,27.25,37.44,2.98,0.97,11.19,2.0,3.62,1.3,,0.98,1.54,,10.75,1.7,99.26,,0,49.82,,-0.11,35.12,116.33,25.29,26.61,52.03,42.38,47.9,0.61,33.08,0.16,,,,0.04,0.17,20.54,30.12,3.29,135.53,0.0,0.0,41.49,,,36.0,143.0,10.07,29.25,23.75,40.52,16.45,0.54,18.65,1.72,1.27,,,,,25.02,33.25,0.88,198.75,0.0,0.0,37.5,975.0,,32.25,86.75,3.32,22.58,14.7,25.88,11.73,0.56,154.6,0.48,0.75,,,,,23.72,32.25,1.38,214.25,0.0,0.0,33.0,994.0,,29.0,149.0,19.82,60.75,48.52,33.55,7.15,0.31,77.3,2.22,4.22,,,,,24.48,37.5,3.82,300.25,0.0,0.0,113.5,965.0,,29.5,143.75,7.28,31.1,22.48,25.3,6.15,0.49,56.85,0.88,7.9,,,,,28.12,30.25,3.78,315.5,0.0,0.0,128.75,985.0,,29.0,293.0,0.6,19.42,10.65,18.82,7.52,0.44,73.82,0.43,7.62,,,,,26.55,34.75,12.18,229.5,0.0,0.0,142.25,983.0,,35.0,109.5,3.78,11.0,8.95,24.42,37.5,0.56,117.1,0.1,0.98,,,,,26.98,32.5,3.0,81.0,0.0,0.0,127.5,987.0,,47.72,122.38,8.58,58.12,37.95,29.27,8.76,1.22,66.96,2.61,7.03,5.78,,3.63,2.97,30.1,29.93,,,0.0,0.0,,996.5,,40.46,80.91,7.3,18.84,15.86,47.61,18.6,0.55,81.04,3.94,5.95,5.54,,4.19,6.13,,,6.95,323.24,0.0,0.0,28.7,,
2024-12-10 16:00:00,53.75,112.32,11.94,37.64,29.84,,,0.97,90.66,,,,,,,,,,,,0,,,,44.9,133.38,9.81,43.54,31.14,36.45,4.14,1.02,12.8,2.26,3.82,1.37,,1.02,1.62,,13.63,1.39,96.34,,0,31.28,,-0.15,32.16,125.46,25.85,27.26,52.93,44.23,41.83,0.56,29.75,0.16,,,,0.04,0.14,19.75,30.2,2.74,156.62,0.0,0.0,25.71,,,30.0,144.0,14.15,35.3,30.25,40.38,15.38,0.67,19.82,2.12,1.48,,,,,24.4,34.25,0.75,198.25,0.0,0.0,24.75,975.0,,22.33,72.67,3.03,24.4,15.47,25.07,11.17,0.5,148.82,0.45,0.68,,,,,23.12,33.0,1.1,194.5,0.0,0.0,25.75,994.0,,23.0,121.0,19.48,64.25,50.12,31.7,7.6,0.39,83.65,1.95,3.9,,,,,23.5,38.25,3.6,317.75,0.0,0.0,25.0,965.0,,28.25,133.75,8.15,30.48,22.82,25.0,5.88,0.55,52.0,0.8,8.57,,,,,27.4,31.75,2.7,315.5,0.0,0.0,51.75,985.0,,25.0,197.0,0.65,27.2,14.42,22.08,7.62,0.44,69.18,0.4,8.0,,,,,25.7,36.25,11.65,228.25,0.0,0.0,39.25,981.0,,28.5,101.0,4.28,12.9,10.32,23.78,37.62,0.6,112.05,0.1,0.85,,,,,25.95,33.25,2.52,78.75,0.0,0.0,49.5,987.0,,45.42,94.0,8.39,54.68,36.02,28.07,8.43,1.34,42.41,2.59,6.99,5.82,,3.69,2.88,30.1,29.93,,,0.0,0.0,,996.5,,40.09,80.18,7.25,18.08,11.36,47.74,19.81,0.4,77.92,3.93,5.77,5.41,,4.2,6.16,,20.68,6.28,330.65,0.0,0.0,28.7,,
2024-12-10 17:00:00,44.02,101.11,16.06,58.39,42.19,,,1.08,66.91,,,,,,,,,,,,0,,,,60.2,127.78,10.46,43.5,31.63,37.03,2.42,1.12,9.94,2.38,4.31,1.55,,1.2,1.97,,16.35,1.19,89.82,,0,17.77,,-0.17,28.6,103.51,26.08,26.47,52.68,56.26,39.21,0.59,25.5,0.26,,,,0.07,0.09,17.55,37.53,1.24,160.67,0.0,0.0,5.62,,,48.0,146.0,18.77,66.1,50.5,40.08,17.75,1.27,20.02,2.0,2.12,,,,,23.28,37.75,0.45,198.0,0.0,0.0,11.0,975.0,,23.75,67.75,7.7,39.13,27.73,43.83,47.47,1.7,108.97,0.52,0.85,,,,,21.2,40.25,0.42,226.25,0.0,0.0,7.25,993.25,,31.0,121.0,22.92,97.0,70.08,32.48,7.48,0.76,53.88,2.42,4.0,,,,,22.38,42.0,1.9,320.75,0.0,0.0,10.75,965.5,,31.25,109.0,10.78,30.72,25.08,25.28,6.8,0.69,44.48,0.88,9.45,,,,,25.7,33.75,2.22,317.0,0.0,0.0,7.5,985.5,,31.0,229.0,2.1,43.15,24.65,31.72,8.8,0.72,43.92,0.43,34.25,,,,,23.5,44.25,10.85,218.5,0.0,0.0,9.25,978.0,,26.0,92.0,4.5,19.05,13.8,24.98,37.6,0.64,82.58,0.1,0.82,,,,,23.25,43.25,1.2,77.5,0.0,0.0,17.25,987.0,,58.43,112.9,9.93,55.74,37.74,27.3,14.71,2.12,34.62,2.59,7.05,5.88,,3.68,2.87,30.1,29.93,,,0.0,0.0,,996.5,,39.83,79.65,7.19,18.78,11.31,49.05,,0.4,82.39,3.91,5.92,5.39,,4.27,6.24,,24.94,5.99,320.05,0.0,0.0,28.7,,
2024-12-10 18:00:00,51.46,121.08,13.8,78.63,53.34,,,1.34,38.05,,,,,,,,,,,,0,,,,61.2,124.15,9.38,40.0,28.91,36.73,2.16,1.51,16.81,3.99,11.92,2.58,,2.04,3.88,,23.16,0.8,88.62,,0,16.08,,-0.17,58.44,235.79,24.9,23.66,49.2,62.48,39.53,0.88,25.03,0.07,,,,0.03,0.14,14.18,56.2,0.22,164.94,0.0,0.0,,,,108.0,282.0,31.8,83.95,70.55,39.3,21.1,1.96,14.45,2.98,3.95,,,,,22.22,41.75,0.4,191.25,0.0,0.0,7.0,975.0,,29.5,81.5,4.75,47.68,29.22,23.95,11.6,0.55,77.0,0.68,0.9,,,,,18.45,51.75,0.45,219.25,0.0,0.0,3.5,993.75,,52.0,158.0,41.08,121.85,98.28,29.35,8.78,1.41,27.1,3.52,5.05,,,,,21.2,46.25,1.58,317.0,0.0,0.0,10.0,966.0,,46.75,134.25,12.6,32.92,27.75,25.48,8.9,1.07,17.12,1.1,11.1,,,,,24.35,38.0,1.25,313.75,0.0,0.0,5.0,986.0,,74.0,368.0,4.1,53.05,31.55,36.62,14.95,1.04,33.08,0.7,26.72,,,,,21.7,49.25,10.75,220.25,0.0,0.0,4.25,977.5,,23.5,76.25,5.45,30.15,20.42,28.4,36.92,0.77,39.88,0.08,0.88,,,,,19.52,61.0,0.68,85.5,0.0,0.0,8.25,987.75,,72.78,169.28,11.79,54.41,38.53,26.76,18.99,1.86,25.04,2.58,6.97,5.75,,3.71,2.86,30.1,29.93,,,0.0,0.0,,996.5,,41.89,83.72,7.28,17.4,15.34,46.27,,0.58,85.44,3.94,5.76,5.44,,4.11,6.08,,13.77,5.71,316.4,0.0,0.0,28.7,,
2024-12-10 19:00:00,76.06,147.14,26.53,99.9,75.12,,,1.88,25.61,,,,,,,,,,,,0,,,,47.3,144.18,7.82,36.53,25.79,36.26,3.81,0.99,17.96,7.06,31.62,4.58,,2.76,7.78,,28.42,0.83,79.06,,0,16.9,,-0.12,141.16,807.14,24.3,18.46,42.92,64.11,40.04,1.29,24.84,0.11,,,,0.03,0.07,13.39,59.7,0.17,157.17,0.0,0.0,,,,203.0,404.0,28.15,80.95,65.88,38.75,25.7,1.89,11.9,3.88,6.82,,,,,21.68,42.75,0.38,199.5,0.0,0.0,6.75,975.0,,37.75,86.0,5.3,51.98,31.95,32.7,11.6,0.61,68.28,1.18,1.05,,,,,17.4,55.75,0.52,245.75,0.0,0.0,3.25,994.0,,113.0,251.0,80.25,127.18,132.8,30.85,11.7,2.09,30.62,5.2,7.1,,,,,20.3,49.5,1.02,318.75,0.0,0.0,10.0,966.0,,84.25,197.0,15.42,35.83,31.6,25.0,8.2,1.47,6.72,1.42,16.73,,,,,23.15,42.5,0.62,310.75,0.0,0.0,5.0,986.0,,139.0,471.0,4.8,61.25,36.48,34.52,10.07,1.27,18.6,1.15,29.18,,,,,21.0,52.0,10.95,215.75,0.0,0.0,4.0,977.5,,49.25,94.5,6.4,50.48,32.05,29.65,37.38,1.04,14.6,0.1,1.15,,,,,18.23,68.25,0.68,97.5,0.0,0.0,9.0,988.0,,83.25,179.82,13.68,52.27,38.97,27.2,18.05,1.92,24.7,2.56,6.99,5.83,,3.7,2.85,30.1,29.93,,,0.0,0.0,,996.5,,45.39,90.71,7.32,18.2,15.48,49.53,42.31,0.62,86.39,3.95,5.82,5.47,,4.3,6.02,,27.12,5.42,307.62,0.0,0.0,28.7,,
2024-12-10 20:00:00,105.56,194.03,46.16,102.2,92.0,,,2.2,26.3,,,,,,,,,,,,0,,,,107.1,167.72,10.36,44.89,32.3,36.1,3.69,2.06,10.26,13.37,103.79,6.25,,3.71,10.77,,29.77,0.82,77.76,,0,18.12,,-0.13,126.58,448.99,23.77,16.53,40.31,64.49,40.26,1.64,25.17,0.22,,,,0.12,0.12,12.66,62.18,0.48,153.54,0.0,0.0,,,,152.0,343.0,47.93,84.23,83.7,38.9,18.35,1.5,11.47,4.53,5.53,,,,,20.97,44.67,0.3,200.67,0.0,0.0,6.67,975.0,,55.75,113.0,6.45,55.48,34.75,32.1,13.15,0.71,56.1,1.5,2.17,,,,,16.68,59.75,0.3,284.25,0.0,0.0,3.0,994.75,,145.0,324.0,82.88,127.25,135.0,34.95,13.8,2.33,36.42,6.78,10.1,,,,,19.5,52.25,0.88,321.75,0.0,0.0,10.0,966.0,,121.5,246.0,19.18,35.8,34.62,25.35,8.48,1.65,1.72,2.2,29.95,,,,,22.52,45.0,0.75,323.5,0.0,0.0,5.0,986.0,,116.0,433.0,3.62,49.15,29.08,29.08,9.05,1.18,24.8,1.3,40.85,,,,,19.98,53.75,10.82,213.5,0.0,0.0,4.0,979.0,,60.25,117.75,14.5,67.12,47.48,32.2,36.8,1.37,5.4,0.1,1.6,,,,,17.45,73.0,0.68,78.75,0.0,0.0,9.0,988.0,,94.45,200.38,16.89,49.84,40.3,27.87,17.74,1.75,15.21,2.59,6.94,5.82,,3.66,2.99,30.1,29.93,,,0.0,0.0,,996.5,,49.08,98.17,7.41,18.22,11.38,46.62,42.24,0.48,88.28,3.98,5.81,5.41,,4.14,6.59,,,5.78,296.37,0.0,0.0,28.7,,
2024-12-10 21:00:00,115.74,225.34,62.06,94.74,101.0,,,2.41,25.38,,,,,,,,,,,,0,,,,114.2,179.2,10.24,43.32,31.37,36.52,4.45,1.48,11.26,10.68,64.96,5.34,,3.26,9.12,,28.6,0.91,63.49,,0,17.6,,-0.14,136.79,420.07,23.33,14.42,38.15,64.13,40.88,1.84,25.47,0.43,,,,0.05,0.14,11.34,66.96,0.13,154.99,0.0,0.0,,,,165.0,344.0,60.47,90.32,96.98,39.05,16.55,1.74,12.2,4.32,6.12,,,,,20.4,48.5,0.45,225.25,0.0,0.0,6.0,975.0,,70.0,126.5,8.15,54.08,35.35,43.8,11.7,0.87,48.3,1.38,1.98,,,,,15.98,63.75,0.3,270.75,0.0,0.0,3.0,995.0,,139.0,289.0,57.62,118.22,109.48,38.88,11.05,1.88,25.02,6.95,8.6,,,,,19.18,52.5,0.9,317.5,0.0,0.0,10.0,966.0,,128.25,260.25,22.05,36.17,37.15,25.08,8.22,1.51,3.48,2.42,40.48,,,,,22.6,43.75,1.05,289.5,0.0,0.0,5.0,986.0,,116.0,306.0,14.8,52.12,39.75,24.78,9.57,1.33,17.68,1.4,31.0,,,,,19.58,54.5,10.85,208.0,0.0,0.0,4.0,982.0,,90.25,159.75,24.75,64.55,54.45,33.1,37.3,1.41,4.5,0.18,2.48,,,,,16.92,76.75,0.72,63.0,0.0,0.0,8.75,988.75,,100.72,216.78,17.31,49.0,40.28,28.03,17.92,1.74,15.68,2.62,7.07,5.81,,3.8,2.92,30.1,29.93,,,0.0,0.0,,996.5,,53.16,106.32,7.0,17.72,14.48,49.37,29.14,0.69,89.11,3.84,5.74,5.28,,4.29,6.14,,37.17,5.78,270.26,0.0,0.0,28.7,,
2024-12-10 22:00:00,117.68,211.26,44.5,81.38,79.76,,,2.08,19.84,,,,,,,,,,,,0,,,,116.3,183.02,9.01,39.6,28.38,36.04,5.49,2.36,11.6,7.68,33.48,4.95,,3.54,8.18,,31.65,0.91,61.64,,0,17.3,,-0.14,131.36,289.78,23.4,12.32,35.74,66.46,40.72,1.95,24.99,0.29,,,,0.01,0.14,10.94,68.02,0.32,155.04,0.0,0.0,,,,150.0,298.0,35.78,78.6,70.82,38.85,14.65,1.28,12.18,3.82,4.68,,,,,19.98,49.5,0.35,204.25,0.0,0.0,6.25,975.0,,79.0,139.25,9.02,55.35,39.72,40.22,12.58,0.99,23.1,1.45,1.8,,,,,15.45,67.0,0.28,260.75,0.0,0.0,3.0,995.0,,124.0,243.0,33.35,110.1,85.82,41.95,11.58,1.33,23.65,6.0,6.62,,,,,19.0,52.75,1.0,305.0,0.0,0.0,10.0,966.0,,121.5,243.75,22.8,37.1,38.28,24.9,8.07,1.63,2.55,2.52,42.12,,,,,22.45,45.25,1.12,307.25,0.0,0.0,5.0,986.0,,161.0,442.0,65.88,67.4,89.42,25.8,10.7,1.74,4.88,1.8,72.45,,,,,18.95,59.5,10.75,205.0,0.0,0.0,4.0,982.5,,103.75,180.25,35.8,64.48,63.42,31.2,37.67,1.37,4.05,0.2,3.15,,,,,16.65,78.25,0.82,50.5,0.0,0.0,8.75,989.0,,102.98,222.6,22.05,44.72,41.77,29.35,17.34,1.8,14.93,2.58,7.03,5.75,,3.78,2.96,30.1,29.93,,,0.0,0.0,,996.5,,52.85,105.71,7.08,18.92,15.46,48.3,25.78,0.7,86.99,3.87,5.89,5.46,,4.23,6.11,,36.68,5.5,270.33,0.0,0.0,28.7,,
2024-12-10 23:00:00,113.44,176.69,33.58,77.31,68.06,,,1.82,20.25,,,,,,,,,,,,0,,,,88.3,188.3,8.67,40.22,28.45,35.08,7.58,3.08,11.64,8.34,22.88,4.37,,2.86,6.67,,32.12,0.99,70.44,,0,17.53,,-0.14,135.57,249.54,21.57,12.74,34.46,65.51,40.76,1.97,24.93,0.22,,,,0.02,0.18,11.08,65.02,1.11,157.39,0.0,0.0,,,,128.0,245.0,31.45,70.4,63.05,38.33,12.95,0.95,12.58,2.82,4.1,,,,,19.65,50.25,0.38,208.5,0.0,0.0,6.5,975.0,,87.75,143.75,8.62,68.97,43.6,38.45,12.98,1.06,15.1,1.6,1.85,,,,,14.7,72.0,0.3,255.0,0.0,0.0,3.0,995.0,,103.0,197.0,33.02,105.8,83.32,42.42,12.0,1.01,25.32,5.28,5.22,,,,,19.15,52.25,1.35,312.5,0.0,0.0,10.0,966.0,,130.75,247.0,22.48,37.55,38.2,25.0,11.32,1.16,6.52,2.58,38.22,,,,,22.5,44.5,1.48,297.25,0.0,0.0,5.0,986.0,,217.0,646.0,14.42,52.72,39.78,23.22,10.4,0.98,18.58,2.1,97.75,,,,,19.45,55.25,11.02,215.5,0.0,0.0,4.25,983.0,,109.5,189.0,49.6,63.72,74.22,31.3,37.6,1.58,4.72,0.2,3.02,,,,,16.88,77.25,1.15,45.5,0.0,0.0,8.5,988.75,,104.6,214.0,24.56,43.28,42.99,30.22,16.47,1.68,13.07,2.64,6.9,5.8,,3.74,2.92,30.1,29.93,,,0.0,0.0,,996.5,,53.2,106.41,7.12,17.44,15.56,51.5,11.24,0.68,88.06,3.88,5.68,5.48,,4.41,5.78,,,6.04,301.18,0.0,0.0,28.7,,
2024-12-11 00:00:00,109.81,178.67,18.93,84.54,60.12,,,1.72,20.32,,,,,,,,,,,,0,,,,91.3,184.5,8.29,37.87,26.88,36.34,7.33,1.06,12.28,6.29,12.7,2.65,,1.81,3.74,,34.3,0.91,92.36,,0,17.27,,-0.15,133.07,218.3,22.09,13.06,34.24,67.17,40.58,1.84,24.79,0.19,,,,0.06,0.06,11.4,62.16,1.82,162.2,0.0,0.0,,,,101.0,211.0,30.35,71.55,62.85,38.7,11.25,0.77,13.2,2.72,3.75,,,,,19.32,51.25,0.35,187.25,0.0,0.0,7.0,975.0,,88.5,141.0,10.35,64.22,42.52,37.45,12.9,0.8,12.1,1.58,1.85,,,,,14.5,74.25,0.28,246.75,0.0,0.0,3.25,995.0,,94.0,205.0,20.58,97.4,68.47,44.7,15.3,0.87,22.03,4.45,4.25,,,,,18.92,53.5,1.65,302.0,0.0,0.0,10.0,966.0,,114.0,220.0,22.85,37.12,38.3,24.8,11.67,0.98,6.52,2.45,31.62,,,,,22.25,46.0,1.62,312.0,0.0,0.0,5.0,986.0,,140.0,268.0,4.62,44.75,27.55,24.98,11.1,0.78,22.38,1.75,51.02,,,,,18.95,58.25,10.95,226.25,0.0,0.0,4.5,981.5,,129.75,203.0,42.58,62.32,67.72,29.95,38.15,1.56,4.35,0.2,2.52,,,,,16.73,78.0,1.18,54.75,0.0,0.0,8.5,988.0,,105.15,189.12,25.12,42.71,43.1,30.57,22.57,1.6,11.47,2.58,6.98,5.7,,3.64,2.89,30.1,29.93,,,0.0,0.0,,996.5,,52.36,104.74,7.06,18.74,15.63,47.48,10.25,0.62,87.9,3.86,5.92,5.5,,4.18,6.16,,,6.47,312.05,0.0,0.0,28.7,,
2024-12-11 01:00:00,97.3,150.12,14.56,58.37,42.81,,,1.41,29.09,,,,,,,,,,,,0,,,,62.8,179.78,8.2,38.14,26.95,36.73,7.82,1.01,11.93,3.84,9.13,1.88,,1.48,2.46,,34.09,1.12,88.98,,0,17.45,,-0.15,120.26,198.82,22.5,14.16,36.14,66.78,40.32,1.69,24.44,0.24,,,,0.05,0.1,11.29,61.72,1.82,158.22,0.0,0.0,,,,113.0,239.0,31.4,71.68,63.65,39.58,11.8,0.67,13.3,2.9,3.6,,,,,18.9,52.5,0.3,196.75,0.0,0.0,6.75,975.0,,103.0,139.25,12.42,66.25,45.42,45.48,13.1,0.61,9.7,1.5,1.65,,,,,14.08,75.5,0.3,276.5,0.0,0.0,3.0,995.0,,113.0,210.0,23.02,90.02,66.78,46.48,11.05,0.79,0.1,4.42,4.7,,,,,17.92,57.0,0.95,284.5,0.0,0.0,10.0,966.0,,99.25,201.5,22.1,35.88,37.05,25.02,7.88,0.76,24.2,2.33,26.82,,,,,22.2,45.75,2.08,309.5,0.0,0.0,5.0,986.0,,140.0,256.0,3.2,43.6,25.78,33.25,10.72,0.75,19.8,1.62,40.3,,,,,18.27,61.75,10.82,216.75,0.0,0.0,4.0,979.0,,124.75,193.5,26.3,58.0,52.22,27.2,37.78,1.21,3.7,0.2,2.0,,,,,16.45,80.75,1.2,53.75,0.0,0.0,8.75,988.0,,98.18,168.6,25.33,42.91,43.61,30.76,22.03,1.31,11.54,2.58,6.98,5.76,,3.64,2.79,30.1,29.93,,,0.0,0.0,,996.5,,48.81,97.61,6.84,18.41,10.8,48.9,1.84,0.41,89.09,3.9,5.89,5.5,,4.33,6.13,,,6.28,287.83,0.0,0.0,28.7,,
2024-12-11 02:00:00,2.18,122.39,24.65,52.4,39.73,,,1.23,46.0,,,,,,,,,,,,0,,,,52.6,167.38,11.14,43.01,31.94,37.48,7.62,1.0,11.9,2.6,7.31,1.43,,1.19,1.88,,34.18,1.25,89.72,,0,16.98,,-0.16,115.62,187.41,23.08,17.46,40.16,66.07,39.94,1.52,24.29,0.11,,,,0.04,0.15,10.64,63.26,1.08,147.05,0.0,0.0,,,,112.0,218.0,24.8,69.5,57.0,40.2,,,11.83,2.7,2.95,,,,,18.82,51.75,0.48,179.0,0.0,0.0,7.0,975.0,,99.75,149.5,11.8,67.0,45.2,46.8,13.4,0.61,12.28,1.5,1.8,,,,,14.05,75.0,0.48,271.75,0.0,0.0,3.25,994.25,,110.0,188.0,29.4,88.7,70.8,42.1,,0.74,41.62,4.35,4.9,,,,,17.92,56.5,1.55,296.25,0.0,0.0,10.0,966.0,,88.0,164.75,19.52,35.48,34.72,24.9,6.58,0.63,26.15,2.0,22.38,,,,,21.85,46.0,2.0,317.25,0.0,0.0,5.0,986.0,,134.0,230.0,2.7,38.5,22.7,37.3,10.5,0.76,22.1,1.35,26.72,,,,,17.9,63.25,10.8,223.75,0.0,0.0,4.0,978.0,,102.25,178.5,12.1,75.7,50.0,26.4,38.0,1.03,8.32,0.2,1.68,,,,,17.42,70.75,1.75,60.5,0.0,0.0,8.5,988.0,,95.9,179.72,24.98,43.74,43.63,30.91,22.03,1.69,11.78,2.59,6.94,5.78,,3.69,2.93,30.1,29.93,,,0.0,0.0,,996.5,,48.94,97.89,7.12,17.82,15.74,48.9,1.69,0.56,88.79,3.94,5.82,5.48,,4.23,6.22,,,6.46,296.9,0.0,0.0,28.7,,
2024-12-11 03:00:00,1.0,127.03,13.14,49.04,34.25,,,1.19,56.48,,,,,,,,,,,,0,,,,87.9,158.98,11.11,46.68,33.86,35.9,6.72,0.61,12.35,2.66,6.96,1.36,,0.98,1.54,,35.28,0.98,87.1,,0,16.6,,-0.16,105.68,167.67,24.9,19.69,44.34,64.71,39.82,1.34,24.21,0.15,,,,0.02,0.07,9.53,67.99,0.47,146.78,0.0,0.0,,,,97.0,202.0,11.12,40.42,30.55,40.95,14.78,0.25,13.55,2.22,2.2,,,,,18.7,52.0,0.45,176.0,0.0,0.0,7.0,975.75,,103.0,150.0,11.05,58.7,40.25,52.95,9.87,0.59,16.2,1.42,1.4,,,,,13.7,75.25,0.38,303.5,0.0,0.0,3.0,994.0,,105.0,169.0,15.88,69.15,49.48,34.35,13.62,0.52,58.1,3.9,4.62,,,,,17.7,57.0,1.45,295.5,0.0,0.0,10.0,966.0,,79.5,138.5,18.3,33.83,32.88,24.65,7.0,0.6,30.58,1.7,19.68,,,,,21.72,46.0,2.35,320.75,0.0,0.0,5.0,986.0,,211.0,305.0,1.8,38.38,21.88,30.55,10.32,0.63,22.65,1.42,22.08,,,,,17.58,63.75,10.88,225.5,0.0,0.0,4.0,978.0,,93.0,151.75,4.95,36.88,23.65,24.0,37.1,0.86,20.1,0.2,1.5,,,,,16.52,75.75,1.3,59.0,0.0,0.0,8.5,988.0,,99.4,174.48,24.83,43.7,43.42,30.88,22.06,1.54,12.26,2.61,6.88,5.86,,3.68,2.83,30.1,29.93,,,0.0,0.0,,996.5,,49.12,98.25,7.06,19.04,11.64,49.71,1.25,0.42,87.67,3.86,5.89,5.52,,4.33,6.12,,,7.01,316.92,0.0,0.0,28.7,,
2024-12-11 04:00:00,1.0,137.04,14.83,61.83,40.71,,,1.17,52.02,,,,,,,,,,,,0,,,,57.9,148.75,7.56,36.31,25.46,35.99,6.79,1.14,12.19,2.56,6.7,1.35,,0.96,1.44,,35.66,1.06,83.9,,0,17.18,,-0.15,103.07,154.75,24.88,21.44,46.18,63.87,39.56,1.19,24.71,0.33,,,,0.02,0.1,9.74,64.84,1.42,158.04,0.0,0.0,,,,96.0,182.0,16.85,59.9,45.62,40.3,15.18,0.52,12.4,1.85,1.7,,,,,18.2,53.5,0.35,224.75,0.0,0.0,6.0,975.75,,107.25,160.25,11.08,53.55,37.55,45.4,9.43,0.54,22.82,1.58,1.35,,,,,13.28,77.0,0.3,265.75,0.0,0.0,3.0,994.0,,119.0,185.0,14.0,67.6,47.38,31.7,13.42,0.52,59.25,3.78,5.25,,,,,17.2,58.5,1.1,297.5,0.0,0.0,10.0,966.0,,79.0,133.75,15.12,32.48,29.55,24.95,7.1,0.6,32.92,1.6,16.98,,,,,21.65,45.75,2.62,315.25,0.0,0.0,5.0,986.0,,232.0,333.0,2.8,35.35,21.08,26.0,10.28,0.62,25.8,1.27,16.45,,,,,17.4,63.0,10.98,217.5,0.0,0.0,4.0,980.0,,95.75,145.5,4.78,37.33,23.75,25.25,37.3,0.82,37.58,0.15,1.35,,,,,17.6,65.75,1.75,64.0,0.0,0.0,9.0,988.0,,97.2,191.0,21.88,40.62,39.46,28.42,21.86,1.76,11.42,2.58,7.02,5.79,,3.59,2.88,30.1,29.93,,,0.0,0.0,,996.5,,,,,,,,,,,,,,,,,,,,,,0.0,,,
2024-12-11 05:00:00,1.0,144.3,23.71,55.09,42.14,,,1.19,47.46,,,,,,,,,,,,0,,,,74.3,135.5,9.86,40.77,29.7,35.6,4.67,1.28,12.07,2.3,4.77,1.16,,0.99,1.44,,35.78,1.07,88.64,,0,17.25,,-0.16,118.17,173.89,25.16,21.62,46.86,62.6,39.76,1.05,25.35,0.09,,,,0.03,0.1,9.51,63.75,1.78,152.68,0.0,0.0,,,,134.0,215.0,20.35,61.3,49.2,40.38,15.45,0.62,12.08,2.48,3.1,,,,,17.9,55.0,0.4,202.5,0.0,0.0,6.25,975.0,,114.0,153.5,8.95,48.15,32.9,46.38,8.45,0.66,24.6,1.38,1.3,,,,,13.05,77.25,0.28,250.0,0.0,0.0,3.0,994.0,,118.0,179.0,15.38,59.25,44.2,32.45,13.98,0.48,54.4,3.38,3.88,,,,,17.2,57.75,1.42,293.0,0.0,0.0,10.0,966.0,,73.25,133.75,12.32,33.35,27.75,25.12,7.15,0.63,32.7,1.38,14.6,,,,,21.38,46.0,2.45,312.5,0.0,0.0,5.0,986.0,,123.0,221.0,3.02,33.52,20.3,21.78,10.1,0.83,24.65,1.18,16.7,,,,,17.12,63.0,10.98,219.75,0.0,0.0,4.25,982.5,,104.5,154.25,38.08,66.1,66.1,26.95,37.5,0.97,4.97,0.15,1.23,,,,,15.95,77.0,1.17,66.5,0.0,0.0,8.5,988.0,,95.5,228.18,17.06,45.34,38.07,27.04,22.07,1.61,14.8,2.59,6.96,5.75,,3.61,2.89,30.1,29.93,,,0.0,0.0,,996.5,,,,,,,,,,,,,,,,,,,,,,0.0,,,
2024-12-11 06:00:00,1.0,133.62,19.16,37.61,31.62,,,1.25,43.64,,,,,,,,,,,,0,,,,61.7,133.83,8.8,40.31,28.6,36.12,4.34,1.19,11.6,2.27,3.99,1.24,,0.93,1.53,,36.99,1.04,61.47,,0,16.88,,-0.15,119.18,272.53,24.24,20.92,45.56,62.6,39.67,0.94,25.37,0.17,,,,0.03,0.07,8.9,67.08,1.38,164.39,0.0,0.0,,,,117.0,224.0,21.42,61.28,50.15,40.05,15.4,0.7,11.68,2.5,2.25,,,,,17.62,55.75,0.5,216.25,0.0,0.0,6.25,975.25,,104.75,142.5,8.72,47.08,32.15,41.9,8.68,0.68,21.95,1.45,1.58,,,,,12.82,79.25,0.3,274.75,0.0,0.0,3.25,994.25,,117.0,193.0,19.48,63.42,49.53,37.6,14.52,0.6,45.32,3.38,3.98,,,,,17.08,57.75,1.38,288.25,0.0,0.0,10.0,966.0,,77.75,143.75,11.4,33.33,26.95,25.08,7.73,0.68,25.75,1.2,12.55,,,,,21.2,47.0,2.5,294.25,0.0,0.0,5.25,986.0,,135.0,235.0,22.48,46.08,42.78,21.52,10.45,0.92,13.32,1.18,25.68,,,,,16.95,63.75,10.98,204.25,0.0,0.0,4.0,983.0,,115.25,178.0,31.88,63.2,59.52,28.95,37.9,0.96,4.58,0.15,1.2,,,,,15.9,78.0,1.25,65.5,0.0,0.0,8.25,988.25,,94.18,235.22,15.47,45.03,36.59,26.44,21.52,1.87,16.06,2.6,6.91,5.74,,3.68,2.93,30.1,29.93,,,0.0,0.0,,996.5,,,,,,,,,,,,,,,,,,,,,,0.0,,,
2024-12-11 07:00:00,1.0,143.61,20.7,57.3,44.11,,,1.35,34.34,,,,,,,,,,,,0,,,,87.5,144.22,7.5,37.51,26.06,36.03,5.55,1.62,11.73,3.12,4.94,1.57,,1.2,2.06,,38.76,0.78,59.22,,0,27.88,,-0.1,119.0,186.88,24.11,19.24,43.17,64.18,39.62,0.94,24.91,0.12,,,,0.02,0.18,8.63,66.71,1.72,164.03,0.0,0.0,4.5,,,109.0,197.0,21.32,57.02,47.75,40.52,14.68,0.99,11.32,1.95,2.7,,,,,17.4,56.0,0.6,235.25,0.0,0.0,10.75,975.0,,96.5,137.0,9.22,49.6,33.9,45.6,9.2,0.73,19.45,1.55,1.78,,,,,13.08,77.0,0.4,320.0,0.0,0.0,7.25,995.25,,105.0,175.0,30.85,83.4,69.7,39.5,15.12,0.82,40.6,3.88,2.88,,,,,17.27,56.75,1.27,283.5,0.0,0.0,11.75,966.0,,97.25,178.0,12.8,33.25,28.1,25.18,9.0,0.91,10.15,1.3,11.3,,,,,20.58,49.25,1.88,271.75,0.0,0.0,15.25,986.0,,190.0,466.0,40.3,48.98,58.8,22.68,10.5,1.12,6.02,1.68,93.32,,,,,16.02,70.5,10.78,291.33,0.0,0.0,12.5,983.75,,121.75,187.25,8.9,53.72,35.8,28.22,38.3,0.9,12.32,0.2,1.15,,,,,16.55,72.25,1.62,70.5,0.0,0.0,17.5,989.0,,96.92,299.73,13.7,46.55,35.96,25.78,22.3,2.06,22.71,2.62,6.95,5.8,,3.72,2.9,30.1,29.93,,,0.0,0.0,,996.5,,,,,,,,,,,,,,,,,,,,,,0.0,,,
2024-12-11 08:00:00,1.0,159.34,15.03,63.64,43.75,,,1.51,36.99,,,,,,,,,,,,0,,,,64.9,150.38,9.64,41.42,29.88,35.97,6.28,1.72,11.55,3.52,5.92,2.04,,1.38,2.81,,33.18,1.06,66.81,,0,104.35,,0.03,134.65,216.25,24.29,19.02,43.44,64.17,39.41,0.95,24.75,0.18,,,,0.03,0.1,9.93,62.77,2.14,169.68,0.0,0.0,12.18,,,118.0,232.0,19.5,55.15,45.35,40.1,15.73,1.08,12.02,2.3,3.82,,,,,18.05,54.25,0.55,215.25,0.0,0.0,22.75,975.0,,106.33,154.0,8.18,45.55,30.85,46.78,9.95,0.78,39.25,1.9,1.95,,,,,14.02,73.0,0.48,319.0,0.0,0.0,21.25,996.0,,118.0,233.0,24.25,84.32,64.6,39.15,16.67,0.94,44.55,4.25,2.92,,,,,18.52,52.75,1.85,295.75,0.0,0.0,67.0,966.0,,119.25,219.25,14.78,33.6,29.9,25.02,11.9,1.02,18.9,1.48,10.45,,,,,22.28,44.75,2.42,278.5,0.0,0.0,42.25,986.0,,213.0,490.0,25.12,52.08,48.12,24.6,10.48,1.19,9.82,1.65,47.8,,,,,17.35,67.0,10.72,253.5,0.0,0.0,34.25,982.75,,128.25,206.0,16.95,59.75,45.55,27.12,40.83,0.98,21.78,0.12,1.0,,,,,19.05,58.75,2.15,69.75,0.0,0.0,83.5,989.0,,75.47,308.8,10.5,46.22,33.16,23.97,23.91,1.97,22.5,2.6,7.02,5.78,,3.66,2.88,30.1,29.93,,,0.0,0.0,,996.5,,,,,,,,,,,,,,,,,,,,,,0.0,,,
2024-12-11 09:00:00,1.0,191.42,16.36,53.28,41.53,,,1.48,54.33,,,,,,,,,,,,0,,,,83.5,180.8,9.58,41.18,29.69,36.06,4.39,1.56,11.8,3.3,5.22,1.73,,1.28,2.55,,25.71,1.31,85.67,,0,199.02,,0.2,129.75,225.86,23.97,11.99,36.32,66.45,38.79,0.94,24.85,0.38,,,,0.06,0.05,12.7,54.67,2.79,167.33,0.0,0.0,18.75,,,130.0,256.0,18.52,50.15,41.92,40.28,17.25,1.03,12.52,2.4,3.38,,,,,19.27,50.25,0.65,198.25,0.0,0.0,31.0,975.0,,128.0,188.0,8.22,45.82,31.05,47.92,11.83,0.71,64.35,2.0,1.88,,,,,16.88,62.0,0.62,317.0,0.0,0.0,34.75,997.25,,128.0,265.0,25.38,75.28,60.88,37.62,17.08,0.89,71.4,4.5,3.2,,,,,20.45,47.5,2.35,310.75,0.0,0.0,146.5,966.0,,108.75,243.0,14.0,35.98,30.52,25.12,12.9,0.96,32.15,1.48,10.1,,,,,24.75,38.75,2.98,280.5,0.0,0.0,145.75,986.0,,208.0,480.0,18.38,57.05,45.3,34.08,13.65,1.13,30.9,1.6,35.5,,,,,21.68,49.25,11.28,215.5,0.0,0.0,139.5,979.75,,127.75,212.75,12.05,49.05,35.9,26.28,43.35,0.95,50.12,0.15,0.9,,,,,22.3,45.5,2.52,73.0,0.0,0.0,273.5,989.0,,78.5,250.15,7.86,35.84,25.49,20.25,23.58,1.88,32.58,2.6,6.93,5.74,,3.67,2.87,30.1,29.93,,,0.0,0.0,,996.5,,,,,,,,,,,,,,,,,,,,,,0.0,,,
2024-12-11 10:00:00,67.78,212.14,27.26,48.09,38.98,,,1.31,73.37,,,,,,,,,,,,0,,,,68.8,186.6,8.74,38.47,27.57,35.92,5.49,1.46,12.48,2.89,5.03,1.62,,1.16,2.21,,22.15,1.42,88.71,,0,245.62,,0.24,129.5,251.12,24.88,17.88,42.1,61.0,43.08,0.94,27.83,0.09,,,,0.02,0.08,15.64,42.82,3.11,165.02,0.0,0.0,25.07,,,146.0,274.0,15.85,43.8,36.12,40.3,17.85,0.79,9.85,2.68,3.65,,,,,20.88,46.0,0.7,214.0,0.0,0.0,38.0,975.0,,140.0,188.0,6.78,44.35,29.08,47.35,13.15,0.6,110.62,2.72,1.75,,,,,20.35,45.75,0.65,289.0,0.0,0.0,41.0,998.0,,103.0,238.0,18.55,63.35,48.98,31.98,16.3,0.77,102.0,4.18,3.12,,,,,21.68,45.5,2.8,315.5,0.0,0.0,138.0,966.0,,98.75,232.0,8.28,37.52,26.7,25.32,12.68,0.8,48.22,1.6,10.55,,,,,26.0,35.75,3.3,297.75,0.0,0.0,213.25,986.0,,135.0,316.0,3.45,41.78,25.05,33.97,14.82,0.87,56.68,1.12,24.15,,,,,24.18,43.0,11.68,227.0,0.0,0.0,239.25,978.5,,119.5,214.5,10.8,43.35,31.82,26.92,44.25,0.92,74.53,0.18,0.92,,,,,24.38,39.0,2.9,74.75,0.0,0.0,386.75,989.0,,75.55,206.78,7.22,33.2,23.53,19.3,23.07,1.7,33.03,2.58,6.96,5.68,,3.66,2.93,30.1,29.93,,,0.0,0.0,,996.5,,,,,,,,,,,,,,,,,,,,,,0.0,,,
2024-12-11 11:00:00,155.91,187.53,19.66,28.08,3.08,,,1.17,84.37,,,,,,,,,,,,0,,,,110.6,191.42,8.47,39.96,28.14,35.76,4.69,1.37,12.86,2.33,4.7,1.41,,1.02,1.82,,18.19,1.5,89.4,,0,286.48,,0.3,99.56,203.83,25.84,21.88,47.37,54.46,49.42,0.87,31.78,0.22,,,,0.03,0.19,17.59,36.87,3.51,153.58,0.0,0.0,33.06,,,119.0,255.0,12.35,39.65,31.08,41.65,19.67,0.45,13.05,2.52,2.58,,,,,22.65,40.5,0.95,202.0,0.0,0.0,40.5,975.75,,94.0,155.0,4.4,41.53,25.68,41.62,13.88,0.46,143.57,1.23,1.1,,,,,23.22,35.5,0.75,236.75,0.0,0.0,74.5,997.0,,97.0,207.0,18.25,54.72,44.25,32.35,14.95,0.56,122.92,3.85,5.03,,,,,23.38,41.5,3.08,315.25,0.0,0.0,312.0,965.25,,82.0,202.0,5.95,34.0,22.92,25.65,10.75,0.64,58.62,1.42,11.15,,,,,27.3,33.75,3.72,298.25,0.0,0.0,268.0,986.0,,92.0,226.0,1.85,33.28,19.2,33.52,13.8,0.72,67.35,0.75,13.52,,,,,25.6,39.5,11.92,227.5,0.0,0.0,291.75,977.25,,103.5,207.5,6.25,24.75,18.25,26.8,43.55,0.76,113.92,0.18,0.98,,,,,25.85,35.0,3.25,77.0,0.0,0.0,281.5,989.0,,70.42,209.18,6.65,31.29,22.07,18.55,17.25,1.11,45.81,2.59,6.97,5.83,,3.7,2.83,30.1,29.93,,,0.0,0.0,,996.5,,,,,,,,,,,,,,,,,,,,,,0.0,,,
2024-12-11 12:00:00,93.96,152.06,193.25,66.82,55.85,,,1.08,91.14,,,,,,,,,,,,0,,,,71.0,167.38,8.47,42.2,29.33,35.31,4.48,0.98,11.88,2.06,4.32,1.3,,0.93,1.48,,15.79,1.53,94.64,,0,270.52,,0.29,76.92,164.25,26.38,26.08,52.12,48.26,46.33,0.79,35.22,0.26,,,,0.03,0.14,18.98,34.87,3.49,147.97,0.0,0.0,44.61,,,68.0,178.0,9.25,28.6,22.58,41.8,20.55,0.37,15.42,2.1,1.85,,,,,23.65,38.5,0.8,231.5,0.0,0.0,49.5,976.0,,85.0,135.0,3.0,41.0,24.22,41.82,13.18,0.42,169.7,1.0,0.98,,,,,24.15,32.75,0.72,225.5,0.0,0.0,98.0,996.25,,62.0,174.0,15.95,54.72,42.25,29.02,14.78,0.44,135.68,3.1,4.53,,,,,24.28,39.5,3.35,310.25,0.0,0.0,348.25,965.25,,58.5,177.5,5.25,30.68,20.58,25.48,11.73,0.61,65.62,1.4,12.4,,,,,28.05,32.5,3.78,298.0,0.0,0.0,282.5,986.0,,58.0,211.0,1.37,25.28,14.18,29.28,13.18,0.64,66.0,0.6,14.35,,,,,26.3,37.25,11.72,223.25,0.0,0.0,268.0,978.5,,77.25,182.5,5.5,18.92,14.52,26.9,42.97,0.68,128.32,0.15,1.15,,,,,26.78,33.25,3.12,86.25,0.0,0.0,101.5,988.25,,79.88,194.02,6.56,28.43,20.48,17.85,18.38,1.29,45.96,2.58,6.94,5.76,,3.66,2.9,30.1,29.93,,,0.0,0.0,,996.5,,,,,,0.0,,,0.0,,,,,,,,,,,,0.0,0.0,,,
2024-12-11 13:00:00,74.42,122.04,92.13,74.78,107.89,,,1.02,99.41,,,,,,,,,,,,0,,,,59.5,155.67,8.37,40.06,28.11,36.8,3.56,0.93,12.44,1.96,9.61,1.24,,0.96,1.46,,14.54,1.45,92.01,,0,167.38,,0.11,64.15,169.94,25.74,26.12,51.99,42.65,39.67,0.7,39.87,0.33,,,,0.06,0.2,20.63,31.9,3.74,156.99,0.0,0.0,302.38,,,68.0,161.0,11.12,28.92,24.48,41.5,20.52,0.49,17.75,1.98,1.35,,,,,24.8,36.0,0.85,225.75,0.0,0.0,263.5,975.5,,59.0,103.0,4.05,38.33,23.68,42.53,13.0,0.53,178.22,0.88,0.78,,,,,24.05,32.75,0.72,259.5,0.0,0.0,52.25,994.75,,57.0,150.0,15.28,56.65,42.58,32.58,15.3,0.46,130.55,2.75,6.05,,,,,25.1,38.0,3.0,309.75,0.0,0.0,306.75,965.0,,51.0,156.0,5.2,30.52,20.48,25.55,12.8,0.64,71.55,1.32,14.68,,,,,28.52,32.0,3.4,311.0,0.0,0.0,256.25,986.0,,55.0,,0.88,23.82,13.4,20.88,12.4,0.63,70.47,0.52,20.65,,,,,26.52,37.0,11.82,228.75,0.0,0.0,280.75,982.0,,60.25,157.75,4.8,16.98,12.92,26.55,43.2,0.61,134.43,0.1,1.12,,,,,26.75,33.0,3.15,84.75,0.0,0.0,95.5,988.0,,78.8,160.4,6.78,32.42,22.79,18.43,17.56,1.26,46.66,2.61,6.96,5.8,,3.63,2.87,30.1,29.93,,,0.0,0.0,,996.5,,40.94,81.89,7.54,18.66,4.36,51.55,3.17,0.14,29.25,4.03,5.9,5.84,,4.41,6.04,,21.29,5.98,309.03,0.0,0.0,28.7,,
2024-12-11 14:00:00,51.15,123.7,93.72,48.88,91.54,,,1.03,107.4,,,,,,,,,,,,0,,,,60.9,142.28,8.14,40.59,28.21,35.91,3.73,0.65,12.2,1.96,10.46,1.22,,0.9,1.48,,13.49,1.48,90.2,,0,70.52,,-0.06,57.97,148.75,25.16,27.44,52.43,37.78,42.74,0.64,41.62,0.2,,,,0.02,0.1,20.58,32.24,3.15,150.75,0.0,0.0,102.89,,,54.0,150.0,11.98,31.75,26.55,41.52,17.9,0.39,20.78,2.12,1.6,,,,,26.02,34.0,0.75,216.75,0.0,0.0,58.25,975.0,,56.0,105.0,4.28,34.72,21.95,41.08,12.1,0.53,181.62,0.78,0.6,,,,,23.8,33.0,0.8,215.0,0.0,0.0,53.5,994.0,,61.0,153.0,15.45,61.2,45.22,40.0,12.97,0.46,119.38,2.52,6.32,,,,,25.15,38.0,3.2,307.0,0.0,0.0,258.75,965.0,,51.25,151.75,4.82,31.1,20.48,25.6,13.15,0.64,70.35,1.4,19.1,,,,,28.62,31.75,3.25,293.75,0.0,0.0,203.5,985.5,,100.0,256.0,0.95,22.92,12.55,18.95,11.62,0.62,74.92,1.12,9.7,,,,,26.9,36.5,11.7,226.75,0.0,0.0,231.0,982.0,,52.5,142.25,5.65,15.18,12.65,26.72,41.92,0.61,142.45,0.1,1.1,,,,,26.85,32.75,3.1,86.75,0.0,0.0,270.0,987.25,,62.98,144.35,6.55,36.21,24.6,18.54,16.94,1.25,66.86,2.61,6.92,5.81,,3.72,2.91,30.1,29.93,,,0.0,0.0,,996.5,,40.93,81.87,7.36,18.62,12.34,48.24,5.94,0.39,30.51,3.97,5.89,5.66,,4.23,6.11,,14.08,3.59,301.85,0.0,0.0,28.7,,
2024-12-11 15:00:00,72.12,117.88,113.01,67.64,120.94,,,1.05,117.08,,,,,,,,,,,,0,,,,46.6,133.9,7.68,39.25,27.12,36.28,3.2,1.04,13.84,1.96,6.61,1.3,,0.9,1.51,,12.86,1.48,90.72,,0,51.32,,-0.11,55.27,141.03,26.0,27.83,53.96,37.42,45.84,0.66,36.27,0.24,,,,0.03,0.08,20.49,32.86,3.04,158.86,0.0,0.0,44.4,,,57.0,151.0,10.07,32.2,25.2,41.1,18.02,0.57,15.95,18.9,1.72,,,,,24.98,34.75,0.7,202.75,0.0,0.0,38.75,975.0,,46.0,96.0,3.6,33.67,20.88,38.88,13.27,0.54,178.05,0.75,0.57,,,,,23.85,32.5,0.7,261.5,0.0,0.0,34.5,993.0,,55.0,134.0,15.5,69.57,49.9,39.8,11.97,0.47,138.02,2.62,4.82,,,,,24.52,38.75,2.45,314.75,0.0,0.0,130.75,965.0,,51.75,156.5,5.8,30.6,21.0,25.55,11.92,0.67,67.0,1.3,20.3,,,,,28.3,32.0,2.98,298.5,0.0,0.0,130.5,985.25,,48.0,179.0,0.57,24.02,13.25,18.52,10.88,0.56,74.0,0.65,14.3,,,,,26.9,36.0,11.6,225.25,0.0,0.0,137.25,982.0,,51.75,127.0,4.6,18.27,13.45,26.78,41.3,0.65,140.07,0.1,1.1,,,,,26.95,32.75,2.7,85.5,0.0,0.0,130.25,987.0,,62.25,142.95,5.91,38.07,25.07,17.26,16.23,1.25,65.13,2.59,7.02,5.77,,3.69,2.92,30.1,29.93,,,0.0,0.0,,996.5,,39.32,78.63,7.33,18.04,15.73,49.72,16.67,0.53,24.94,3.95,5.79,5.52,,4.31,6.06,,19.86,4.23,304.74,0.0,0.0,28.7,,
2024-12-11 16:00:00,58.67,107.68,93.34,129.16,129.37,,,1.03,112.1,,,,,,,,,,,,0,,,,53.8,129.22,9.8,43.51,31.1,36.1,3.26,1.44,11.55,2.08,10.08,1.4,,1.12,1.77,,15.62,1.14,89.87,,0,31.12,,-0.15,55.2,175.38,25.76,26.87,52.68,39.44,46.12,0.68,35.5,0.23,,,,0.04,0.05,19.77,34.78,2.32,157.71,0.0,0.0,26.6,,,59.0,155.0,11.85,40.75,31.35,40.62,18.6,0.7,14.82,20.53,1.85,,,,,24.48,36.25,0.57,198.0,0.0,0.0,27.25,975.0,,44.0,84.0,3.55,34.98,21.5,39.0,13.25,0.56,156.9,0.7,0.55,,,,,23.3,34.5,0.57,293.0,0.0,0.0,26.25,993.0,,64.0,144.0,19.7,87.05,62.02,41.52,11.95,0.74,109.8,3.18,5.03,,,,,23.68,40.25,2.0,316.5,0.0,0.0,31.25,965.0,,52.5,155.75,5.7,32.2,21.78,25.22,14.42,0.75,61.15,1.27,22.2,,,,,27.62,32.75,2.4,299.25,0.0,0.0,47.75,985.75,,39.0,177.0,1.15,33.62,18.82,21.2,10.58,0.57,66.82,0.52,11.4,,,,,25.9,38.0,11.28,228.5,0.0,0.0,40.25,980.75,,51.25,124.5,4.05,18.05,12.88,27.5,41.3,0.69,134.3,0.1,0.95,,,,,25.88,34.75,2.12,73.75,0.0,0.0,48.5,987.0,,59.68,142.9,6.2,33.83,23.05,16.7,16.49,1.32,42.29,2.58,6.9,5.74,,3.68,2.87,30.1,29.93,,,0.0,0.0,,996.5,,35.69,71.37,7.24,17.74,14.67,49.16,15.57,0.54,33.8,3.92,5.74,5.32,,4.28,6.18,,21.11,4.2,298.99,0.0,0.0,28.7,,
2024-12-11 17:00:00,45.66,97.31,160.25,92.44,157.52,,,1.17,79.25,,,,,,,,,,,,0,,,,87.6,140.5,8.73,41.12,28.96,35.24,2.74,1.88,12.2,4.03,16.56,2.38,,2.3,3.89,,26.01,0.74,62.66,,0,15.4,,-0.18,51.7,144.06,25.38,23.85,49.6,56.73,39.4,0.78,23.18,0.26,,,,0.01,0.16,16.61,48.05,0.61,135.98,0.0,0.0,5.4,,,82.0,195.0,19.48,73.9,55.1,39.78,19.45,1.19,12.35,5.62,2.0,,,,,23.12,40.25,0.25,193.75,0.0,0.0,11.25,975.0,,45.0,79.0,3.75,44.8,26.85,32.2,14.02,0.48,90.75,0.62,0.65,,,,,20.7,45.75,0.35,305.25,0.0,0.0,7.0,993.0,,62.0,162.0,27.53,135.07,94.03,41.12,11.43,1.18,61.58,3.52,4.53,,,,,22.17,45.0,0.9,320.25,0.0,0.0,11.0,965.0,,63.5,173.75,6.92,33.7,23.52,25.28,11.48,1.11,33.5,1.45,25.2,,,,,25.28,38.0,0.8,261.0,0.0,0.0,7.75,986.0,,57.0,226.0,1.4,51.65,28.62,32.75,11.22,0.88,41.52,0.68,16.02,,,,,23.35,45.0,10.75,221.75,0.0,0.0,8.75,977.25,,46.5,112.25,4.7,24.48,16.88,30.75,39.28,0.76,75.5,0.1,1.02,,,,,22.38,51.5,0.68,95.25,0.0,0.0,17.5,987.0,,52.22,165.38,5.73,32.25,21.85,16.32,16.58,2.0,43.05,2.6,6.93,5.8,,3.68,2.93,30.1,29.93,,,0.0,0.0,,996.5,,31.19,62.37,6.74,18.31,12.34,49.93,16.58,0.46,46.34,3.75,5.86,5.65,,4.32,6.03,,17.87,3.48,284.95,0.0,0.0,28.7,,
2024-12-11 18:00:00,56.66,124.54,123.47,120.57,126.58,,,1.95,30.5,,,,,,,,,,,,0,,,,93.3,134.83,8.76,42.44,29.7,35.85,3.78,1.38,12.37,6.52,26.97,4.51,,3.92,7.39,,42.18,0.54,113.88,,0,15.85,,-0.18,93.21,386.02,25.4,20.62,46.24,63.49,39.52,1.06,22.4,0.17,,,,0.03,0.07,13.48,61.58,0.11,136.28,0.0,0.0,,,,112.0,285.0,74.05,105.88,116.35,40.35,20.1,2.78,10.62,5.82,4.65,,,,,21.2,47.5,0.22,168.5,0.0,0.0,7.0,975.0,,53.0,127.0,4.1,49.62,29.72,38.17,14.5,0.47,94.32,0.7,0.85,,,,,18.32,53.75,0.45,275.75,0.0,0.0,3.0,993.0,,75.0,232.0,70.88,149.55,137.1,35.28,12.42,2.19,38.58,4.68,7.08,,,,,20.5,49.5,0.65,321.0,0.0,0.0,10.0,966.0,,95.5,235.75,9.6,37.33,27.62,25.0,9.83,1.83,6.28,1.78,31.38,,,,,22.62,46.0,0.3,360.0,0.0,0.0,5.0,986.0,,86.0,619.0,7.38,82.35,49.8,35.0,12.38,1.28,17.2,2.3,87.05,,,,,21.9,49.75,10.88,220.5,0.0,0.0,4.0,977.0,,39.75,111.75,5.03,37.85,24.22,32.1,37.8,0.89,31.55,0.08,1.08,,,,,19.1,66.75,0.78,60.0,0.0,0.0,8.25,987.0,,59.92,214.08,6.3,25.85,18.92,15.48,19.22,1.92,24.93,2.61,6.98,5.74,,3.7,2.88,30.1,29.93,,,0.0,0.0,,996.5,,37.22,74.44,7.13,18.65,15.82,49.49,16.41,0.62,74.33,3.89,5.9,5.53,,4.3,6.07,,21.65,4.44,287.0,0.0,0.0,28.7,,
2024-12-11 19:00:00,110.34,222.82,59.04,74.18,83.37,,,2.81,28.76,,,,,,,,,,,,0,,,,68.9,140.22,8.11,38.19,26.9,36.27,4.67,1.82,12.72,10.05,55.32,8.98,,7.09,15.02,,36.67,0.7,90.86,,0,19.27,,-0.16,129.6,580.56,25.06,16.62,42.34,65.33,40.13,1.53,22.26,0.18,,,,0.04,0.07,12.37,67.02,0.17,136.35,0.0,0.0,,,,217.0,443.0,118.45,114.25,157.07,36.33,26.75,4.11,9.8,5.42,8.35,,,,,20.6,51.0,0.25,166.5,0.0,0.0,7.0,975.25,,74.0,125.0,5.25,54.08,33.02,39.1,13.4,0.64,64.85,1.1,1.85,,,,,16.95,59.5,0.5,196.25,0.0,0.0,3.5,993.25,,112.0,267.0,82.0,147.68,145.3,39.4,15.32,2.5,38.1,6.42,8.25,,,,,20.02,51.75,0.72,319.25,0.0,0.0,10.0,966.0,,146.75,307.0,14.25,40.17,32.95,25.28,11.52,2.61,0.67,2.62,43.45,,,,,23.15,45.75,1.05,333.0,0.0,0.0,5.0,986.0,,171.0,566.0,15.12,87.93,59.08,37.98,14.42,1.78,7.62,3.7,97.72,,,,,21.35,52.25,10.85,228.75,0.0,0.0,4.0,977.0,,51.5,117.5,16.48,66.62,48.78,32.25,37.98,1.14,6.3,0.1,1.3,,,,,17.73,73.25,0.78,70.75,0.0,0.0,9.0,988.0,,72.6,191.95,7.2,24.81,19.09,15.52,18.14,2.33,25.08,2.59,7.04,5.9,,3.68,2.9,30.1,29.93,,,0.0,0.0,,996.5,,45.28,90.56,7.3,18.49,14.73,48.44,13.04,0.72,78.12,3.94,5.86,5.32,,4.24,6.07,,35.61,4.08,296.67,0.0,0.0,28.7,,
2024-12-11 20:00:00,137.21,284.51,11.99,31.75,26.63,,,3.2,31.96,,,,,,,,,,,,0,,,,98.9,186.68,8.41,39.88,28.05,35.58,5.34,2.26,13.02,18.5,96.64,13.13,,8.97,22.6,,34.47,0.83,82.97,,0,18.4,,-0.15,124.28,349.53,24.13,10.62,35.78,66.85,40.9,2.06,22.61,0.09,,,,0.05,0.16,11.96,68.43,0.13,137.58,0.0,0.0,,,,262.0,530.0,78.65,108.82,121.62,38.02,17.57,2.1,9.48,6.38,9.82,,,,,20.95,49.0,0.32,169.0,0.0,0.0,6.5,975.25,,94.0,151.0,6.78,54.25,34.38,44.78,12.75,0.69,42.7,1.42,3.08,,,,,16.02,67.0,0.3,294.0,0.0,0.0,3.0,993.5,,146.0,284.0,70.82,143.93,134.12,39.92,13.17,2.38,33.22,7.4,8.0,,,,,19.95,52.25,1.05,319.25,0.0,0.0,10.0,966.0,,185.5,382.25,26.0,40.88,42.9,24.9,13.15,2.48,0.5,3.4,54.92,,,,,23.48,44.75,0.9,296.5,0.0,0.0,5.0,986.0,,257.0,,34.98,82.18,72.12,37.62,15.52,2.26,4.9,4.53,134.22,,,,,20.85,55.25,10.88,221.25,0.0,0.0,4.0,978.5,,72.5,143.0,48.92,73.95,79.1,33.08,38.15,1.58,4.85,0.1,1.52,,,,,17.35,75.5,0.72,63.0,0.0,0.0,9.0,988.0,,85.05,180.28,6.75,22.88,17.74,15.12,17.7,1.19,15.16,2.62,7.03,5.83,,3.66,2.91,30.1,29.93,,,0.0,0.0,,996.5,,49.61,99.22,7.2,17.74,15.4,50.91,17.35,1.08,70.24,3.91,5.74,5.45,,4.38,5.89,,26.69,4.01,296.38,0.0,0.0,28.7,,
2024-12-11 21:00:00,216.55,357.94,10.96,29.6,24.65,,,3.82,36.91,,,,,,,,,,,,0,,,,99.7,212.5,9.92,42.38,30.61,37.36,9.6,2.28,13.04,12.15,104.89,9.53,,6.32,16.41,,48.55,0.22,138.98,,0,16.2,,-0.15,168.24,459.41,21.86,4.52,25.31,68.48,41.76,2.57,23.16,0.26,,,,0.03,0.06,11.18,71.59,,137.96,0.0,0.0,,,,281.0,597.0,55.6,99.45,97.92,38.17,15.32,1.65,8.2,8.32,8.25,,,,,20.5,51.25,0.28,192.25,0.0,0.0,6.25,975.25,,107.0,163.0,7.15,61.3,39.0,52.25,11.13,0.88,37.3,1.95,2.65,,,,,15.92,66.5,0.28,272.0,0.0,0.0,3.0,994.0,,166.0,290.0,76.68,139.7,136.55,43.68,12.02,2.35,29.6,7.75,8.25,,,,,19.2,55.25,0.7,318.0,0.0,0.0,10.0,966.0,,175.0,349.75,29.52,39.78,45.15,25.02,9.95,1.95,0.65,3.95,61.92,,,,,21.88,50.5,0.38,234.0,0.0,0.0,5.0,986.0,,307.0,,44.92,71.3,74.45,28.95,15.6,2.11,4.78,3.22,76.12,,,,,19.88,57.5,10.68,233.25,0.0,0.0,4.25,982.0,,113.25,191.5,56.53,72.68,84.6,34.78,38.7,1.76,4.82,0.2,1.6,,,,,17.18,78.0,0.72,69.5,0.0,0.0,9.0,988.0,,92.18,207.72,7.19,22.01,17.6,15.14,15.47,0.92,13.93,2.59,7.05,5.67,,3.7,2.8,30.1,29.93,,,0.0,0.0,,996.5,,52.54,105.08,7.26,18.2,15.23,47.11,,0.57,77.86,3.93,5.79,5.42,,4.16,6.02,,41.64,3.88,289.04,0.0,0.0,28.7,,
2024-12-11 22:00:00,255.29,403.42,10.45,28.6,23.71,,,3.64,29.38,,,,,,,,,,,,0,,,,83.3,214.02,12.77,47.88,35.84,38.12,6.1,0.89,11.41,10.98,104.38,7.96,,5.22,13.95,,55.5,0.44,179.18,,0,16.85,,-0.16,247.38,470.08,20.7,3.75,23.64,69.92,42.04,2.94,22.76,0.08,,,,0.06,0.1,10.25,74.13,,137.97,0.0,0.0,,,,235.0,447.0,88.78,88.15,118.9,38.67,14.28,2.1,7.22,5.65,7.58,,,,,19.6,56.5,0.22,206.0,0.0,0.0,6.25,975.5,,123.0,211.0,6.85,63.22,39.28,48.78,9.52,0.96,30.18,1.98,2.15,,,,,15.5,67.75,0.28,258.75,0.0,0.0,3.0,994.0,,183.0,321.0,76.53,142.43,138.22,51.2,11.58,2.47,20.6,7.7,7.2,,,,,18.73,57.75,0.57,322.75,0.0,0.0,9.5,965.75,,168.75,307.5,27.65,39.55,43.48,25.12,8.8,2.23,0.68,4.0,66.75,,,,,20.9,56.25,0.35,253.75,0.0,0.0,5.0,986.0,,274.0,,114.9,70.9,131.12,27.5,16.68,2.38,4.75,2.92,144.48,,,,,18.92,64.25,10.48,233.25,0.0,0.0,5.0,982.5,,141.5,231.25,56.32,74.32,85.32,33.65,38.65,1.74,4.65,0.25,2.0,,,,,16.92,79.75,0.72,63.5,0.0,0.0,9.0,988.0,,95.4,255.98,7.25,20.3,16.76,14.92,14.36,1.44,15.1,2.6,6.97,5.76,,3.7,2.92,30.1,29.93,,,0.0,0.0,,996.5,,56.96,113.92,7.42,18.23,10.8,48.94,5.48,0.52,72.49,3.98,5.82,5.26,,4.27,5.99,,,4.95,280.43,0.0,0.0,28.7,,
2024-12-11 23:00:00,243.29,365.07,10.43,30.06,24.46,,,3.6,25.2,,,,,,,,,,,,0,,,,97.0,221.5,12.62,43.73,33.52,38.58,6.63,0.38,11.66,12.81,109.01,9.03,,5.85,15.14,,59.76,0.58,314.72,,0,17.3,,-0.16,208.86,356.72,22.5,2.8,23.89,70.9,42.11,2.98,22.72,0.07,,,,0.07,0.16,9.71,75.41,,137.95,0.0,0.0,,,,222.0,411.0,73.55,79.1,101.7,39.85,12.4,1.63,6.92,5.8,7.5,,,,,19.25,57.5,0.28,202.0,0.0,0.0,6.25,975.25,,147.0,193.0,8.38,73.95,46.12,51.58,9.82,1.08,13.8,2.15,2.33,,,,,15.0,70.75,0.28,253.75,0.0,0.0,3.0,994.0,,174.0,302.0,119.12,131.45,167.12,56.65,12.75,3.01,10.0,7.22,6.88,,,,,18.1,62.25,0.48,322.25,0.0,0.0,9.75,965.75,,192.0,334.25,33.6,39.02,48.08,24.6,9.12,3.42,0.85,4.1,70.97,,,,,20.12,62.25,0.3,255.0,0.0,0.0,5.0,986.0,,305.0,,109.62,66.72,124.65,28.8,16.32,1.6,4.75,2.8,227.52,,,,,18.62,65.5,10.6,206.25,0.0,0.0,4.0,983.0,,162.0,251.25,61.6,66.15,85.28,34.62,39.08,1.84,4.65,0.25,2.52,,,,,16.8,82.0,0.78,72.75,0.0,0.0,9.0,988.0,,103.03,329.5,6.3,15.38,13.32,13.89,13.94,1.6,12.02,2.6,6.97,5.75,,3.73,2.93,30.1,29.93,,,0.0,0.0,,996.5,,58.11,116.22,7.21,18.08,14.59,48.22,,0.6,78.89,3.91,5.8,5.3,,4.22,6.13,,,4.64,275.21,0.0,0.0,28.7,,
2024-12-12 00:00:00,235.41,384.12,9.6,28.5,22.96,,,3.32,20.28,,,,,,,,,,,,0,,,,117.3,218.48,12.23,40.95,31.73,38.3,10.38,2.29,12.1,12.43,91.66,10.04,,6.67,16.48,,56.76,0.58,68.63,,0,17.8,,-0.18,216.64,328.61,22.03,2.56,23.51,71.64,42.45,2.93,22.5,0.26,,,,0.04,0.08,9.26,77.22,0.83,138.84,0.0,0.0,,,,200.0,351.0,81.0,81.75,109.12,40.12,10.75,1.34,6.68,3.6,6.05,,,,,18.85,59.25,0.25,194.5,0.0,0.0,6.0,975.75,,143.0,207.0,8.45,71.62,44.98,48.58,9.75,1.01,13.02,2.2,2.92,,,,,14.62,72.25,0.25,237.75,0.0,0.0,3.0,993.0,,221.0,417.0,164.92,130.3,203.45,60.35,18.2,3.08,9.0,8.88,10.07,,,,,18.05,63.0,0.55,318.5,0.0,0.0,10.0,966.0,,229.75,370.25,49.02,38.65,60.42,24.6,8.53,2.69,0.82,4.55,73.72,,,,,19.82,62.75,0.32,256.0,0.0,0.0,5.0,986.0,,263.0,685.0,101.6,63.92,116.6,29.62,13.83,1.41,4.6,2.22,131.28,,,,,18.3,68.75,10.75,225.75,0.0,0.0,4.0,982.25,,188.0,279.75,64.78,64.45,86.92,34.48,39.33,1.77,4.6,0.3,2.6,,,,,16.58,84.0,0.75,48.75,0.0,0.0,8.75,988.0,,112.42,331.05,5.42,11.88,10.7,13.12,13.44,1.01,12.23,2.58,7.12,5.81,,3.76,2.89,30.1,29.93,,,0.0,0.0,,996.5,,57.66,115.32,7.35,18.05,11.4,48.83,,0.38,86.99,3.92,5.87,5.7,,4.32,6.21,,,4.63,291.78,0.0,0.0,28.7,,
2024-12-12 01:00:00,217.01,340.45,9.26,27.91,22.38,,,2.98,16.45,,,,,,,,,,,,0,,,,96.4,210.7,12.17,44.54,33.58,37.79,10.22,1.96,12.56,10.22,40.95,6.44,,4.28,10.17,,48.54,0.78,70.68,,0,19.35,,-0.19,203.58,309.39,21.64,3.97,23.41,72.26,42.12,2.77,22.04,0.13,,,,0.02,0.08,9.86,72.47,0.48,159.76,0.0,0.0,,,,197.0,362.0,53.8,78.73,85.57,39.93,9.9,0.83,7.1,3.3,5.1,,,,,18.8,58.67,0.3,216.33,0.0,0.0,6.0,975.33,,155.0,179.0,12.05,63.55,44.42,46.25,10.02,0.87,10.4,2.05,2.98,,,,,14.1,76.5,0.28,252.25,0.0,0.0,3.0,993.0,,233.0,387.0,110.22,122.3,154.85,58.38,14.78,2.39,2.7,8.62,8.18,,,,,17.7,64.5,0.6,315.0,0.0,0.0,9.5,965.25,,199.0,321.5,51.82,39.02,62.9,24.78,7.42,1.8,1.1,5.05,68.68,,,,,20.58,58.5,0.52,260.75,0.0,0.0,5.0,986.0,,284.0,624.0,106.22,68.58,122.82,42.68,13.62,1.34,4.9,2.58,131.42,,,,,17.95,69.5,10.68,207.75,0.0,0.0,4.0,979.25,,186.0,269.25,79.05,62.58,97.58,30.98,39.48,1.72,3.9,0.3,2.17,,,,,16.4,84.0,0.7,74.25,0.0,0.0,9.0,988.0,,111.4,347.3,4.89,9.16,8.86,12.55,12.88,0.63,12.24,2.56,7.12,5.78,,3.66,2.89,30.1,29.93,,,0.0,0.0,,996.5,,54.04,108.07,7.22,17.99,15.32,47.58,19.07,0.5,88.82,3.92,5.78,5.44,,4.19,6.08,,,4.85,315.36,0.0,0.0,28.7,,
2024-12-12 02:00:00,198.94,342.54,9.41,29.7,23.45,,,2.6,15.95,,,,,,,,,,,,0,,,,79.8,216.4,11.9,41.55,31.78,36.62,12.09,1.89,12.41,9.26,19.37,3.64,,2.57,5.45,,51.68,0.53,146.78,,0,16.42,,-0.21,181.72,266.21,23.31,3.3,25.31,72.28,41.85,2.54,21.95,0.38,,,,0.02,0.09,8.9,76.06,0.11,163.03,0.0,0.0,,,,207.0,343.0,34.0,75.1,67.6,40.5,,1.02,11.83,3.35,4.28,,,,,18.48,60.0,0.38,220.5,0.0,0.0,6.25,975.5,,132.0,178.0,14.9,69.6,49.1,38.5,11.2,0.82,9.7,1.92,3.0,,,,,13.98,77.5,0.3,289.0,0.0,0.0,3.0,993.0,,218.0,349.0,100.6,111.7,141.3,55.3,,2.14,14.37,8.48,7.48,,,,,17.42,65.75,0.65,315.75,0.0,0.0,10.0,966.0,,168.25,282.5,46.28,38.35,58.03,24.8,7.25,1.39,1.1,4.68,58.72,,,,,20.1,60.0,0.32,347.75,0.0,0.0,5.0,986.0,,273.0,674.0,122.8,70.9,137.7,46.4,14.0,1.21,5.23,2.58,132.65,,,,,17.92,70.75,10.78,224.0,0.0,0.0,4.0,978.0,,164.25,246.5,93.2,60.3,107.9,23.65,40.2,1.71,4.15,0.28,1.8,,,,,16.15,83.5,0.7,88.0,0.0,0.0,8.75,988.0,,110.75,307.7,4.32,5.37,6.35,11.8,12.63,1.16,10.96,2.6,6.86,5.82,,3.64,2.91,30.1,29.93,,,0.0,0.0,,996.5,,53.66,107.33,7.05,17.31,15.68,49.84,19.41,0.5,89.73,3.86,5.78,5.5,,4.32,6.1,,,4.28,295.18,0.0,0.0,28.7,,
2024-12-12 03:00:00,217.6,329.69,9.88,30.96,24.5,,,2.24,14.02,,,,,,,,,,,,0,,,,84.2,215.88,13.06,41.09,32.48,38.36,13.17,2.35,11.8,8.25,16.93,3.22,,2.38,4.82,,56.43,0.49,141.32,,0,16.65,,-0.22,169.82,260.47,24.03,5.86,30.17,72.03,41.54,2.3,21.8,0.42,,,,0.05,0.12,8.01,79.86,0.57,92.61,0.0,0.0,,,,200.0,318.0,39.33,71.03,69.83,39.47,9.07,1.0,6.97,3.2,3.77,,,,,18.03,62.33,0.3,196.0,0.0,0.0,6.33,975.67,,119.0,172.0,37.12,68.12,66.38,53.18,12.17,0.89,9.25,1.8,2.8,,,,,13.45,81.75,0.3,238.75,0.0,0.0,3.0,992.5,,211.0,331.0,57.65,110.9,105.58,42.62,12.12,1.52,8.13,7.42,6.6,,,,,17.08,67.5,0.45,322.5,0.0,0.0,10.0,966.0,,162.0,259.0,36.02,38.3,49.65,24.78,5.8,1.23,1.4,4.22,49.1,,,,,19.18,64.25,0.3,359.0,0.0,0.0,5.0,986.0,,261.0,532.0,107.28,67.1,122.65,35.95,12.5,1.09,5.38,2.75,113.25,,,,,17.45,71.75,10.62,270.75,0.0,0.0,4.0,978.0,,161.0,244.75,58.58,59.12,79.08,27.35,38.9,1.43,3.97,0.22,1.52,,,,,15.62,82.0,0.82,84.25,0.0,0.0,9.0,987.25,,110.52,268.8,3.72,1.26,3.37,10.9,11.16,0.88,11.29,2.58,7.02,5.8,,3.65,2.8,30.1,29.93,,,0.0,0.0,,996.5,,54.99,109.99,7.26,17.98,15.18,47.41,,0.52,89.96,3.93,5.78,5.41,,4.18,5.97,,,3.22,242.49,0.0,0.0,28.7,,
2024-12-12 04:00:00,192.26,268.68,9.14,29.1,22.92,,,2.03,13.72,,,,,,,,,,,,0,,,,135.7,206.18,10.94,36.49,28.3,38.59,13.03,2.31,11.2,7.47,15.64,3.02,,2.23,4.29,,51.86,0.67,71.65,,0,17.92,,-0.22,173.88,263.67,24.92,9.42,33.25,70.01,41.13,2.09,22.2,0.26,,,,0.02,0.1,8.19,78.53,0.39,146.5,0.0,0.0,,,,234.0,364.0,38.33,66.45,66.5,39.85,11.62,1.09,5.72,2.9,3.8,,,,,17.52,65.75,0.28,194.0,0.0,0.0,6.25,976.0,,116.0,163.0,35.12,65.65,63.45,47.2,11.48,0.87,8.98,1.75,2.65,,,,,13.18,82.0,0.35,282.5,0.0,0.0,3.0,992.0,,210.0,312.0,40.3,102.22,87.05,43.72,11.05,1.4,14.53,6.75,6.0,,,,,16.7,68.75,0.6,312.5,0.0,0.0,9.75,965.75,,175.0,253.25,28.68,35.65,42.28,25.32,5.03,1.06,1.72,3.78,41.75,,,,,18.98,65.0,0.3,359.0,0.0,0.0,5.0,986.0,,216.0,461.0,95.75,59.18,109.32,31.88,10.82,0.92,4.8,2.25,65.58,,,,,16.68,75.5,10.6,272.5,0.0,0.0,4.0,979.5,,152.25,229.5,67.32,62.58,88.05,28.8,37.92,1.26,3.65,0.2,1.35,,,,,15.48,82.0,0.82,103.0,0.0,0.0,9.0,987.0,,109.05,286.33,3.66,0.68,2.71,10.7,10.94,1.27,11.46,2.59,7.06,5.85,,3.69,2.9,30.1,29.93,,,0.0,0.0,,996.5,,55.61,111.22,7.26,18.17,15.19,50.32,,0.52,89.32,3.93,5.84,5.41,,4.34,6.14,,,1.92,223.4,0.0,0.0,28.7,,
2024-12-12 05:00:00,176.61,248.68,9.36,30.23,23.69,,,1.91,15.31,,,,,,,,,,,,0,,,,82.0,198.42,11.25,40.14,30.49,37.03,10.77,2.28,12.34,6.18,13.18,2.58,,1.98,3.54,,49.54,0.89,86.84,,0,19.08,,-0.22,174.39,255.97,24.9,12.1,36.62,66.98,41.16,1.91,22.92,0.24,,,,0.02,0.22,7.71,80.34,0.4,149.9,0.0,0.0,,,,318.0,449.0,29.5,62.33,57.1,40.13,12.2,1.1,5.9,2.87,4.8,,,,,17.5,66.0,0.33,203.67,0.0,0.0,6.33,976.0,,124.0,173.0,26.9,61.45,54.55,50.28,10.65,0.93,8.6,1.88,2.6,,,,,13.12,82.0,0.4,205.5,0.0,0.0,3.5,992.0,,230.0,323.0,39.78,101.05,85.92,46.18,11.58,1.32,18.1,6.22,5.12,,,,,16.8,68.0,0.8,305.0,0.0,0.0,10.0,966.0,,171.75,250.0,22.75,36.4,37.85,24.78,5.3,0.97,3.3,3.5,35.12,,,,,19.4,62.5,0.92,306.25,0.0,0.0,5.0,986.0,,243.0,549.0,115.88,51.25,121.48,27.4,10.3,1.3,4.53,2.38,70.97,,,,,16.52,77.5,10.68,192.0,0.0,0.0,4.0,982.5,,147.5,223.25,69.95,55.58,86.45,29.12,38.33,1.25,4.22,0.22,1.18,,,,,14.9,87.0,0.7,72.0,0.0,0.0,9.0,987.0,,106.58,320.5,3.52,0.12,1.6,10.34,10.76,1.12,14.93,2.59,6.91,5.78,,3.71,2.94,30.1,29.93,,,0.0,0.0,,996.5,,55.49,110.98,6.93,18.45,15.94,48.53,,0.54,89.78,3.82,5.84,5.56,,4.24,6.08,,,3.27,288.03,0.0,0.0,28.7,,
2024-12-12 06:00:00,186.96,293.44,9.48,31.11,24.25,,,1.92,16.0,,,,,,,,,,,,0,,,,95.8,203.8,10.84,39.64,29.9,35.88,10.11,1.25,10.71,5.2,10.76,2.43,,1.82,3.08,,47.68,1.0,94.65,,0,17.2,,-0.22,176.93,257.78,23.66,9.98,33.83,66.84,41.1,1.74,23.3,0.21,,,,0.01,0.1,8.93,73.88,1.47,154.36,0.0,0.0,,,,228.0,342.0,51.5,76.22,82.58,40.08,12.18,1.21,5.78,2.5,5.05,,,,,17.35,65.5,0.32,159.75,0.0,0.0,7.0,976.0,,122.0,163.0,26.82,52.4,49.68,46.02,10.28,0.98,9.1,1.98,2.88,,,,,12.48,82.0,0.28,238.75,0.0,0.0,3.0,992.0,,244.0,334.0,35.0,98.22,80.47,50.65,13.35,1.31,9.77,5.68,4.22,,,,,16.7,66.75,0.85,270.75,0.0,0.0,10.0,966.0,,188.25,275.25,18.6,36.17,34.38,25.2,7.77,0.94,4.6,3.12,30.52,,,,,20.58,55.75,1.3,309.5,0.0,0.0,5.25,986.0,,259.0,626.0,89.72,51.48,100.32,26.08,9.82,1.3,4.47,2.42,88.32,,,,,16.32,78.25,10.65,202.25,0.0,0.0,4.0,983.0,,149.25,215.5,71.62,52.98,86.45,27.98,38.17,1.25,4.18,0.2,1.23,,,,,14.92,88.0,0.75,96.0,0.0,0.0,8.75,987.25,,104.0,294.18,3.7,0.05,0.88,10.01,12.59,1.09,14.05,2.62,7.01,5.8,,3.68,2.92,30.1,29.93,,,0.0,0.0,,996.5,,56.52,113.02,6.84,18.68,16.27,47.4,33.35,0.79,78.91,3.79,5.91,5.62,,4.18,6.1,,67.08,4.43,320.72,0.0,0.0,28.7,,
2024-12-12 07:00:00,202.74,302.61,8.99,29.73,23.12,,,1.94,16.01,,,,,,,,,,,,0,,,,64.9,205.88,3.14,18.1,11.8,34.45,8.99,0.62,13.58,3.64,8.37,2.05,,1.43,2.66,,46.07,0.92,87.75,,0,28.9,,-0.14,200.33,354.0,21.02,12.24,33.22,66.1,41.89,1.62,22.58,0.24,,,,0.02,0.08,8.83,74.01,1.62,154.03,0.0,0.0,5.15,,,275.0,420.0,33.9,76.6,68.28,40.28,12.02,1.28,5.95,2.95,4.03,,,,,17.58,63.0,0.38,161.5,0.0,0.0,11.5,975.0,,119.0,162.0,28.45,48.7,48.98,49.3,10.4,1.0,9.32,2.1,3.05,,,,,12.65,81.75,0.3,301.5,0.0,0.0,7.25,992.75,,240.0,340.0,56.95,106.25,102.62,52.5,12.15,1.68,13.1,5.95,3.85,,,,,16.65,67.25,0.92,287.0,0.0,0.0,12.75,966.0,,200.0,294.25,17.85,35.2,33.2,25.68,7.88,1.06,4.72,3.08,26.6,,,,,20.45,55.5,0.98,299.25,0.0,0.0,17.25,986.0,,234.0,528.0,94.42,54.58,105.78,27.08,9.6,1.45,4.58,2.38,77.03,,,,,16.23,78.5,10.72,207.25,0.0,0.0,12.75,983.75,,160.5,239.25,95.4,50.08,104.18,29.0,39.05,1.39,3.95,0.2,1.42,,,,,15.15,88.0,0.8,89.75,0.0,0.0,16.25,988.0,,109.48,315.27,4.15,0.05,0.88,9.97,12.61,1.37,22.65,2.6,6.99,5.82,,3.68,2.91,30.1,29.93,,,0.0,0.0,,996.5,,58.02,116.03,7.01,18.77,15.77,50.34,30.59,1.15,65.88,3.83,5.82,5.53,,4.34,5.91,,46.15,4.56,322.09,0.0,0.0,28.7,,
2024-12-12 08:00:00,191.16,270.11,9.02,30.28,23.44,,,2.16,17.0,,,,,,,,,,,,0,,,,136.2,203.62,5.86,33.43,22.55,34.72,6.95,1.18,20.8,4.03,10.62,2.37,,1.62,3.6,,38.75,0.93,83.21,,0,96.38,,-0.01,208.29,310.91,24.15,9.29,33.68,67.76,45.45,1.62,19.55,0.1,,,,0.02,0.12,10.26,70.12,2.1,170.94,0.0,0.0,15.12,,,216.0,372.0,53.3,86.0,89.0,39.75,15.5,1.59,6.75,2.98,4.7,,,,,18.2,62.0,0.52,237.0,0.0,0.0,26.25,975.0,,127.0,172.0,25.42,51.18,47.9,48.62,10.32,1.08,13.65,2.33,3.05,,,,,13.58,81.5,0.35,280.0,0.0,0.0,22.0,993.5,,276.0,381.0,62.92,113.65,111.52,52.82,14.17,1.77,15.58,6.92,4.5,,,,,17.88,63.25,1.0,289.25,0.0,0.0,43.5,966.0,,157.5,265.5,16.95,36.52,33.22,25.58,12.48,1.24,9.6,2.5,23.2,,,,,22.55,49.0,1.7,307.25,0.0,0.0,48.25,986.0,,279.0,514.0,68.28,63.42,89.25,29.7,9.8,1.54,5.22,2.92,58.6,,,,,17.3,74.75,10.7,317.67,0.0,0.0,38.75,983.25,,170.75,271.25,78.3,81.92,107.2,27.0,39.98,1.52,6.05,0.25,1.45,,,,,17.55,82.0,1.82,71.75,0.0,0.0,79.5,988.0,,112.9,353.2,4.18,,0.32,9.64,14.17,1.32,20.08,2.6,6.94,5.78,,3.71,2.86,30.1,29.93,,,0.0,0.0,,996.5,,63.42,126.84,7.26,17.7,15.86,49.67,29.79,1.01,65.16,3.93,5.73,5.54,,4.3,6.11,,67.56,3.18,291.99,0.0,0.0,28.7,,
2024-12-12 09:00:00,203.96,294.66,8.53,29.66,22.71,,,2.03,14.12,,,,,,,,,,,,0,,,,121.4,213.92,8.16,39.0,27.38,36.1,10.72,1.47,12.18,7.49,14.85,3.87,,2.0,6.31,,32.5,1.13,94.23,,0,179.4,,0.14,206.56,340.43,21.5,9.12,30.51,69.28,47.21,1.61,21.62,0.18,,,,0.02,0.1,13.28,62.34,1.61,149.08,0.0,0.0,22.38,,,233.0,417.0,35.4,89.33,75.93,39.4,17.6,1.57,5.93,2.43,3.93,,,,,19.4,57.67,0.47,207.67,0.0,0.0,36.33,975.0,,140.0,211.0,16.4,52.28,41.15,54.55,12.67,1.05,34.55,2.62,2.52,,,,,16.15,72.5,0.38,276.5,0.0,0.0,37.75,994.5,,207.0,365.0,38.8,109.95,90.78,48.65,18.12,1.58,30.85,6.45,4.38,,,,,20.4,54.25,1.45,291.75,0.0,0.0,150.5,965.25,,150.5,290.25,16.55,40.22,34.85,25.4,49.38,1.25,16.88,2.48,20.78,,,,,25.25,42.5,1.85,302.0,0.0,0.0,138.75,986.0,,276.0,505.0,36.78,71.12,67.72,39.9,12.85,1.4,15.25,2.38,46.62,,,,,20.75,61.25,11.02,251.5,0.0,0.0,134.0,980.0,,194.0,327.0,34.9,92.22,77.45,23.4,44.28,1.36,25.82,0.25,1.5,,,,,22.42,54.5,1.98,84.25,0.0,0.0,257.5,988.0,,108.45,335.68,4.18,,0.42,9.79,16.0,1.36,27.89,2.57,6.95,5.73,,3.71,2.84,30.1,29.93,,,0.0,0.0,,996.5,,81.97,159.26,7.01,17.9,10.81,48.15,,0.5,64.33,3.84,5.73,5.27,,4.22,6.13,,59.51,3.11,316.45,0.0,0.0,28.7,,
2024-12-12 10:00:00,140.18,282.49,8.28,29.58,22.46,,,1.48,50.11,,,,,,,,,,,,0,,,,174.5,227.3,9.5,40.85,29.46,37.0,9.3,0.54,14.81,4.88,10.01,2.66,,1.69,4.16,,27.91,1.32,97.08,,0,221.78,,0.21,180.35,313.08,22.73,10.3,32.65,62.41,51.15,1.57,25.44,0.15,,,,0.02,0.19,16.08,52.39,2.11,151.26,0.0,0.0,34.04,,,222.0,432.0,19.32,63.65,49.75,38.55,17.3,1.09,6.55,2.88,4.5,,,,,21.32,50.5,0.62,201.0,0.0,0.0,45.75,975.25,,172.0,248.0,10.8,55.62,38.38,54.0,14.48,0.96,82.48,2.48,2.15,,,,,19.5,57.0,0.43,287.5,0.0,0.0,47.25,995.25,,175.0,362.0,24.78,90.4,68.08,37.3,20.4,1.4,64.18,5.82,4.08,,,,,22.45,48.5,2.0,304.75,0.0,0.0,159.0,965.5,,154.5,295.75,14.88,41.62,34.2,25.4,70.15,0.97,36.25,2.4,19.08,,,,,26.48,39.5,2.78,304.75,0.0,0.0,204.75,986.0,,207.0,392.0,5.65,50.32,31.38,41.45,14.82,1.01,37.25,1.95,28.62,,,,,24.15,49.5,11.22,228.25,0.0,0.0,220.0,978.5,,174.75,303.25,11.82,62.3,42.78,21.08,47.8,1.12,83.32,0.2,1.5,,,,,24.95,42.5,2.55,87.5,0.0,0.0,367.25,988.0,,103.6,321.6,4.3,,0.5,9.8,20.16,1.25,27.98,2.58,6.99,5.7,,3.7,2.79,30.1,29.93,,,0.0,0.0,,996.5,,84.47,168.93,7.15,17.73,11.07,48.65,10.1,0.39,58.47,3.92,5.75,5.38,,4.09,6.12,,46.6,4.8,333.94,0.0,0.0,28.7,,
2024-12-12 11:00:00,109.03,227.94,7.88,28.66,17.93,,,1.27,88.02,,,,,,,,,,,,0,,,,135.6,226.28,9.93,42.28,30.56,37.16,12.41,0.47,21.4,3.9,9.98,2.27,,1.84,3.24,,24.81,1.56,104.58,,0,256.02,,0.26,159.57,292.57,24.78,17.6,41.44,52.56,49.51,1.44,26.06,0.25,,,,0.03,0.17,18.25,43.59,2.56,142.92,0.0,0.0,45.46,,,181.0,353.0,13.2,46.6,35.45,40.03,19.08,0.55,9.82,2.5,3.32,,,,,22.95,44.5,0.82,225.5,0.0,0.0,55.0,975.0,,175.0,255.0,6.45,52.92,34.0,56.2,14.6,0.86,135.95,2.05,1.83,,,,,22.75,44.0,0.5,282.25,0.0,0.0,78.0,995.75,,157.0,300.0,17.05,63.98,48.0,35.62,20.6,0.86,123.55,5.2,4.1,,,,,23.45,44.25,3.52,302.25,0.0,0.0,296.5,965.75,,132.25,264.25,10.82,43.68,32.05,24.98,51.45,0.88,54.08,2.02,18.77,,,,,27.45,37.0,3.32,306.25,0.0,0.0,247.25,986.0,,151.0,291.0,2.35,42.68,24.62,40.85,14.92,0.77,56.55,1.27,14.8,,,,,25.85,43.75,11.52,228.0,0.0,0.0,266.0,977.25,,149.5,264.5,5.85,35.4,23.62,20.98,50.68,0.94,127.98,0.22,1.48,,,,,26.3,37.75,2.75,92.0,0.0,0.0,279.25,988.0,,99.52,224.08,4.6,3.84,2.56,10.25,21.98,1.08,46.3,2.61,7.02,5.75,,3.67,2.82,30.1,29.93,,,0.0,0.0,,996.5,,76.61,153.23,7.09,17.74,15.64,47.68,12.45,0.5,54.63,3.88,5.82,5.35,,4.36,5.97,,46.48,5.19,324.4,0.0,0.0,28.7,,
2024-12-12 12:00:00,96.2,188.18,147.25,113.3,43.73,,,1.13,98.46,,,,,,,,,,,,0,,,,117.7,219.45,7.7,38.99,27.0,35.17,12.35,1.63,20.56,3.12,12.74,1.99,,1.72,2.52,,22.47,1.46,91.05,,0,238.95,,0.23,110.91,217.0,27.14,21.22,24.04,49.87,43.82,0.66,29.13,0.12,,,,,0.13,18.96,41.88,2.5,85.72,0.0,0.0,55.78,,,118.0,240.0,11.98,38.7,30.02,39.92,19.08,0.36,12.72,2.55,3.55,,,,,23.9,41.75,0.8,217.75,0.0,0.0,64.75,975.0,,146.0,232.0,4.75,45.75,28.2,49.82,15.32,0.66,180.88,1.62,1.55,,,,,23.85,37.5,0.75,185.25,0.0,0.0,100.0,995.0,,97.0,217.0,18.45,52.92,43.35,35.35,19.1,0.7,98.48,3.82,3.6,,,,,24.08,43.25,3.82,311.5,0.0,0.0,309.25,965.5,,122.25,257.25,7.18,43.4,28.92,24.72,26.2,0.81,76.75,1.95,18.42,,,,,28.15,36.25,3.02,299.0,0.0,0.0,257.0,986.0,,99.0,257.0,1.45,30.38,16.48,34.67,13.9,0.64,69.53,0.85,10.5,,,,,26.48,40.5,11.68,223.75,0.0,0.0,250.75,977.75,,115.5,217.75,5.45,22.15,16.2,20.72,51.48,0.77,147.93,0.2,1.35,,,,,26.8,36.5,3.18,85.5,0.0,0.0,126.25,988.0,,92.02,185.9,17.5,151.1,94.93,64.6,21.74,1.1,45.04,2.57,6.92,5.8,,3.7,2.92,30.1,29.93,,,0.0,0.0,,996.5,,69.24,138.49,7.32,19.44,14.34,50.86,,0.54,68.46,3.95,6.04,5.25,,4.37,6.02,,,4.85,312.95,0.0,0.0,28.7,,
2024-12-12 13:00:00,78.48,157.92,43.2,44.14,58.56,,,1.14,105.33,,,,,,,,,,,,0,,,,95.9,204.32,7.98,39.94,27.73,36.25,17.56,1.74,20.37,2.51,7.87,1.58,,1.38,1.88,,20.13,1.31,85.8,,0,163.7,,0.1,97.3,183.75,28.66,27.7,51.36,37.57,43.81,0.61,51.7,18.54,,,,36.84,18.6,20.57,38.56,3.22,160.18,0.0,0.0,261.3,,,91.0,208.0,13.2,46.3,35.3,39.65,18.85,0.34,13.18,2.25,2.15,,,,,24.95,40.0,0.7,208.75,0.0,0.0,232.0,975.0,,97.0,177.0,3.62,43.9,26.3,49.9,15.65,0.75,202.92,1.12,1.6,,,,,23.52,37.75,0.78,179.5,0.0,0.0,66.75,994.5,,92.0,200.0,17.65,61.97,47.42,37.1,18.48,0.77,94.8,3.25,3.6,,,,,24.92,42.0,2.45,311.5,0.0,0.0,272.25,965.25,,107.5,230.5,5.12,39.33,25.08,25.4,19.58,0.68,76.85,1.92,19.12,,,,,28.6,35.0,3.12,292.75,0.0,0.0,245.75,986.0,,84.0,245.0,1.32,23.8,13.77,23.45,13.75,0.6,74.22,0.68,8.48,,,,,26.6,40.25,11.6,222.25,0.0,0.0,257.0,982.0,,95.5,194.5,4.8,19.8,14.45,21.55,48.65,0.69,156.43,0.2,1.32,,,,,26.67,36.75,2.8,81.0,0.0,0.0,125.75,988.0,,80.8,156.07,,,,,22.07,1.02,44.58,2.56,6.84,5.83,,3.72,2.9,30.1,29.93,,,0.0,0.0,,996.5,,60.86,121.72,7.18,17.76,15.0,49.26,15.88,0.61,79.4,3.82,5.67,5.56,,4.3,5.98,,,5.79,315.75,0.0,0.0,28.7,,
2024-12-12 14:00:00,73.14,165.83,12.78,21.7,25.63,,,1.13,113.24,,,,,,,,,,,,0,,,,70.5,181.65,8.32,40.72,28.42,35.22,21.17,1.96,20.9,2.08,7.08,1.33,,1.03,1.51,,20.6,1.25,91.08,,0,78.03,,-0.05,,31.79,24.56,29.49,54.04,36.73,43.82,0.66,34.54,0.34,,,,0.06,0.1,20.36,39.98,2.78,157.76,0.0,0.0,103.85,,,86.0,196.0,11.6,35.5,28.02,40.12,20.2,0.19,17.48,2.05,1.88,,,,,25.8,38.0,0.75,206.75,0.0,0.0,69.75,975.0,,96.0,168.0,3.1,39.2,23.38,46.28,13.6,0.74,201.95,1.15,0.95,,,,,23.45,37.0,0.68,243.25,0.0,0.0,60.75,994.0,,92.0,200.0,13.78,56.45,41.3,43.2,15.63,1.4,143.75,3.4,4.0,,,,,24.82,41.5,2.98,313.75,0.0,0.0,226.0,965.0,,80.0,192.5,5.25,37.9,24.42,25.2,19.77,0.68,76.3,1.72,18.05,,,,,28.38,35.25,2.98,300.5,0.0,0.0,185.25,985.5,,80.0,254.0,0.72,26.45,14.62,23.28,13.22,0.57,76.7,0.68,6.48,,,,,26.5,40.25,11.62,227.25,0.0,0.0,200.0,982.75,,85.25,176.0,4.2,17.42,12.68,21.52,46.58,0.66,160.45,0.18,1.2,,,,,26.68,36.75,2.85,78.5,0.0,0.0,239.5,987.25,,69.58,147.62,12.57,53.47,54.39,40.78,19.74,1.23,63.95,2.58,6.92,5.7,,3.69,2.9,30.1,29.93,,,0.0,0.0,,996.5,,55.44,110.88,7.16,17.33,14.59,48.95,16.73,0.6,61.68,3.83,5.89,5.6,,4.23,6.11,,,5.27,315.0,0.0,0.0,28.7,,
2024-12-12 15:00:00,61.01,153.93,11.55,21.65,13.76,,,1.08,116.64,,,,,,,,,,,,0,,,,65.8,168.58,9.12,41.12,29.29,37.31,22.27,1.38,20.73,2.42,6.57,1.36,,1.02,1.58,,21.06,1.2,84.54,,0,56.28,,-0.09,,197.06,25.04,32.28,57.1,31.04,39.76,0.68,32.46,0.23,,,,0.08,0.13,19.91,39.87,2.98,161.49,0.0,0.0,50.46,,,78.0,177.0,7.27,39.1,26.73,40.27,18.13,0.44,12.13,2.33,2.63,,,,,24.57,41.0,0.57,198.0,0.0,0.0,49.67,975.0,,77.0,145.0,3.6,37.78,23.02,43.32,12.8,0.68,197.82,0.92,0.82,,,,,23.45,37.0,0.65,301.25,0.0,0.0,40.0,994.0,,78.0,188.0,16.12,66.82,48.65,45.35,14.65,1.46,133.3,3.05,3.68,,,,,24.2,42.5,2.42,314.25,0.0,0.0,111.75,965.0,,83.75,194.25,4.38,37.33,23.4,25.42,15.25,0.7,72.3,1.62,18.88,,,,,27.78,36.25,2.88,287.75,0.0,0.0,113.75,985.5,,81.0,260.0,0.9,28.15,15.68,23.92,10.9,0.55,76.05,0.72,5.72,,,,,26.22,40.75,11.6,228.5,0.0,0.0,119.25,983.0,,80.75,173.25,4.53,17.73,13.12,21.28,49.72,0.78,157.2,0.12,1.08,,,,,26.58,37.0,2.95,75.5,0.0,0.0,131.5,987.0,,63.48,138.7,10.37,55.8,46.66,40.72,19.02,1.24,52.09,2.6,7.03,5.83,,3.73,2.9,30.1,29.93,,,0.0,0.0,,996.5,,51.7,103.4,7.14,18.85,14.52,51.13,17.54,0.52,20.94,3.9,5.88,5.3,,4.38,5.94,,,5.23,321.02,0.0,0.0,28.7,,
2024-12-12 16:00:00,57.3,135.37,23.52,24.29,18.71,,,1.2,112.57,,,,,,,,,,,,0,,,,47.0,162.38,8.78,40.82,28.85,36.14,21.51,1.52,21.94,2.64,7.29,1.62,,1.16,1.96,,23.34,1.08,90.65,,0,32.72,,-0.14,81.7,168.75,24.74,32.72,57.48,32.75,39.24,0.71,32.04,0.14,,,,0.02,0.09,19.13,43.06,1.83,164.51,0.0,0.0,25.9,,,90.0,193.0,13.2,42.42,33.42,39.98,18.1,0.56,11.62,2.25,1.92,,,,,24.12,41.25,0.62,208.25,0.0,0.0,31.25,975.0,,72.0,130.0,3.4,36.6,22.25,41.45,12.3,0.66,180.72,0.85,0.75,,,,,22.72,38.75,0.57,281.25,0.0,0.0,26.25,994.0,,79.0,191.0,19.85,85.58,61.85,45.2,14.1,1.5,112.2,2.88,3.58,,,,,23.3,44.75,2.22,318.75,0.0,0.0,34.25,965.0,,84.75,203.5,5.48,38.15,24.72,25.42,19.45,0.75,62.42,1.52,19.45,,,,,26.95,37.75,2.35,295.75,0.0,0.0,39.75,986.0,,74.0,259.0,1.58,32.78,18.7,26.25,10.6,0.55,69.28,0.55,6.62,,,,,25.3,44.0,11.15,228.0,0.0,0.0,40.75,981.75,,80.0,170.25,4.62,21.22,15.05,22.28,48.02,0.89,149.9,0.12,1.1,,,,,25.58,39.75,2.17,72.0,0.0,0.0,58.25,987.0,,62.42,130.02,11.2,53.66,53.57,40.42,18.05,1.29,42.62,2.59,6.9,5.84,,3.72,2.93,30.1,29.93,,,0.0,0.0,,996.5,,49.02,98.04,7.13,18.14,14.93,49.1,14.49,0.55,49.72,3.89,5.81,5.36,,4.28,5.96,,,5.43,327.71,0.0,0.0,28.7,,
2024-12-12 17:00:00,45.18,114.23,3.34,41.38,24.76,,,1.31,83.87,,,,,,,,,,,,0,,,,68.5,152.55,8.7,40.97,28.86,35.87,23.0,1.81,21.72,3.46,10.34,2.07,,1.49,3.06,,29.55,0.84,84.5,,0,17.85,,-0.16,77.23,195.0,25.33,26.02,52.3,55.47,43.76,0.88,25.22,0.33,,,,0.04,0.14,16.84,52.93,0.48,175.92,0.0,0.0,3.61,,,103.0,245.0,18.08,68.32,51.05,39.75,18.27,1.0,10.2,2.62,3.42,,,,,23.08,44.5,0.32,200.5,0.0,0.0,11.25,975.0,,68.0,119.0,4.12,40.15,24.7,42.1,12.78,0.61,130.55,0.82,0.65,,,,,20.82,46.75,0.4,299.5,0.0,0.0,7.0,994.0,,90.0,199.0,21.22,132.18,87.35,45.2,12.85,2.02,58.8,3.12,3.92,,,,,22.1,48.25,1.1,322.0,0.0,0.0,11.75,965.25,,87.5,214.5,6.82,40.75,27.25,25.42,19.65,1.11,37.33,1.72,20.4,,,,,25.38,41.75,1.2,300.25,0.0,0.0,8.0,986.0,,88.0,324.0,2.2,54.92,31.0,42.95,11.42,0.99,44.15,0.78,13.25,,,,,23.38,51.25,10.85,226.0,0.0,0.0,9.0,978.0,,78.5,156.25,4.88,28.45,19.08,23.68,41.38,0.98,92.1,0.1,1.15,,,,,22.55,53.75,0.9,64.0,0.0,0.0,18.0,987.75,,61.63,142.32,11.87,51.84,53.2,40.46,17.19,1.42,44.28,2.62,7.05,5.76,,3.68,2.84,30.1,29.93,,,0.0,0.0,,996.5,,48.72,97.5,7.19,18.11,10.82,48.15,8.18,0.67,46.49,3.91,5.9,5.27,,4.22,6.06,,,4.5,326.91,0.0,0.0,28.7,,
2024-12-12 18:00:00,81.61,153.28,5.44,95.39,55.18,,,1.7,39.55,,,,,,,,,,,,0,,,,76.7,166.27,7.68,37.21,26.04,36.54,22.35,1.89,21.26,8.88,21.06,4.82,,3.26,7.45,,34.04,0.87,79.77,,0,17.75,,-0.14,108.3,369.33,24.56,20.69,45.26,64.11,44.4,1.16,23.91,0.3,,,,0.03,0.08,15.24,59.76,0.4,162.0,0.0,0.0,,,,146.0,345.0,50.6,111.08,99.9,39.78,19.52,2.11,7.2,4.12,5.18,,,,,21.78,50.25,0.22,183.25,0.0,0.0,6.0,975.25,,72.0,138.0,3.88,45.98,27.58,38.5,14.42,0.58,96.55,0.85,0.78,,,,,18.32,59.5,0.45,277.75,0.0,0.0,3.0,994.0,,110.0,268.0,67.88,158.18,139.02,38.95,16.2,3.05,16.9,4.72,6.22,,,,,20.72,53.5,0.7,322.5,0.0,0.0,10.0,966.0,,127.75,281.75,7.88,42.58,29.02,25.12,15.2,1.56,15.08,2.1,26.02,,,,,24.38,45.5,1.12,290.75,0.0,0.0,5.0,986.0,,125.0,443.0,4.55,68.58,40.2,49.18,12.48,1.37,22.3,1.02,29.48,,,,,21.68,57.25,10.82,223.0,0.0,0.0,4.25,977.0,,72.0,140.0,5.25,39.95,25.52,24.25,38.5,1.01,44.2,0.1,1.18,,,,,19.85,67.5,0.75,58.0,0.0,0.0,8.75,988.0,,63.32,155.68,14.8,53.42,48.91,42.38,15.95,1.42,24.91,2.58,6.89,5.75,,3.67,2.91,30.1,29.93,,,0.0,0.0,,996.5,,49.33,98.66,7.01,17.94,16.46,50.32,7.68,0.79,65.44,3.84,5.77,5.66,,4.34,6.13,,,4.23,317.79,0.0,0.0,28.7,,
2024-12-12 19:00:00,118.12,227.36,18.63,157.49,98.92,,,2.28,23.8,,,,,,,,,,,,0,,,,75.6,192.9,8.59,42.22,29.43,36.03,5.9,2.09,21.04,14.54,34.79,6.92,,4.89,12.06,,38.25,0.82,78.5,,0,18.42,,-0.13,135.42,391.12,23.6,18.75,42.77,65.62,44.62,1.54,23.64,0.26,,,,0.05,0.16,14.82,61.06,1.08,156.0,0.0,0.0,,,,241.0,519.0,74.42,117.8,122.9,37.8,24.38,2.56,5.98,5.68,9.4,,,,,21.05,54.0,0.28,204.5,0.0,0.0,6.25,975.0,,88.0,144.0,5.35,52.92,32.52,42.88,14.65,0.7,71.8,1.08,1.3,,,,,17.32,66.25,0.65,257.0,0.0,0.0,3.0,994.75,,152.0,331.0,67.95,162.1,141.7,42.02,17.35,3.23,24.0,6.35,8.0,,,,,20.25,56.0,0.88,321.0,0.0,0.0,10.0,966.0,,196.5,386.0,9.57,44.38,31.38,24.9,12.8,2.09,4.12,2.9,38.22,,,,,24.08,47.0,1.4,300.25,0.0,0.0,5.0,986.0,,207.0,591.0,3.75,61.72,35.88,47.18,12.28,1.32,26.58,1.6,31.18,,,,,21.15,59.0,10.78,219.0,0.0,0.0,4.0,977.0,,73.75,130.75,9.3,73.28,46.52,23.98,37.9,1.23,9.52,0.1,1.27,,,,,18.5,74.25,0.75,85.25,0.0,0.0,9.0,988.0,,71.1,157.75,18.67,50.94,58.25,43.72,14.74,1.84,21.89,2.6,6.92,5.73,,3.73,2.84,30.1,29.93,,,0.0,0.0,,996.5,,52.77,105.55,7.24,18.24,15.03,47.87,7.45,0.84,84.68,3.96,5.86,5.38,,4.21,6.04,,,5.14,324.04,0.0,0.0,28.7,,
2024-12-12 20:00:00,148.21,261.68,4.64,115.89,65.43,,,2.07,29.47,,,,,,,,,,,,0,,,,149.0,222.25,9.4,42.62,30.31,35.8,7.2,2.37,21.91,15.1,53.1,7.92,,5.06,13.07,,38.53,1.1,90.87,,0,18.85,,-0.12,180.34,501.0,22.98,17.54,40.42,64.75,44.77,1.73,23.9,0.08,,,,0.06,0.13,14.92,59.46,1.43,157.59,0.0,0.0,,,,241.0,470.0,40.52,100.52,86.45,38.28,17.67,1.38,6.88,6.02,8.98,,,,,21.12,54.25,0.38,185.5,0.0,0.0,6.25,975.0,,125.0,194.0,6.25,58.05,36.2,47.42,15.12,0.83,61.1,1.52,2.2,,,,,16.7,68.25,0.35,254.75,0.0,0.0,3.0,995.0,,158.0,321.0,39.65,137.62,105.48,42.7,13.93,2.86,29.8,6.78,7.58,,,,,20.18,57.0,1.1,316.5,0.0,0.0,10.0,966.0,,209.75,417.5,13.32,46.85,35.75,24.98,12.0,2.0,6.93,3.58,52.42,,,,,24.15,47.75,2.05,307.5,0.0,0.0,5.0,986.0,,178.0,460.0,2.85,57.35,32.8,44.42,10.32,1.34,20.5,1.55,22.58,,,,,20.55,62.25,10.78,219.25,0.0,0.0,4.5,978.0,,83.25,156.75,25.25,79.42,62.78,25.35,38.08,1.53,4.4,0.15,1.8,,,,,18.1,78.5,0.7,109.75,0.0,0.0,9.0,988.75,,80.42,157.6,19.07,53.08,52.18,44.43,16.12,1.02,15.66,2.62,6.96,5.77,,3.64,2.96,30.1,29.93,,,0.0,0.0,,996.5,,57.01,114.01,7.17,17.37,15.2,49.54,7.2,0.8,85.28,3.91,5.78,5.61,,4.34,6.17,,,5.0,322.97,0.0,0.0,28.7,,
2024-12-12 21:00:00,120.76,217.66,2.98,88.94,49.71,,,1.82,43.78,,,,,,,,,,,,0,,,,119.1,234.2,12.99,50.2,37.26,36.98,7.55,1.2,21.07,6.38,50.29,4.48,,3.18,7.4,,42.89,1.12,96.01,,0,17.48,,-0.13,181.89,351.61,21.14,18.01,39.52,64.13,45.02,1.82,24.31,0.31,,,,0.04,0.12,13.73,64.91,0.92,156.68,0.0,0.0,,,,223.0,437.0,17.15,73.6,53.0,39.35,15.55,0.83,6.38,4.5,5.8,,,,,20.92,56.25,0.45,186.5,0.0,0.0,6.25,975.25,,144.0,232.0,6.48,58.43,37.23,47.25,12.43,0.92,40.38,1.6,1.72,,,,,15.95,72.75,0.3,268.75,0.0,0.0,3.0,996.0,,172.0,318.0,41.08,136.12,105.95,45.35,11.45,2.94,28.72,6.85,8.0,,,,,19.65,60.5,1.2,314.75,0.0,0.0,10.0,966.0,,186.75,359.25,12.72,46.42,35.08,25.38,10.55,1.45,21.15,3.48,56.72,,,,,23.78,50.5,2.0,297.25,0.0,0.0,5.0,986.0,,186.0,399.0,2.98,46.32,27.05,37.75,10.42,1.18,24.32,1.42,26.18,,,,,19.82,64.75,10.78,218.25,0.0,0.0,4.5,981.75,,107.0,199.75,39.75,76.47,72.97,26.68,38.65,1.74,4.45,0.2,2.82,,,,,18.1,79.5,0.72,119.75,0.0,0.0,9.0,989.0,,85.98,185.8,42.5,49.76,69.29,56.14,13.64,0.91,15.43,2.6,6.94,5.74,,3.7,2.9,30.1,29.93,,,0.0,0.0,,996.5,,57.3,114.6,7.16,17.51,15.37,49.26,6.87,0.74,75.27,3.9,5.74,5.45,,4.29,6.15,,,5.18,322.99,0.0,0.0,28.7,,
2024-12-12 22:00:00,114.52,199.93,2.82,69.8,39.41,,,1.67,51.39,,,,,,,,,,,,0,,,,103.1,240.6,14.06,50.7,38.4,35.97,7.12,0.94,21.22,4.58,33.01,3.06,,2.13,4.75,,47.26,1.03,95.76,,0,16.82,,-0.15,177.96,339.67,21.83,18.17,39.64,65.4,44.81,1.85,23.84,0.22,,,,0.04,0.15,12.58,69.97,0.83,146.93,0.0,0.0,,,,183.0,337.0,16.3,60.1,45.23,39.73,13.23,0.51,7.6,2.9,3.37,,,,,20.63,59.0,0.43,177.0,0.0,0.0,6.67,975.0,,138.0,211.0,7.35,57.42,36.83,51.22,10.4,1.02,36.62,1.9,2.3,,,,,15.5,75.0,0.28,247.25,0.0,0.0,3.0,996.0,,200.0,333.0,30.05,133.6,95.55,57.0,8.82,2.67,33.67,6.82,7.48,,,,,19.25,63.5,0.98,313.0,0.0,0.0,10.0,966.0,,172.75,299.5,11.92,46.12,34.2,24.62,8.52,1.24,24.25,3.62,55.75,,,,,23.32,53.5,1.78,311.0,0.0,0.0,5.0,986.0,,163.0,354.0,1.75,43.75,24.72,31.65,9.1,1.23,26.35,1.55,17.05,,,,,19.52,67.25,10.85,216.75,0.0,0.0,4.5,982.5,,143.25,241.75,14.32,72.5,50.22,26.25,38.58,1.72,7.25,0.22,3.45,,,,,18.35,79.75,0.88,103.75,0.0,0.0,9.0,989.0,,93.75,188.32,57.74,47.0,88.11,64.19,12.16,1.27,15.05,2.58,6.99,5.7,,3.67,2.87,30.1,29.93,,,0.0,0.0,,996.5,,56.46,112.91,7.13,18.6,15.77,48.27,5.81,0.52,71.11,3.93,5.76,5.46,,4.4,6.2,,,5.21,322.95,0.0,0.0,28.7,,
2024-12-12 23:00:00,117.7,191.56,2.73,58.36,33.26,,,1.56,50.38,,,,,,,,,,,,0,,,,72.3,240.3,14.1,46.8,36.36,37.2,7.44,1.15,21.42,3.83,15.32,2.38,,1.64,3.47,,49.07,1.17,96.74,,0,17.5,,-0.16,185.97,325.79,24.13,19.1,42.91,65.41,44.74,1.85,23.7,0.32,,,,0.02,0.11,11.51,74.4,0.3,154.39,0.0,0.0,,,,169.0,311.0,13.05,59.92,42.6,39.7,11.28,0.3,6.78,2.98,3.48,,,,,20.25,60.75,0.52,179.0,0.0,0.0,6.75,975.0,,150.0,246.0,14.2,71.15,49.35,47.02,10.8,1.1,18.48,2.08,2.33,,,,,13.85,76.75,0.22,236.5,0.0,0.0,3.0,996.0,,200.0,316.0,31.28,125.08,92.18,60.58,6.85,2.24,40.2,6.3,6.5,,,,,18.88,65.5,1.02,298.0,0.0,0.0,10.0,966.0,,163.0,271.0,9.82,45.45,32.15,24.75,6.85,1.02,25.7,3.28,49.05,,,,,17.68,55.25,2.02,307.25,0.0,0.0,5.0,986.0,,178.0,323.0,2.2,41.02,23.58,29.3,8.2,1.1,25.0,1.52,13.6,,,,,16.08,70.25,10.78,215.5,0.0,0.0,4.0,983.0,,156.0,250.5,6.22,59.5,36.72,25.38,38.17,1.62,10.92,0.25,3.45,,,,,13.72,83.5,0.72,149.75,0.0,0.0,9.0,989.0,,100.07,201.77,62.93,44.43,70.85,66.79,11.45,1.05,11.47,2.58,7.01,5.85,,3.64,2.87,30.1,29.93,,,0.0,0.0,,996.5,,55.58,111.15,7.25,17.88,16.12,51.74,1.71,0.58,78.57,3.87,5.77,5.59,,4.31,6.1,,,5.31,313.62,0.0,0.0,28.7,,
2024-12-13 00:00:00,121.96,179.5,2.59,50.96,29.21,,,1.44,52.99,,,,,,,,,,,,0,,,,74.3,221.25,15.2,46.38,37.02,37.92,9.44,1.65,21.7,3.3,8.09,1.65,,1.21,2.28,,51.5,1.16,94.19,,0,17.2,,-0.18,172.4,269.74,23.0,20.06,43.05,64.86,44.64,1.77,23.66,0.22,,,,0.02,0.11,10.88,76.77,0.52,154.66,0.0,0.0,,,,158.0,285.0,14.82,54.25,40.88,39.52,10.0,0.33,7.4,2.68,2.8,,,,,16.2,62.75,0.57,184.75,0.0,0.0,6.5,975.0,,151.0,208.0,9.93,66.58,43.5,53.18,10.3,0.97,14.45,1.92,2.05,,,,,12.48,77.0,0.28,262.0,0.0,0.0,3.0,995.75,,171.0,278.0,28.95,118.08,86.4,63.65,4.95,1.96,33.75,5.62,5.7,,,,,13.8,68.25,0.82,311.75,0.0,0.0,10.0,966.0,,143.75,242.75,10.3,43.08,31.28,24.82,6.13,0.9,28.95,3.0,39.5,,,,,15.58,56.5,2.2,307.75,0.0,0.0,5.0,986.0,,162.0,309.0,2.42,41.58,24.1,29.45,10.6,1.01,24.15,1.58,12.4,,,,,12.42,72.0,10.9,219.75,0.0,0.0,4.0,982.25,,160.75,238.75,4.35,47.4,28.75,23.68,37.88,1.39,17.2,0.25,2.88,,,,,12.02,83.75,0.78,117.0,0.0,0.0,9.0,989.0,,98.52,219.15,61.52,50.8,85.42,68.61,12.4,1.15,11.74,2.59,7.03,5.86,,3.7,2.87,30.1,29.93,,,0.0,0.0,,996.5,,54.64,108.27,7.11,19.08,11.8,50.4,6.69,0.64,80.84,3.88,5.94,5.52,,4.35,6.07,,,3.79,291.54,0.0,0.0,28.7,,
2024-12-13 01:00:00,114.16,177.2,2.34,43.77,25.18,,,1.35,52.16,,,,,,,,,,,,0,,,,71.0,206.88,13.8,42.1,33.61,39.59,9.41,2.19,21.57,3.17,7.05,1.44,,1.11,1.9,,52.56,1.22,85.6,,0,16.98,,-0.19,147.5,252.6,23.14,20.42,43.42,64.58,44.37,1.62,23.29,0.22,,,,0.04,0.06,11.73,73.0,1.76,160.54,0.0,0.0,,,,347.0,493.0,12.62,42.8,33.03,40.05,10.38,0.26,7.4,2.48,3.55,,,,,13.52,63.75,0.55,180.5,0.0,0.0,6.5,975.0,,163.0,205.0,10.75,63.8,42.7,51.7,9.5,0.9,10.7,1.9,2.08,,,,,11.98,81.0,0.28,255.75,0.0,0.0,3.0,996.0,,164.0,267.0,19.95,92.4,65.38,67.53,4.8,1.77,39.5,5.05,5.35,,,,,11.2,70.25,0.92,313.75,0.0,0.0,10.0,966.0,,137.5,235.0,8.45,42.08,29.25,25.1,6.1,0.79,33.6,2.7,32.58,,,,,15.35,57.0,2.55,313.0,0.0,0.0,5.0,986.0,,179.0,295.0,3.08,42.15,24.9,39.78,11.32,0.9,26.5,1.48,11.82,,,,,12.22,73.25,10.82,220.5,0.0,0.0,4.0,979.25,,141.75,211.75,5.22,39.12,25.08,22.45,38.0,1.16,24.2,0.2,2.42,,,,,12.92,78.75,1.83,64.25,0.0,0.0,9.0,989.0,,91.95,217.5,56.5,59.07,85.33,68.82,12.26,0.91,12.36,2.62,6.98,5.78,,3.72,2.9,30.1,29.93,,,0.0,0.0,,996.5,,53.14,106.28,7.19,17.55,16.29,48.8,24.9,0.5,77.24,3.91,5.71,5.62,,4.26,6.01,,,3.79,296.55,0.0,0.0,28.7,,
2024-12-13 02:00:00,115.68,185.63,2.52,35.84,21.12,,,1.32,56.93,,,,,,,,,,,,0,,,,80.1,196.48,6.56,28.39,20.32,36.62,8.05,1.54,19.37,2.97,6.51,1.36,,1.0,1.49,,53.46,1.18,89.62,,0,16.9,,-0.16,142.13,230.53,22.51,23.16,45.32,63.36,44.1,1.43,23.15,0.15,,,,0.03,0.18,11.99,71.48,2.11,171.27,0.0,0.0,,,,172.0,294.0,9.7,44.9,31.2,41.2,,,14.93,2.55,2.65,,,,,13.2,64.75,0.48,204.5,0.0,0.0,6.25,975.0,,145.0,208.0,9.6,62.3,41.0,52.3,9.3,0.85,21.7,1.72,1.95,,,,,11.9,82.0,0.32,280.75,0.0,0.0,3.0,996.0,,163.0,276.0,15.5,79.5,54.9,62.1,,1.65,58.53,4.8,4.82,,,,,11.3,69.25,1.55,283.25,0.0,0.0,10.0,966.0,,130.75,221.75,6.75,40.7,27.15,25.18,6.25,0.77,34.4,2.38,26.18,,,,,15.02,57.25,2.62,309.5,0.0,0.0,5.0,986.0,,178.0,276.0,3.3,34.2,20.9,46.2,11.3,0.84,31.17,1.25,9.68,,,,,12.12,73.5,11.0,221.25,0.0,0.0,4.0,978.0,,131.25,212.25,4.0,52.2,31.0,22.5,38.9,1.1,18.15,0.2,1.88,,,,,13.27,73.75,1.9,67.25,0.0,0.0,9.0,989.0,,82.35,215.98,50.66,62.62,83.12,67.07,12.07,1.24,11.68,2.59,6.9,5.8,,3.68,2.84,30.1,29.93,,,0.0,0.0,,996.5,,51.99,104.84,7.25,18.5,11.75,49.02,24.78,0.5,84.41,3.93,5.9,5.5,,4.27,6.08,,,3.92,299.25,0.0,0.0,28.7,,
2024-12-13 03:00:00,120.99,197.23,2.41,30.71,18.29,,,1.27,54.34,,,,,,,,,,,,0,,,,93.5,185.5,9.75,35.76,26.95,36.57,6.84,1.21,20.47,2.99,5.01,1.22,,0.99,1.52,,53.28,1.22,77.64,,0,17.0,,-0.17,134.03,215.38,23.54,25.16,48.6,62.78,43.98,1.29,23.07,0.36,,,,0.02,0.08,11.1,73.48,2.09,167.1,0.0,0.0,,,,145.0,254.0,16.45,55.15,42.82,40.42,12.38,0.52,6.75,2.15,2.45,,,,,12.6,68.0,0.52,227.75,0.0,0.0,6.0,975.0,,147.0,210.0,8.68,53.1,35.35,58.1,10.47,0.78,25.8,1.48,1.52,,,,,11.8,82.0,0.3,264.25,0.0,0.0,3.0,995.0,,163.0,233.0,11.22,56.92,39.28,47.5,8.77,1.49,69.42,4.25,3.38,,,,,11.08,69.75,1.75,262.5,0.0,0.0,10.0,966.0,,131.75,215.25,7.4,39.3,26.9,25.32,6.28,0.74,33.6,2.17,21.28,,,,,14.8,58.0,2.38,298.25,0.0,0.0,5.0,986.0,,174.0,276.0,1.75,34.75,19.92,36.72,10.75,0.85,29.28,1.18,7.82,,,,,11.88,74.75,11.12,228.5,0.0,0.0,4.0,978.0,,154.0,246.5,16.23,83.85,57.78,22.45,39.45,1.12,6.25,0.2,1.78,,,,,12.85,75.25,2.02,74.5,0.0,0.0,9.0,988.75,,76.75,221.35,43.14,67.2,78.86,64.4,11.64,1.12,11.95,2.6,6.96,5.84,,3.68,2.94,30.1,29.93,,,0.0,0.0,,996.5,,54.13,108.26,7.12,18.26,15.91,48.57,,0.5,90.02,3.88,5.83,5.55,,4.24,6.18,,,4.97,315.36,0.0,0.0,28.7,,
2024-12-13 04:00:00,106.7,181.1,2.41,26.55,16.08,,,1.29,62.22,,,,,,,,,,,,0,,,,94.8,179.38,9.95,36.36,27.43,37.26,6.75,0.68,19.64,2.61,4.09,1.27,,0.98,1.44,,53.4,1.44,83.21,,0,16.75,,-0.18,158.3,244.56,25.67,26.56,51.93,62.24,43.85,1.17,23.33,0.2,,,,0.04,0.08,11.07,72.3,2.07,158.84,0.0,0.0,,,,185.0,287.0,14.65,50.42,38.67,40.97,14.4,0.51,6.15,2.4,4.08,,,,,12.32,68.5,0.45,210.75,0.0,0.0,6.0,975.5,,145.0,190.0,7.98,43.58,29.65,50.48,10.35,0.71,38.33,1.3,1.27,,,,,12.05,82.0,0.43,283.75,0.0,0.0,3.0,995.0,,150.0,232.0,14.62,56.58,41.92,42.4,9.1,1.5,72.78,4.03,2.55,,,,,10.98,69.25,2.25,277.0,0.0,0.0,10.0,966.0,,128.25,206.25,6.95,38.4,26.08,25.28,6.25,0.74,34.88,2.0,17.5,,,,,14.58,57.5,3.0,302.75,0.0,0.0,5.0,986.0,,166.0,280.0,1.85,32.12,18.58,33.08,10.68,0.89,27.48,1.25,8.93,,,,,11.45,75.75,11.02,229.5,0.0,0.0,4.0,979.25,,165.75,259.25,7.52,73.68,45.32,26.42,38.6,1.06,12.25,0.22,1.55,,,,,12.35,78.0,1.9,61.5,0.0,0.0,9.0,988.25,,76.82,220.28,32.17,76.14,82.51,60.74,12.34,1.24,11.92,2.6,7.01,5.8,,3.66,2.94,30.1,29.93,,,0.0,0.0,,996.5,,53.44,106.9,7.26,17.5,15.92,48.19,,0.58,90.16,3.93,5.67,5.55,,4.22,5.98,,,5.46,326.23,0.0,0.0,28.7,,
2024-12-13 05:00:00,95.12,163.14,2.38,28.21,16.95,,,1.37,59.99,,,,,,,,,,,,0,,,,83.0,171.6,10.98,40.48,30.46,35.97,6.9,0.74,20.06,2.52,3.74,1.2,,0.9,1.44,,53.09,1.22,89.27,,0,16.65,,-0.18,142.96,207.38,23.86,27.48,51.48,61.37,44.06,1.04,24.32,0.16,,,,0.04,0.14,10.96,70.43,2.2,165.51,0.0,0.0,,,,156.0,259.0,14.73,47.3,37.12,40.52,14.15,0.55,6.75,2.38,2.52,,,,,12.1,67.75,0.5,193.0,0.0,0.0,6.5,975.25,,129.0,177.0,6.85,43.15,28.55,53.78,10.8,0.8,41.92,1.25,1.08,,,,,11.9,82.0,0.38,296.0,0.0,0.0,3.0,995.0,,139.0,211.0,15.6,60.82,40.52,44.25,9.18,1.53,61.2,3.82,2.2,,,,,10.52,69.75,1.72,288.25,0.0,0.0,10.0,966.0,,128.75,203.25,7.48,36.42,25.45,25.35,6.3,0.77,31.82,1.8,14.4,,,,,14.08,57.75,2.48,315.75,0.0,0.0,5.0,986.0,,157.0,260.0,2.8,35.4,21.12,26.72,10.55,0.83,24.18,1.08,9.0,,,,,11.12,75.75,11.1,221.25,0.0,0.0,4.0,982.0,,167.0,251.75,5.1,64.15,38.28,26.98,38.55,1.04,15.32,0.2,1.4,,,,,11.92,79.5,1.58,58.0,0.0,0.0,8.75,988.0,,75.5,217.05,23.13,77.44,75.85,55.74,12.05,1.23,15.81,2.6,7.02,5.91,,3.64,2.89,30.1,29.93,,,0.0,0.0,,996.5,,50.55,101.1,7.4,16.87,15.12,49.15,25.12,0.79,90.37,3.98,5.66,5.4,,4.28,6.34,,,6.13,331.97,0.0,0.0,28.7,,
2024-12-13 06:00:00,95.75,161.33,2.37,32.03,18.96,,,1.36,54.95,,,,,,,,,,,,0,,,,70.7,172.4,12.98,47.94,36.06,35.88,7.7,1.55,19.66,2.6,3.89,1.3,,0.98,1.59,,52.3,1.2,79.99,,0,16.98,,-0.18,134.33,211.89,24.72,27.55,52.02,61.07,44.23,0.95,24.58,0.31,,,,0.03,0.1,10.48,70.47,1.93,166.54,0.0,0.0,,,,137.0,230.0,14.55,50.3,38.65,41.22,14.22,0.64,6.58,2.1,2.12,,,,,11.98,66.0,0.57,189.25,0.0,0.0,7.0,975.0,,141.0,188.0,6.45,40.5,26.8,51.72,10.25,0.9,41.18,1.85,1.7,,,,,11.58,82.0,0.32,260.75,0.0,0.0,3.0,995.0,,145.0,219.0,15.05,69.4,49.2,51.05,9.15,1.57,55.05,3.72,2.15,,,,,10.32,69.25,1.85,274.25,0.0,0.0,10.0,966.0,,132.0,205.25,7.78,35.2,25.05,25.38,6.3,0.82,27.88,1.58,12.15,,,,,13.9,57.0,2.48,311.5,0.0,0.0,5.25,986.0,,151.0,254.0,2.3,33.5,19.68,25.52,10.5,0.84,24.2,1.05,11.82,,,,,10.75,76.25,11.02,219.25,0.0,0.0,4.25,982.75,,155.75,231.75,6.3,68.95,41.8,27.75,37.88,1.02,10.15,0.2,1.27,,,,,11.72,78.5,1.65,56.5,0.0,0.0,8.25,988.5,,73.2,202.82,19.39,70.83,69.56,51.25,12.3,1.36,15.36,2.58,7.06,5.84,,3.63,2.86,30.1,29.93,,,0.0,0.0,,996.5,,50.47,100.94,7.45,17.91,15.61,47.77,25.62,0.8,90.52,3.99,5.79,5.5,,4.2,6.31,,,5.87,327.68,0.0,0.0,28.7,,
2024-12-13 07:00:00,87.1,151.0,2.66,40.41,23.66,,,1.42,48.42,,,,,,,,,,,,0,,,,77.3,168.5,9.65,35.58,26.77,36.11,7.45,1.89,21.22,2.92,4.1,1.38,,1.06,1.79,,51.26,1.23,84.0,,0,27.88,,-0.15,127.2,209.3,23.82,27.22,51.12,61.62,44.05,0.9,23.9,0.38,,,,0.02,0.12,10.32,70.04,1.94,164.09,0.0,0.0,4.54,,,142.0,241.0,16.42,49.98,40.05,41.2,13.8,0.84,6.48,2.15,4.18,,,,,11.9,65.25,0.65,185.0,0.0,0.0,11.0,975.0,,130.0,178.0,9.0,42.12,29.78,47.65,9.82,0.93,22.58,1.88,1.68,,,,,10.98,81.25,0.28,251.25,0.0,0.0,6.5,996.0,,146.0,227.0,26.95,85.2,67.07,54.2,9.68,1.86,35.9,3.82,2.1,,,,,10.05,70.0,1.32,283.5,0.0,0.0,12.5,966.0,,142.75,221.0,6.7,36.9,25.1,25.5,6.65,1.05,22.9,1.58,11.0,,,,,13.9,56.25,2.58,309.0,0.0,0.0,15.75,986.0,,160.0,261.0,2.12,34.0,19.77,25.62,10.35,0.91,23.3,1.18,14.3,,,,,10.52,76.75,10.98,226.25,0.0,0.0,12.0,983.0,,152.0,228.25,13.85,66.47,46.58,27.22,38.85,1.09,7.12,0.2,1.2,,,,,11.6,79.25,1.68,64.75,0.0,0.0,17.5,989.0,,72.75,228.68,18.07,62.12,63.56,47.27,12.12,1.48,22.43,2.58,7.02,5.75,,3.74,2.85,30.1,29.93,,,0.0,0.0,,996.5,,50.24,100.47,7.11,17.94,15.4,47.47,25.79,0.77,90.05,3.92,5.74,5.45,,4.25,6.16,,,5.24,323.11,0.0,0.0,28.7,,
2024-12-13 08:00:00,104.63,167.94,4.16,48.37,29.1,,,1.5,40.89,,,,,,,,,,,,0,,,,73.2,172.6,10.82,35.45,27.66,37.11,7.32,2.04,27.28,3.29,5.1,1.73,,1.18,2.32,,43.02,1.09,74.66,,0,98.68,,-0.03,140.9,238.04,24.1,26.59,50.91,61.98,43.9,0.92,23.91,0.22,,,,0.02,0.08,11.45,66.34,2.6,169.77,0.0,0.0,13.89,,,158.0,273.0,17.08,53.98,42.7,40.67,12.83,1.27,8.3,2.28,3.1,,,,,12.42,62.0,0.65,207.0,0.0,0.0,23.5,975.0,,124.0,183.0,11.9,43.1,32.55,51.28,10.58,1.0,28.08,1.95,1.9,,,,,11.82,81.75,0.5,302.25,0.0,0.0,21.25,996.25,,157.0,266.0,29.1,80.03,66.25,54.75,9.37,2.08,37.2,4.62,2.6,,,,,11.08,64.75,1.27,283.25,0.0,0.0,71.0,966.0,,139.0,237.5,7.28,37.75,26.02,25.52,9.72,1.15,23.8,1.58,11.05,,,,,15.4,50.25,2.82,290.25,0.0,0.0,42.5,986.0,,167.0,288.0,2.4,36.17,21.18,27.35,10.65,0.98,26.72,1.35,9.98,,,,,11.75,71.0,11.18,208.75,0.0,0.0,36.5,982.75,,158.0,322.0,30.35,72.08,63.02,26.92,40.38,1.27,12.25,0.18,1.12,,,,,13.1,72.0,2.12,62.25,0.0,0.0,78.75,989.0,,74.97,232.4,16.92,54.63,58.74,44.04,12.37,1.36,22.24,2.58,7.02,5.72,,3.71,2.84,30.1,29.93,,,0.0,0.0,,996.5,,50.12,100.25,7.35,17.52,11.21,48.91,25.8,0.47,87.39,3.83,5.79,5.6,,4.28,6.24,,,4.22,320.9,0.0,0.0,28.7,,
2024-12-13 09:00:00,112.7,197.77,4.26,41.1,25.32,,,1.46,57.7,,,,,,,,,,,,0,,,,128.85,172.6,11.2,41.92,31.4,36.79,6.92,1.68,17.47,5.04,7.54,2.42,,1.34,3.51,,35.08,1.23,73.61,,0,188.75,,0.14,135.37,243.33,23.59,23.97,47.34,62.96,43.67,0.95,23.32,0.26,,,,0.02,0.15,12.92,63.8,2.77,171.0,0.0,0.0,21.83,,,159.0,280.0,17.15,55.0,43.4,41.35,14.02,1.17,11.8,2.35,3.28,,,,,13.78,55.0,0.7,217.0,0.0,0.0,33.25,975.0,,144.0,207.0,7.52,41.65,28.3,56.65,10.03,1.0,69.2,2.33,1.92,,,,,14.88,70.5,0.55,320.75,0.0,0.0,36.75,997.25,,158.0,290.0,26.05,73.58,60.58,48.32,11.88,1.9,66.3,4.88,2.88,,,,,13.25,55.75,1.92,285.0,0.0,0.0,157.75,966.0,,136.75,260.0,7.28,40.0,27.2,25.0,11.5,1.12,34.15,1.65,10.5,,,,,17.42,44.25,3.1,285.75,0.0,0.0,142.25,986.0,,157.0,282.0,3.02,42.05,24.85,36.83,12.8,0.87,38.7,1.35,7.8,,,,,14.98,56.75,11.52,214.75,0.0,0.0,131.75,980.0,,177.25,308.0,15.12,52.15,40.05,26.88,42.18,1.14,42.18,0.2,1.2,,,,,15.85,56.75,2.68,66.75,0.0,0.0,250.75,989.0,,75.92,212.15,17.17,52.45,58.09,43.4,12.6,1.39,32.2,2.57,6.9,5.76,,3.73,2.88,30.1,29.93,,,0.0,0.0,,996.5,,53.84,107.69,6.9,18.93,15.92,48.92,,0.61,90.65,3.91,5.89,5.38,,4.2,6.18,,,4.62,296.81,0.0,0.0,28.7,,
2024-12-13 10:00:00,126.13,235.31,4.14,39.12,24.18,,,1.44,69.08,,,,,,,,,,,,0,,,,73.2,172.6,12.74,44.56,34.06,37.76,7.3,1.86,34.48,3.24,5.31,1.77,,1.14,2.33,,28.3,1.38,74.09,,0,233.35,,0.2,145.31,256.71,24.74,25.87,50.2,58.86,49.44,1.0,26.55,0.24,,,,0.07,0.16,14.82,57.6,3.57,165.11,0.0,0.0,29.54,,,158.0,268.0,13.32,44.05,34.28,41.0,14.15,0.92,8.98,2.5,3.42,,,,,15.22,48.75,0.88,210.5,0.0,0.0,40.75,975.0,,143.0,207.0,4.65,41.22,25.7,52.88,10.68,0.82,115.32,1.9,1.68,,,,,17.92,52.25,0.8,316.25,0.0,0.0,46.25,998.0,,132.0,278.0,20.23,68.7,52.9,42.98,13.45,1.83,80.15,4.8,3.02,,,,,15.18,49.75,2.08,295.5,0.0,0.0,156.75,965.5,,127.0,260.25,6.3,39.3,26.05,25.12,10.45,1.05,43.25,1.62,11.85,,,,,18.92,40.0,3.5,300.5,0.0,0.0,206.75,986.0,,129.0,245.0,1.12,35.08,19.58,41.15,14.12,0.79,51.95,1.15,9.43,,,,,17.55,47.25,11.85,220.25,0.0,0.0,220.25,977.75,,163.5,267.5,8.57,42.62,29.62,25.85,44.08,1.0,77.38,0.2,1.02,,,,,17.7,47.5,3.7,70.5,0.0,0.0,374.25,989.0,,75.0,222.15,13.16,52.0,46.83,41.0,13.99,1.34,27.7,2.6,6.99,5.76,,3.69,2.91,30.1,29.93,,,0.0,0.0,,996.5,,59.94,119.88,7.3,17.87,16.13,50.35,,0.58,83.22,3.94,5.75,5.59,,4.34,6.02,,,4.95,301.94,0.0,0.0,28.7,,
2024-12-13 11:00:00,102.37,219.19,38.25,36.24,50.37,,,1.29,85.67,,,,,,,,,,,,0,,,,58.8,172.6,8.62,33.8,24.96,35.33,5.79,1.54,34.09,3.24,6.67,1.69,,1.14,2.18,,24.15,1.56,77.78,,0,270.92,,0.28,135.39,264.58,24.81,29.68,54.28,51.46,44.68,1.02,31.6,0.14,,,,0.01,0.11,17.15,49.94,4.82,158.92,0.0,0.0,41.71,,,123.0,255.0,11.2,43.2,32.0,41.27,14.73,0.74,11.7,2.77,5.67,,,,,16.33,45.0,0.97,208.33,0.0,0.0,49.0,975.0,,123.0,191.0,4.82,40.62,25.55,50.98,11.05,0.74,148.22,1.42,1.08,,,,,20.25,41.5,0.9,262.0,0.0,0.0,77.0,997.75,,125.0,266.0,18.8,69.45,52.2,41.7,13.52,1.71,96.22,4.65,3.1,,,,,16.5,46.0,2.58,303.25,0.0,0.0,298.5,965.5,,113.75,278.5,5.98,38.67,25.42,25.2,10.12,0.92,54.68,1.75,13.62,,,,,19.9,37.25,4.42,301.25,0.0,0.0,258.0,986.0,,105.0,293.0,1.47,36.78,20.48,39.38,14.2,0.84,65.1,0.88,11.5,,,,,18.68,44.0,12.25,224.0,0.0,0.0,266.75,976.5,,141.25,244.75,7.55,30.85,22.58,25.88,44.1,0.89,110.38,0.2,0.92,,,,,19.22,42.0,3.92,73.5,0.0,0.0,283.25,989.0,,86.08,201.38,11.85,53.02,53.7,40.68,17.19,1.38,46.57,2.6,6.9,5.82,,3.72,2.88,30.1,29.93,,,0.0,0.0,,996.5,,63.21,125.05,7.16,18.55,11.56,50.01,17.8,0.55,44.76,3.9,5.88,5.46,,4.33,5.94,,,6.89,320.07,0.0,0.0,28.7,,
2024-12-13 12:00:00,79.72,204.8,3.49,23.82,15.51,,,1.23,93.31,,,,,,,,,,,,0,,,,71.4,172.6,8.67,38.7,27.64,34.7,6.28,0.76,34.94,3.4,7.01,1.67,,1.2,2.09,,21.56,1.81,81.11,,0,262.35,,0.27,116.34,297.91,25.1,32.42,57.12,45.28,39.54,0.95,35.6,0.18,,,,0.01,0.24,19.11,42.6,5.31,165.76,0.0,0.0,54.11,,,104.0,249.0,13.1,40.58,32.2,41.62,15.48,0.54,13.68,2.45,4.8,,,,,17.35,41.5,1.03,223.0,0.0,0.0,53.0,975.0,,110.0,184.0,4.42,40.98,25.38,49.65,11.72,0.7,163.02,1.15,0.98,,,,,21.45,37.75,1.02,192.5,0.0,0.0,92.75,996.5,,107.0,288.0,18.52,59.12,46.68,42.15,11.98,1.5,120.18,4.0,3.18,,,,,17.05,43.25,4.6,314.25,0.0,0.0,320.75,965.25,,97.25,331.75,5.68,37.42,24.52,25.42,11.63,0.85,61.88,1.65,15.72,,,,,20.75,35.5,4.38,309.5,0.0,0.0,274.5,986.0,,105.0,401.0,1.0,23.8,13.5,33.98,14.4,0.77,92.9,0.82,11.3,,,,,19.32,41.25,12.45,227.25,0.0,0.0,255.25,977.5,,118.75,232.5,4.8,22.8,16.0,25.95,44.15,0.82,134.95,0.2,1.15,,,,,20.38,38.25,4.2,78.25,0.0,0.0,112.75,988.5,,95.2,,10.46,49.37,43.32,38.54,18.36,1.21,37.47,2.6,7.04,5.83,,3.74,2.88,30.1,29.93,,,0.0,0.0,,996.5,,59.78,119.9,7.08,18.96,11.64,49.33,19.74,0.53,45.37,3.87,5.95,5.48,,4.29,6.05,,,7.14,319.21,0.0,0.0,28.7,,
2024-12-13 13:00:00,71.39,213.5,3.49,22.06,14.57,,,1.22,92.62,,,,,,,,,,,,0,,,,,,10.78,42.22,31.22,35.68,5.34,0.54,34.36,2.22,6.13,1.4,,0.98,1.58,,18.73,2.04,99.63,,0,167.92,,0.12,91.5,321.52,23.52,33.26,57.3,46.69,45.59,0.82,40.32,0.19,,,,0.01,0.16,20.93,35.5,5.04,145.18,0.0,0.0,273.06,,,95.0,321.0,12.05,36.8,29.22,41.12,15.22,0.38,15.6,2.2,3.72,,,,,18.38,38.75,1.12,204.75,0.0,0.0,249.75,975.0,,80.0,201.0,3.38,40.0,24.08,45.05,11.28,0.68,165.25,0.9,0.8,,,,,21.62,34.0,1.1,184.75,0.0,0.0,53.0,994.75,,84.0,356.0,12.95,55.68,40.33,41.62,11.4,1.34,125.75,3.38,3.55,,,,,17.52,41.25,5.38,315.75,0.0,0.0,286.0,965.0,,81.75,331.5,5.5,36.88,24.15,25.08,11.22,0.76,63.92,1.48,16.73,,,,,21.1,34.25,4.97,314.5,0.0,0.0,256.25,985.5,,84.0,541.0,0.43,16.92,9.1,21.22,13.68,0.68,100.75,0.57,4.12,,,,,19.75,39.5,12.45,226.0,0.0,0.0,272.5,982.25,,102.5,257.0,5.5,17.5,13.77,25.83,41.2,0.63,130.18,0.2,1.3,,,,,20.95,35.0,3.8,90.5,0.0,0.0,106.25,988.0,,,,24.86,40.89,57.89,55.92,18.92,1.13,44.11,2.57,7.0,5.74,,3.67,2.9,33.44,30.21,,,0.0,0.0,,996.5,,60.68,121.35,7.34,17.3,16.08,49.43,10.43,0.51,58.96,3.96,5.73,5.58,,4.29,6.09,,,6.19,318.3,0.0,0.0,28.7,,
2024-12-13 14:00:00,45.52,192.54,2.9,16.32,11.04,,,1.08,97.88,,,,,,,,,,,,0,,,,,,11.43,43.84,32.61,36.51,6.42,0.44,35.42,2.18,5.08,1.29,,1.06,1.58,,17.38,1.81,101.04,,0,75.95,,-0.04,62.8,295.48,23.72,34.13,57.5,46.92,50.29,0.74,44.02,0.3,,,,0.02,0.16,21.04,33.16,4.48,147.08,0.0,0.0,98.66,,,76.0,283.0,8.7,36.65,26.6,41.48,14.43,0.49,16.45,2.08,1.65,,,,,19.25,36.25,1.08,207.0,0.0,0.0,62.25,975.0,,56.0,171.0,3.58,35.22,21.6,41.2,9.48,0.73,161.35,0.7,0.68,,,,,21.62,32.0,1.2,152.5,0.0,0.0,56.25,994.0,,70.0,296.0,15.62,61.75,45.78,46.55,9.87,1.27,127.8,2.85,3.2,,,,,17.73,40.0,5.07,319.75,0.0,0.0,248.75,965.25,,66.25,300.25,5.48,36.7,23.98,25.15,12.6,0.72,63.55,1.32,14.75,,,,,21.18,33.5,4.25,314.25,0.0,0.0,199.5,985.0,,64.0,368.0,0.2,17.18,9.02,19.27,11.82,0.6,99.45,0.52,3.55,,,,,19.98,38.0,12.55,227.75,0.0,0.0,218.5,983.0,,70.5,234.5,4.65,15.85,12.25,27.82,39.2,0.56,128.48,0.12,1.0,,,,,21.15,33.25,3.75,89.0,0.0,0.0,248.0,987.0,,,,47.71,22.34,47.57,46.42,18.61,1.41,52.48,2.62,6.96,5.81,,3.66,2.92,33.8,30.92,,,0.0,0.0,,996.5,,63.84,127.68,7.35,18.58,16.57,48.13,9.83,0.52,59.63,3.96,5.89,5.68,,4.22,6.31,,,6.44,314.98,0.0,0.0,28.7,,
2024-12-13 15:00:00,50.48,162.14,2.53,17.44,11.33,,,1.16,108.46,,,,,,,,,,,,0,,,,34.9,,10.43,42.94,31.32,37.39,6.28,1.17,34.7,2.17,3.63,1.06,,0.89,1.5,,18.54,1.51,92.92,,0,55.47,,-0.08,57.24,217.03,25.06,31.74,57.07,41.72,45.59,0.7,42.02,0.28,,,,0.04,0.11,20.77,35.38,3.36,149.45,0.0,0.0,46.94,,,63.0,235.0,11.52,34.05,27.35,41.05,13.55,0.89,15.02,2.28,1.88,,,,,18.4,37.75,1.02,198.25,0.0,0.0,42.75,975.0,,44.0,132.0,3.5,33.05,20.4,38.38,12.37,0.72,172.25,0.6,0.62,,,,,21.48,33.75,0.85,218.0,0.0,0.0,36.75,994.0,,64.0,216.0,16.88,66.9,49.35,52.05,10.3,1.3,122.88,2.6,2.88,,,,,17.32,41.25,4.1,318.75,0.0,0.0,122.0,965.0,,59.5,220.5,5.3,35.55,23.25,25.22,11.1,0.79,64.68,1.2,13.75,,,,,20.78,34.75,3.28,319.0,0.0,0.0,118.75,985.0,,53.0,366.0,0.85,17.92,9.68,22.2,11.35,0.7,100.1,0.55,6.45,,,,,19.85,39.25,11.95,227.0,0.0,0.0,125.25,983.25,,49.75,207.5,4.95,16.5,12.8,28.8,39.2,0.58,133.48,0.1,0.85,,,,,21.05,34.0,3.42,81.5,0.0,0.0,133.0,987.0,,,221.25,65.29,46.96,78.08,48.61,18.58,1.43,64.48,1.1,7.6,1.64,,1.95,1.54,30.1,30.16,,,0.0,0.0,,996.5,,65.54,131.07,7.2,17.2,14.77,48.89,9.06,0.5,41.56,3.8,5.7,5.4,,4.19,6.22,,,6.94,313.14,0.0,0.0,28.7,,
2024-12-13 16:00:00,37.13,137.48,2.4,21.99,13.64,,,1.17,108.24,,,,,,,,,,,,0,,,,57.1,,10.98,41.8,31.16,35.92,5.96,1.15,34.38,2.14,3.58,1.31,,0.97,1.63,,18.75,1.46,90.38,,0,33.12,,-0.12,62.64,184.89,26.57,27.81,54.59,39.28,37.52,0.69,33.92,0.2,,,,0.03,0.12,19.91,39.72,2.96,169.67,0.0,0.0,26.48,,,57.0,199.0,9.82,45.48,31.92,40.9,12.92,1.04,12.68,2.62,1.98,,,,,18.15,38.0,0.72,204.0,0.0,0.0,29.0,975.0,,52.0,138.0,3.65,35.1,21.6,41.3,13.0,0.74,169.58,0.82,1.0,,,,,20.85,36.0,0.8,295.0,0.0,0.0,28.0,994.0,,63.0,207.0,16.12,75.85,53.62,50.12,8.8,1.42,114.2,2.48,3.18,,,,,16.7,42.25,3.2,319.5,0.0,0.0,33.25,965.0,,62.25,193.75,5.1,37.15,23.88,24.92,11.58,0.82,58.8,1.35,13.2,,,,,20.25,34.75,3.35,318.25,0.0,0.0,45.5,985.0,,59.0,259.0,,24.45,12.58,24.28,11.35,0.7,93.75,0.57,8.52,,,,,19.08,41.75,11.38,223.75,0.0,0.0,38.5,982.75,,53.0,164.0,5.28,19.75,14.75,28.55,39.7,0.68,137.88,0.1,0.7,,,,,20.15,36.75,3.12,70.0,0.0,0.0,55.75,987.0,,,198.85,80.04,63.18,98.7,57.34,17.21,1.39,42.87,0.86,7.68,0.86,,1.71,1.52,30.1,30.21,,,0.0,0.0,,996.5,,62.03,124.06,7.09,18.06,15.78,50.94,11.66,0.5,62.03,3.94,5.8,5.43,,4.41,6.09,,,5.99,305.43,0.0,0.0,28.7,,
2024-12-13 17:00:00,38.97,119.14,2.36,35.73,20.92,,,1.27,96.1,,,,,,,,,,,,0,,,,64.5,141.5,10.08,40.82,29.91,35.82,5.24,1.45,34.53,3.01,8.09,1.73,,1.18,2.44,,24.37,1.06,83.42,,0,18.3,,-0.14,60.47,181.51,26.78,25.16,52.08,60.06,39.18,0.74,24.34,0.16,,,,0.01,0.08,17.94,45.52,1.31,160.12,0.0,0.0,3.37,,,80.0,226.0,16.02,73.42,52.15,40.58,13.52,1.56,10.2,2.98,2.6,,,,,17.12,42.0,0.45,192.0,0.0,0.0,11.5,975.0,,47.0,118.0,4.6,40.55,25.32,42.85,12.38,0.73,131.4,0.9,1.3,,,,,19.18,41.0,0.65,325.5,0.0,0.0,7.0,994.0,,63.0,194.0,19.2,107.12,73.03,49.25,8.25,1.74,90.8,2.82,3.82,,,,,15.65,45.5,1.85,320.25,0.0,0.0,11.25,965.5,,63.75,196.75,5.72,38.22,25.0,25.25,9.6,1.06,48.05,1.18,14.6,,,,,18.88,38.25,2.25,313.75,0.0,0.0,8.0,985.25,,72.0,320.0,1.32,42.58,23.72,33.28,12.58,0.92,67.28,0.65,9.98,,,,,17.12,47.0,11.05,219.5,0.0,0.0,9.0,979.0,,54.5,158.0,4.4,36.83,23.15,32.05,39.45,0.78,109.2,0.1,0.72,,,,,18.15,43.25,1.6,58.75,0.0,0.0,18.25,987.25,,,155.25,78.16,77.5,104.79,58.46,15.52,1.48,43.42,0.88,7.73,0.85,,1.66,1.45,30.1,30.08,,,0.0,0.0,,996.5,,57.02,115.08,7.08,18.23,15.32,48.0,32.9,0.5,79.9,3.9,5.93,5.41,,4.22,5.99,,,5.3,293.4,0.0,0.0,28.7,,
2024-12-13 18:00:00,52.53,149.75,2.76,64.96,36.8,,,1.52,59.29,,,,,,,,,,,,0,,,,50.02,145.35,10.49,39.6,29.59,37.68,5.8,1.3,35.35,6.29,15.35,3.17,,2.33,4.79,,28.74,1.04,70.38,,0,17.45,,-0.12,86.46,250.67,26.76,21.79,48.95,66.76,39.31,0.87,23.73,0.16,,,,0.11,0.1,16.44,49.99,2.0,162.65,0.0,0.0,,,,140.0,339.0,26.38,105.35,77.53,39.58,15.65,2.16,7.02,4.15,4.4,,,,,16.1,45.25,0.4,206.25,0.0,0.0,6.0,975.0,,55.0,125.0,4.53,43.55,26.85,41.8,12.18,0.65,116.58,0.92,0.78,,,,,17.45,45.75,0.6,339.25,0.0,0.0,3.0,994.0,,78.0,210.0,32.33,135.02,98.08,39.1,9.8,2.31,44.38,4.03,5.4,,,,,14.4,49.5,1.15,321.5,0.0,0.0,10.0,966.0,,96.25,243.75,7.15,38.42,26.22,25.6,9.47,1.45,19.8,1.6,20.55,,,,,17.88,41.5,1.7,298.75,0.0,0.0,5.0,986.0,,108.0,445.0,2.12,55.65,31.35,42.7,12.28,1.06,36.38,1.42,43.65,,,,,15.92,49.25,11.2,219.25,0.0,0.0,4.5,977.0,,61.0,175.5,5.45,52.08,32.15,35.05,39.05,0.9,61.15,0.1,0.92,,,,,15.48,54.0,1.48,61.5,0.0,0.0,9.0,988.0,,,164.6,80.06,87.68,111.76,60.36,15.66,1.52,24.77,1.02,7.54,1.98,,2.7,0.98,30.1,30.07,,,0.0,0.0,,996.5,,55.75,111.5,7.17,18.62,13.94,48.77,32.09,0.64,60.48,3.9,5.89,5.18,,4.26,6.12,,,5.6,289.24,0.0,0.0,28.7,,
2024-12-13 19:00:00,78.72,190.5,2.54,67.23,37.82,,,1.58,59.17,,,,,,,,,,,,0,,,,41.98,165.8,9.14,38.55,27.94,36.75,5.7,1.62,35.15,7.91,46.79,5.96,,4.69,9.54,,30.8,1.06,68.06,,0,17.98,,-0.1,98.58,253.06,26.39,20.44,46.8,67.56,39.32,0.94,23.46,0.34,,,,0.03,0.09,16.08,49.33,2.19,169.26,0.0,0.0,,,,151.0,340.0,27.75,87.15,68.92,39.42,16.7,1.87,5.8,4.03,6.08,,,,,15.55,47.75,0.5,206.75,0.0,0.0,6.0,975.0,,64.0,138.0,4.82,46.85,28.88,44.08,12.42,0.68,108.1,0.9,0.65,,,,,16.62,48.5,0.65,333.5,0.0,0.0,3.0,995.0,,110.0,266.0,22.38,110.45,77.18,37.95,17.4,2.22,56.0,4.9,6.35,,,,,14.12,50.0,1.7,316.75,0.0,0.0,10.0,966.0,,132.25,317.5,8.78,43.18,30.12,25.08,8.72,1.5,14.85,2.02,34.88,,,,,17.38,43.0,2.2,283.5,0.0,0.0,5.0,986.0,,144.0,370.0,3.02,54.18,31.28,43.48,12.8,1.1,31.38,1.88,64.75,,,,,15.48,49.75,11.48,217.75,0.0,0.0,4.75,977.0,,67.5,166.25,5.35,60.7,36.65,33.67,40.17,0.98,53.78,0.1,0.9,,,,,15.58,51.75,1.88,61.0,0.0,0.0,9.0,988.0,,,189.25,84.74,90.25,116.92,61.36,15.16,1.74,25.16,1.06,7.67,1.96,,2.7,0.95,30.1,30.08,,,0.0,0.0,,996.5,,58.33,116.66,6.98,19.9,11.62,48.27,11.44,0.46,69.83,3.84,6.07,5.47,,4.23,6.1,,,5.77,287.11,0.0,0.0,28.7,,
2024-12-13 20:00:00,80.43,202.65,2.62,49.88,28.66,,,1.46,64.23,,,,,,,,,,,,0,,,,38.1,172.55,4.9,28.34,18.77,34.24,5.1,1.38,35.25,5.34,22.01,3.66,,2.96,6.06,,31.12,1.11,70.39,,0,17.38,,-0.1,103.47,220.92,26.47,21.17,47.46,67.54,39.21,1.0,23.76,0.12,,,,0.02,0.25,15.28,52.02,1.92,164.92,0.0,0.0,,,,153.0,311.0,18.92,79.88,57.55,39.62,13.9,1.11,7.3,3.15,5.03,,,,,15.1,49.0,0.55,213.75,0.0,0.0,6.0,975.0,,78.0,155.0,5.05,50.02,30.72,45.75,12.88,0.71,96.9,1.02,0.82,,,,,16.0,51.0,0.88,254.75,0.0,0.0,3.0,995.25,,107.0,240.0,23.78,91.9,68.25,42.15,18.9,2.04,65.95,5.05,5.55,,,,,13.98,50.5,1.75,313.0,0.0,0.0,10.0,966.0,,124.25,283.5,8.82,43.5,30.32,25.38,8.32,1.17,24.82,2.4,42.15,,,,,17.25,43.0,2.9,281.25,0.0,0.0,5.0,986.0,,130.0,313.0,1.98,49.65,28.05,40.12,13.82,1.02,36.33,1.58,63.18,,,,,15.42,50.0,11.58,217.75,0.0,0.0,4.5,977.5,,76.5,171.5,6.08,69.7,42.02,33.6,39.48,1.08,37.2,0.1,0.9,,,,,14.88,54.75,1.55,57.25,0.0,0.0,9.0,988.25,,,198.0,86.34,90.96,118.6,61.0,13.5,1.29,15.28,1.07,7.69,2.0,,2.69,0.98,30.1,30.08,,,0.0,0.0,,996.5,,61.56,123.12,7.18,18.74,16.11,50.44,10.42,0.57,83.92,3.9,5.9,5.59,,4.35,5.98,,,6.15,287.3,0.0,0.0,28.7,,
2024-12-13 21:00:00,100.09,183.76,2.59,46.63,26.91,,,1.43,63.72,,,,,,,,,,,,0,,,,125.0,166.0,8.52,40.1,28.26,36.0,5.4,1.49,35.34,4.38,11.7,2.6,,1.93,4.17,,32.83,0.98,70.36,,0,17.0,,-0.1,107.49,239.48,24.56,21.79,46.68,66.72,39.54,1.04,24.18,0.11,,,,0.05,0.19,13.99,57.61,0.65,150.82,0.0,0.0,,,,112.0,257.0,19.5,75.82,56.1,40.65,14.02,0.97,6.32,3.35,3.98,,,,,14.62,50.75,0.52,218.5,0.0,0.0,6.0,975.0,,78.0,140.0,5.85,49.05,30.57,46.38,11.17,0.7,78.82,1.02,0.85,,,,,15.0,56.75,0.65,268.75,0.0,0.0,3.0,996.0,,110.0,237.0,25.28,90.48,68.6,44.92,15.4,2.02,61.9,5.32,4.9,,,,,13.55,52.25,1.62,311.25,0.0,0.0,10.0,966.0,,105.0,232.5,9.15,41.6,29.55,25.38,12.05,1.07,25.22,2.48,37.9,,,,,16.75,44.25,2.3,293.5,0.0,0.0,5.0,986.0,,130.0,313.0,1.02,37.42,20.75,29.9,12.95,1.0,34.92,1.27,53.92,,,,,14.58,53.25,11.3,219.75,0.0,0.0,4.0,981.25,,84.25,168.25,4.6,66.08,38.88,35.47,38.45,1.15,20.6,0.15,0.85,,,,,13.15,65.25,0.95,74.5,0.0,0.0,9.0,989.0,,,176.52,98.18,77.18,120.98,61.52,12.99,1.19,15.17,1.06,7.66,1.91,,2.65,0.97,30.1,30.09,,,0.0,0.0,,996.5,,60.27,120.53,6.9,17.22,15.58,48.05,,0.51,82.64,3.81,5.69,5.49,,4.22,6.1,,,6.05,278.79,0.0,0.0,28.7,,
2024-12-13 22:00:00,99.19,184.99,2.61,47.1,27.17,,,1.48,50.15,,,,,,,,,,,,0,,,,89.0,160.95,7.68,38.6,26.78,36.11,6.71,1.4,35.34,4.26,9.04,2.38,,1.68,3.59,,36.51,0.98,73.53,,0,17.05,,-0.11,111.39,265.78,25.94,20.3,46.06,67.55,39.66,1.16,23.73,0.13,,,,0.02,0.12,12.37,64.52,0.82,150.47,0.0,0.0,,,,126.0,266.0,21.88,73.08,56.58,40.78,14.42,1.01,6.08,2.7,3.25,,,,,14.0,53.5,0.48,230.25,0.0,0.0,6.0,975.25,,81.0,152.0,5.03,46.65,28.85,48.32,9.18,0.88,54.82,1.05,0.9,,,,,13.62,66.0,0.52,330.0,0.0,0.0,3.0,995.0,,119.0,230.0,18.85,85.88,61.1,55.75,12.5,1.96,56.28,5.08,4.2,,,,,12.98,54.0,1.2,316.75,0.0,0.0,10.0,966.0,,102.75,213.5,8.4,42.0,29.18,25.12,13.0,1.1,19.9,2.18,31.9,,,,,16.15,46.75,1.98,285.0,0.0,0.0,5.0,986.0,,122.0,259.0,2.82,38.92,22.98,28.92,12.45,0.95,31.3,1.23,32.65,,,,,14.28,53.5,11.38,213.0,0.0,0.0,4.25,982.0,,85.25,158.5,7.2,69.05,42.62,35.6,37.88,1.25,11.2,0.1,0.82,,,,,12.05,72.5,0.88,60.25,0.0,0.0,9.0,989.0,,,193.98,117.51,49.28,121.85,62.02,12.18,1.3,15.92,1.13,7.62,1.94,,2.74,0.94,30.1,30.1,,,0.0,0.0,,996.5,,57.49,114.97,7.18,18.48,14.06,48.99,,0.51,87.0,3.9,5.87,5.2,,4.27,6.08,,,6.08,277.99,0.0,0.0,28.7,,
2024-12-13 23:00:00,99.74,178.26,2.85,54.43,31.27,,,1.49,42.69,,,,,,,,,,,,0,,,,126.4,158.87,8.56,40.25,28.37,37.37,6.03,1.44,35.05,5.03,7.76,2.2,,1.48,3.03,,36.66,1.15,74.4,,0,17.67,,-0.11,104.11,209.61,25.83,20.43,46.41,67.42,39.66,1.2,23.68,0.23,,,,0.02,0.09,12.26,63.42,1.4,162.8,0.0,0.0,,,,133.0,243.0,21.25,66.8,52.72,40.8,13.98,0.81,4.72,2.58,3.3,,,,,13.58,55.0,0.52,234.0,0.0,0.0,6.0,975.0,,77.0,143.0,4.62,48.98,29.85,45.1,9.9,0.82,50.0,1.08,1.12,,,,,13.58,65.5,0.57,332.25,0.0,0.0,3.0,995.0,,117.0,216.0,18.4,86.6,61.15,56.3,9.72,1.78,49.7,4.68,4.12,,,,,12.45,55.5,1.2,316.0,0.0,0.0,10.0,966.0,,110.5,221.0,8.78,41.38,29.12,25.5,13.1,0.96,18.55,2.12,27.0,,,,,15.82,47.5,2.08,286.5,0.0,0.0,5.0,986.0,,117.0,321.0,5.7,44.85,28.5,26.58,13.55,0.91,24.38,1.18,41.9,,,,,13.88,54.5,11.35,212.75,0.0,0.0,4.5,982.0,,89.5,160.5,8.7,78.5,48.8,35.2,37.9,1.21,7.15,0.12,0.82,,,,,12.18,71.75,1.27,56.75,0.0,0.0,9.0,989.0,,,211.57,121.48,38.71,119.44,61.15,11.52,1.18,11.52,1.04,7.55,1.95,,2.8,0.98,30.1,30.07,,,0.0,0.0,,996.5,,55.61,111.22,6.74,17.8,15.94,50.53,9.75,0.5,88.55,3.81,5.82,5.56,,4.36,6.15,,,6.49,281.07,0.0,0.0,28.7,,
2024-12-14 00:00:00,96.61,173.02,2.74,48.16,27.84,,,1.39,43.42,,,,,,,,,,,,0,,,,81.62,156.4,8.69,40.64,28.68,37.1,5.61,1.38,35.3,3.9,5.64,1.6,,1.16,2.24,,37.62,1.19,76.81,,0,16.92,,-0.11,102.05,191.05,25.74,20.56,46.18,68.04,39.72,1.14,23.57,0.21,,,,0.04,0.08,11.94,63.24,1.27,158.24,0.0,0.0,,,,122.0,228.0,16.05,55.82,42.72,41.0,12.48,0.55,6.25,2.2,2.92,,,,,13.3,55.0,0.6,221.5,0.0,0.0,6.0,975.5,,86.0,160.0,4.82,48.05,29.5,46.6,9.9,0.68,62.8,1.25,1.27,,,,,13.7,63.0,0.52,333.25,0.0,0.0,3.0,995.0,,102.0,202.0,18.25,72.7,53.52,55.6,10.02,1.41,56.9,4.3,3.95,,,,,12.38,55.25,1.55,309.0,0.0,0.0,10.0,966.0,,98.0,208.25,8.9,39.7,28.38,25.6,11.03,0.78,22.1,2.28,22.45,,,,,15.55,47.5,2.45,281.25,0.0,0.0,5.0,986.0,,139.0,333.0,2.88,35.85,21.45,30.12,12.23,0.86,31.0,1.2,60.9,,,,,13.32,57.25,11.42,217.75,0.0,0.0,4.75,981.75,,94.0,173.25,9.45,75.75,48.0,32.1,39.78,1.06,19.68,0.1,0.75,,,,,13.4,61.75,1.8,61.75,0.0,0.0,8.75,988.0,,,215.45,118.14,42.55,118.7,60.68,14.59,1.22,9.77,2.58,7.02,5.77,,3.74,2.87,30.1,30.08,,,0.0,0.0,,996.5,,50.82,101.64,6.97,17.0,16.3,50.35,11.85,0.53,82.31,3.83,5.62,5.62,,4.34,6.18,,,5.54,279.82,0.0,0.0,28.7,,
2024-12-14 01:00:00,87.23,171.91,2.6,36.06,21.3,,,1.32,48.62,,,,,,,,,,,,0,,,,84.3,150.3,9.57,42.86,30.58,36.8,6.72,1.35,34.64,3.13,3.9,1.41,,0.98,1.59,,40.4,1.02,65.32,,0,16.98,,-0.12,103.65,171.78,25.38,21.6,46.84,67.77,39.45,1.05,23.2,0.23,,,,0.04,0.2,11.4,64.47,1.43,156.71,0.0,0.0,,,,112.0,219.0,19.12,55.4,45.1,41.58,11.08,0.45,6.1,2.58,2.45,,,,,12.8,58.0,0.57,214.75,0.0,0.0,6.0,975.25,,81.0,138.0,5.28,39.17,25.15,47.62,9.18,0.55,68.5,1.23,0.98,,,,,13.1,66.75,0.52,327.75,0.0,0.0,3.0,995.0,,106.0,195.0,15.75,55.9,42.5,56.08,9.48,1.35,61.8,4.03,5.08,,,,,11.95,57.75,1.7,309.25,0.0,0.0,10.0,966.0,,92.0,192.0,9.2,37.85,27.62,25.55,10.9,0.7,25.0,2.25,17.82,,,,,15.1,49.5,2.3,280.25,0.0,0.0,5.0,986.0,,103.0,217.0,1.5,37.25,21.05,41.45,11.88,0.86,31.3,1.15,29.1,,,,,13.02,58.75,11.42,213.75,0.0,0.0,4.5,978.75,,86.75,177.0,5.22,58.65,35.42,30.08,41.02,0.98,33.2,0.1,0.65,,,,,13.6,59.0,2.05,65.5,0.0,0.0,9.0,988.0,,,209.78,113.34,45.58,116.44,59.3,14.14,1.05,9.85,2.6,6.94,5.82,,3.7,2.96,30.1,30.1,,,0.0,0.0,,996.5,,48.53,97.06,7.16,18.1,10.82,52.04,18.16,0.4,86.21,3.92,5.73,5.62,,4.31,5.95,,,5.88,280.0,0.0,0.0,28.7,,
2024-12-14 02:00:00,74.49,144.02,2.76,30.36,18.39,,,1.3,50.66,,,,,,,,,,,,0,,,,85.0,149.93,9.15,41.44,29.48,36.25,6.56,1.42,35.3,3.62,3.64,1.31,,1.0,1.66,,42.37,1.14,64.18,,0,17.2,,-0.12,96.7,163.21,26.0,22.64,48.48,67.48,39.28,0.98,23.08,0.3,,,,0.03,0.2,10.86,65.58,1.82,163.68,0.0,0.0,,,,102.0,184.0,29.0,52.1,51.2,40.8,,0.49,14.6,2.28,2.42,,,,,12.55,59.0,0.65,222.0,0.0,0.0,6.0,975.0,,73.0,117.0,4.3,35.9,22.6,40.6,8.8,0.53,66.6,1.05,0.82,,,,,12.82,67.75,0.55,330.25,0.0,0.0,3.0,994.0,,97.0,180.0,14.2,54.8,40.6,52.1,,1.35,67.9,4.1,5.12,,,,,11.65,58.75,1.72,294.25,0.0,0.0,10.0,966.0,,90.25,175.0,7.35,37.7,26.02,25.55,9.1,0.66,26.62,1.92,15.28,,,,,14.88,50.25,2.55,290.0,0.0,0.0,5.0,986.0,,127.0,235.0,5.4,48.7,30.2,45.0,12.0,0.87,21.47,1.27,39.67,,,,,12.52,61.0,11.12,218.5,0.0,0.0,4.5,978.0,,80.25,170.25,7.1,54.6,34.8,29.3,41.2,0.9,39.03,0.1,0.6,,,,,13.7,58.25,2.58,63.0,0.0,0.0,9.0,988.0,,,207.9,108.26,50.94,115.19,58.7,14.31,1.27,11.2,2.57,6.98,5.86,,3.67,2.8,30.1,30.07,,,0.0,0.0,,996.5,,49.15,98.31,7.27,18.17,15.34,48.48,18.26,0.53,88.95,3.89,5.66,5.66,,4.33,5.91,,,6.13,293.38,0.0,0.0,28.7,,
2024-12-14 03:00:00,75.93,146.25,2.64,27.13,16.58,,,1.28,49.23,,,,,,,,,,,,0,,,,102.0,143.18,8.56,39.51,27.98,35.92,4.74,1.32,35.12,3.04,3.04,1.36,,1.0,1.52,,43.46,0.96,62.74,,0,16.75,,-0.12,88.24,147.65,25.89,23.4,49.16,67.18,39.18,0.9,22.91,0.22,,,,0.02,0.14,10.49,66.61,1.89,162.58,0.0,0.0,,,,96.0,173.0,12.85,45.45,34.7,42.02,11.55,0.52,6.9,2.0,2.25,,,,,12.52,59.25,0.62,218.75,0.0,0.0,6.0,975.25,,59.0,117.0,4.35,35.62,22.48,52.42,9.8,0.47,59.5,0.95,0.72,,,,,12.25,70.0,0.45,304.5,0.0,0.0,3.0,994.0,,112.0,194.0,11.6,49.32,35.75,40.35,7.28,1.39,69.97,4.02,3.97,,,,,11.35,59.75,1.58,307.75,0.0,0.0,10.0,966.0,,87.75,171.5,7.42,35.48,24.92,25.68,8.8,0.65,27.42,1.8,12.7,,,,,14.65,51.0,2.55,289.5,0.0,0.0,5.0,986.0,,122.0,257.0,21.42,59.25,48.92,33.83,10.8,0.79,7.15,1.27,42.98,,,,,11.35,67.25,10.58,275.0,0.0,0.0,4.75,978.0,,76.0,159.0,4.38,44.72,27.35,25.9,41.42,0.89,41.38,0.1,0.6,,,,,13.42,58.75,2.38,63.25,0.0,0.0,9.0,988.0,,,196.82,102.84,56.97,113.92,58.03,14.0,1.2,10.07,2.6,6.96,5.78,,3.66,2.9,30.1,30.1,,,0.0,0.0,,996.5,,49.13,98.27,7.12,18.0,15.6,49.05,17.72,0.55,89.48,3.86,5.63,5.49,,4.42,5.95,,,5.85,284.57,0.0,0.0,28.7,,
2024-12-14 04:00:00,67.48,134.07,2.67,27.8,16.96,,,1.34,43.43,,,,,,,,,,,,0,,,,69.7,139.52,8.22,38.74,27.29,35.64,5.69,1.43,35.53,3.28,3.34,1.28,,1.03,1.62,,44.69,1.14,55.07,,0,16.98,,-0.13,74.39,134.24,27.07,24.31,51.22,66.85,39.2,0.82,23.27,0.44,,,,0.02,0.1,10.0,68.17,2.01,167.79,0.0,0.0,,,,130.0,208.0,14.45,40.2,33.22,41.78,12.35,0.55,6.38,2.42,2.6,,,,,12.0,61.5,0.52,231.0,0.0,0.0,6.0,976.0,,62.0,100.0,4.78,40.0,25.18,38.8,9.52,0.46,43.32,0.92,0.52,,,,,11.2,76.5,0.38,309.0,0.0,0.0,3.0,994.0,,123.0,201.0,12.78,59.38,42.02,36.38,7.5,1.37,63.52,3.88,3.68,,,,,10.9,61.5,1.4,304.5,0.0,0.0,10.0,966.0,,97.25,179.0,7.4,36.08,25.2,25.32,8.52,0.66,24.75,1.58,11.15,,,,,14.25,51.75,2.45,276.0,0.0,0.0,5.0,986.0,,122.0,287.0,15.38,51.95,40.12,32.55,10.18,0.76,9.77,1.25,51.48,,,,,10.6,71.0,10.6,273.5,0.0,0.0,4.75,979.0,,71.25,149.25,11.45,72.15,47.65,28.58,39.8,0.84,13.65,0.12,0.57,,,,,12.72,62.25,2.12,68.75,0.0,0.0,9.0,988.0,,,181.0,102.49,59.8,115.15,58.14,13.8,1.32,12.37,2.62,7.02,5.78,,3.66,2.83,30.1,30.09,,,0.0,0.0,,996.5,,46.63,93.26,7.16,18.43,11.35,48.95,19.19,0.43,89.33,3.89,5.74,5.41,,4.26,6.35,,,5.61,277.9,0.0,0.0,28.7,,
2024-12-14 05:00:00,53.6,120.48,2.46,23.44,14.47,,,1.27,42.58,,,,,,,,,,,,0,,,,53.5,140.1,9.97,43.1,30.97,36.95,5.25,1.52,35.27,2.48,3.54,1.42,,0.97,1.59,,46.46,0.96,60.71,,0,16.9,,-0.12,81.39,140.92,27.14,24.9,52.15,66.04,39.44,0.75,24.26,0.34,,,,0.03,0.11,9.42,70.09,1.3,161.11,0.0,0.0,,,,112.0,195.0,11.62,39.0,30.12,42.02,13.08,0.57,7.2,2.33,2.6,,,,,11.7,64.0,0.65,227.25,0.0,0.0,6.0,976.0,,58.0,100.0,5.65,42.92,27.42,38.17,9.1,0.47,37.52,0.92,0.57,,,,,11.2,77.0,0.4,316.75,0.0,0.0,3.0,994.0,,107.0,189.0,14.98,59.45,43.88,37.3,7.78,1.38,52.72,3.85,3.42,,,,,10.65,62.75,1.48,302.0,0.0,0.0,10.0,966.0,,99.5,176.5,7.7,36.02,25.45,25.08,8.32,0.67,22.28,1.55,9.88,,,,,13.9,53.25,2.12,268.25,0.0,0.0,5.0,986.0,,91.0,261.0,18.1,46.82,39.6,27.3,9.68,0.76,7.15,1.12,47.62,,,,,10.12,73.75,10.65,232.75,0.0,0.0,4.0,981.75,,72.25,150.75,5.7,62.12,37.67,29.7,39.3,0.81,19.5,0.1,0.57,,,,,12.35,64.25,2.15,63.75,0.0,0.0,9.0,988.0,,,198.8,94.84,69.67,114.33,57.33,14.72,1.31,15.48,2.59,6.98,5.76,,3.72,2.94,30.1,30.08,,,0.0,0.0,,996.5,,44.92,89.83,7.05,18.47,16.21,50.46,21.96,0.59,89.17,4.0,5.78,5.44,,4.4,6.06,,,5.81,278.44,0.0,0.0,28.7,,
2024-12-14 06:00:00,53.8,119.93,2.33,27.89,16.73,,,1.3,38.14,,,,,,,,,,,,0,,,,57.7,130.55,9.66,41.96,30.17,36.14,5.16,1.38,35.29,2.37,3.47,1.3,,0.9,1.53,,46.61,1.15,65.39,,0,17.42,,-0.11,69.45,139.54,27.47,24.4,51.85,65.96,39.7,0.72,24.5,0.04,,,,0.04,0.09,8.54,73.19,0.18,163.0,0.0,0.0,,,,114.0,197.0,14.18,48.92,37.58,41.78,12.55,0.6,5.1,2.22,2.42,,,,,11.6,64.0,0.72,242.75,0.0,0.0,6.0,976.0,,57.0,97.0,5.4,41.55,26.5,37.5,8.85,0.6,37.7,1.12,0.52,,,,,10.82,80.0,0.3,240.0,0.0,0.0,3.0,994.0,,96.0,178.0,14.52,66.8,47.18,41.52,7.28,1.46,55.3,4.0,3.6,,,,,10.52,63.0,1.52,310.5,0.0,0.0,10.0,966.0,,97.75,175.25,8.45,35.67,25.85,25.45,7.83,0.72,18.23,1.42,9.4,,,,,13.62,54.5,1.88,275.0,0.0,0.0,5.25,986.0,,92.0,294.0,19.1,47.9,41.02,24.68,9.8,0.78,7.38,1.05,50.22,,,,,9.85,75.0,10.58,244.75,0.0,0.0,4.0,982.75,,70.0,145.25,8.9,64.92,41.75,30.2,38.85,0.86,13.72,0.1,0.5,,,,,11.75,67.0,1.7,65.5,0.0,0.0,8.5,988.0,,,202.12,85.46,89.89,117.44,57.53,14.31,1.39,15.53,2.59,6.96,5.83,,3.72,2.86,30.1,30.08,,,0.0,0.0,,996.5,,42.15,84.31,7.07,17.6,10.98,47.41,24.59,0.51,89.38,3.82,5.73,5.28,,4.16,6.18,,,5.55,282.36,0.0,0.0,28.7,,
2024-12-14 07:00:00,55.09,137.79,3.14,35.68,21.53,,,1.31,31.6,,,,,,,,,,,,0,,,,67.0,122.8,8.69,40.57,28.64,35.53,4.91,1.54,35.15,2.71,3.55,1.42,,0.96,1.61,,46.42,1.16,62.55,,0,27.0,,-0.09,87.08,252.0,25.69,22.68,48.74,66.54,39.58,0.7,23.97,0.28,,,,0.01,0.08,8.68,71.62,1.74,166.74,0.0,0.0,4.07,,,92.0,184.0,18.23,51.78,42.5,41.25,12.38,0.67,6.35,2.38,2.6,,,,,11.48,63.75,0.65,229.0,0.0,0.0,9.75,975.25,,56.0,105.0,5.8,38.35,25.12,41.2,8.78,0.64,36.6,1.42,0.72,,,,,10.95,78.5,0.45,331.0,0.0,0.0,6.5,994.75,,94.0,179.0,19.55,71.75,54.1,44.52,6.78,1.56,41.28,4.2,3.25,,,,,10.38,63.5,1.48,292.75,0.0,0.0,12.0,966.0,,102.5,194.5,8.88,34.8,25.78,25.82,7.22,0.87,17.18,1.62,9.35,,,,,13.8,54.0,2.42,259.0,0.0,0.0,15.0,986.0,,103.0,313.0,20.02,44.32,39.88,24.6,10.05,0.84,8.12,1.23,75.15,,,,,9.77,75.25,10.8,264.33,0.0,0.0,11.5,983.0,,69.0,146.0,12.95,63.12,44.12,30.55,39.15,0.89,15.18,0.1,0.5,,,,,11.9,66.5,2.17,67.5,0.0,0.0,17.25,988.5,,,214.68,71.78,99.76,111.57,54.57,15.01,1.52,21.86,1.65,7.75,1.8,,0.95,0.47,30.1,30.16,,,0.0,0.0,,996.5,,43.32,86.64,7.24,18.34,15.79,49.28,10.68,0.55,89.52,3.92,5.84,5.52,,4.28,6.03,,,5.57,272.32,0.0,0.0,28.7,,
2024-12-14 08:00:00,77.21,165.8,4.16,30.96,19.84,,,1.35,39.33,,,,,,,,,,,,0,,,,74.8,128.08,10.05,43.27,31.18,36.8,3.88,1.56,34.91,2.72,3.69,1.38,,0.97,1.73,,40.72,1.2,56.92,,0,99.5,,0.06,79.92,163.3,25.24,23.6,48.76,67.0,39.35,0.71,23.63,0.36,,,,0.02,0.11,9.97,67.4,2.53,174.35,0.0,0.0,11.44,,,101.0,207.0,16.85,50.6,40.7,41.78,13.17,0.78,7.75,1.92,2.45,,,,,12.08,60.75,0.7,219.0,0.0,0.0,21.25,975.0,,67.0,125.0,6.35,35.78,24.18,40.33,9.6,0.67,53.18,1.7,1.03,,,,,11.85,75.0,0.57,325.0,0.0,0.0,20.0,995.75,,107.0,213.0,22.12,61.28,50.7,44.6,10.7,1.64,37.3,5.05,3.22,,,,,11.5,58.25,1.95,297.25,0.0,0.0,72.0,966.0,,93.75,203.0,10.25,35.28,27.1,25.6,8.28,0.98,17.18,1.65,8.9,,,,,15.02,50.25,2.72,247.75,0.0,0.0,40.75,986.0,,121.0,312.0,11.52,40.42,30.88,26.0,9.7,0.86,13.65,1.45,59.65,,,,,11.08,69.75,10.7,245.75,0.0,0.0,32.25,983.25,,78.0,188.25,6.75,33.95,23.5,28.25,40.3,0.87,47.32,0.12,0.52,,,,,13.58,58.75,2.88,66.0,0.0,0.0,82.0,989.0,,,241.48,65.81,108.29,111.38,53.61,14.56,1.37,22.37,1.68,7.63,1.93,,0.97,0.47,30.1,30.41,,,0.0,0.0,,996.5,,44.76,89.53,7.11,19.57,14.88,50.09,13.73,0.55,89.14,3.88,6.04,5.36,,4.33,6.1,,,5.23,277.94,0.0,0.0,28.7,,
2024-12-14 09:00:00,85.38,172.66,4.54,28.84,19.03,,,1.4,52.07,,,,,,,,,,,,0,,,,52.4,137.32,9.06,38.05,27.61,37.07,5.45,1.24,35.48,2.98,4.03,1.42,,1.0,1.82,,34.29,1.25,42.84,,0,186.08,,0.21,88.55,169.42,26.34,24.67,50.8,66.7,41.5,0.71,24.48,0.21,,,,,0.11,11.91,61.65,2.5,170.7,0.0,0.0,16.24,,,108.0,217.0,18.27,50.2,41.82,41.95,14.05,0.84,6.48,2.42,3.3,,,,,12.92,57.25,0.8,225.5,0.0,0.0,29.75,975.5,,68.0,145.0,5.42,36.45,23.82,45.28,11.57,0.71,80.3,1.92,0.95,,,,,14.98,61.5,0.55,296.5,0.0,0.0,32.25,997.0,,116.0,234.0,25.65,66.28,56.22,43.55,14.75,1.73,56.18,5.05,3.05,,,,,13.25,53.0,2.02,298.25,0.0,0.0,154.25,966.0,,102.0,230.0,10.1,38.05,28.45,25.35,10.5,1.06,26.58,1.58,9.02,,,,,16.85,44.75,3.22,226.5,0.0,0.0,140.25,986.0,,118.0,302.0,7.35,46.2,30.55,35.17,12.1,0.89,25.28,1.65,30.28,,,,,14.38,56.0,11.1,224.0,0.0,0.0,126.0,980.5,,84.0,188.5,8.45,31.22,23.45,26.18,42.62,0.95,62.65,0.2,0.48,,,,,16.0,49.0,3.15,65.5,0.0,0.0,276.0,989.0,,,217.58,54.33,104.6,99.9,50.16,15.85,1.53,32.5,1.69,7.63,1.82,,0.96,0.46,30.1,30.76,,,0.0,0.0,,996.5,,47.06,94.11,6.68,18.48,15.95,50.66,27.08,0.57,88.44,3.74,5.87,5.56,,4.36,6.1,,,4.7,281.91,0.0,0.0,28.7,,
2024-12-14 10:00:00,98.9,220.3,4.51,33.58,21.52,,,1.44,62.35,,,,,,,,,,,,0,,,,75.7,140.8,9.46,41.83,29.95,36.97,4.8,1.37,34.97,3.04,4.6,1.52,,1.08,1.96,,26.29,1.23,80.36,,0,237.32,,0.29,90.16,182.33,26.24,24.56,50.75,66.5,43.65,0.72,26.06,0.06,,,,,0.16,15.15,51.11,2.11,137.18,0.0,0.0,21.39,,,112.0,228.0,16.2,57.2,43.53,40.93,14.13,0.92,6.7,2.73,3.63,,,,,14.23,52.33,0.67,212.0,0.0,0.0,35.33,975.0,,88.0,172.0,4.53,34.7,22.18,43.12,12.02,0.58,109.85,2.1,0.85,,,,,18.18,47.25,0.55,284.25,0.0,0.0,39.0,997.25,,121.0,282.0,21.95,59.12,49.35,35.88,15.75,1.79,73.5,5.55,7.32,,,,,14.68,48.25,2.1,306.75,0.0,0.0,156.5,965.75,,105.25,239.0,8.82,39.35,28.12,25.7,9.7,0.99,41.47,1.6,9.57,,,,,18.6,39.25,3.18,268.75,0.0,0.0,213.75,986.0,,106.0,274.0,4.1,37.05,23.02,38.38,14.65,0.84,48.45,1.58,23.58,,,,,17.5,45.5,11.32,222.5,0.0,0.0,223.0,978.75,,76.75,170.5,7.85,28.28,21.42,26.32,43.12,1.01,82.35,0.2,0.48,,,,,18.45,41.25,2.6,87.75,0.0,0.0,393.0,989.0,,,,,,,,,,,,,,,,,,,,,,0.0,,,,47.39,94.77,7.36,17.85,12.07,50.32,27.06,0.43,89.3,3.97,5.71,5.59,,4.34,6.04,,,4.89,295.43,0.0,0.0,28.7,,
2024-12-14 11:00:00,94.15,203.24,3.6,29.79,15.5,,,1.46,80.26,,,,,,,,,,,,0,,,,51.8,148.6,12.76,48.74,36.3,37.29,3.6,1.23,35.25,3.28,5.58,1.56,,1.17,2.2,,24.47,1.31,83.18,,0,271.38,,0.34,87.38,187.0,26.98,25.06,52.03,66.68,43.6,0.72,26.28,0.14,,,,0.02,0.07,17.63,42.85,3.24,160.16,0.0,0.0,30.98,,,117.0,250.0,15.68,47.62,38.08,40.75,15.45,0.74,10.38,3.05,3.78,,,,,15.77,47.0,0.82,225.0,0.0,0.0,42.25,975.0,,69.0,141.0,3.75,36.52,22.45,40.28,12.9,0.51,138.15,1.2,0.55,,,,,20.98,38.25,0.7,259.0,0.0,0.0,72.0,997.25,,107.0,251.0,21.7,58.38,48.9,33.42,13.42,1.68,83.98,5.15,6.38,,,,,15.92,45.75,3.0,311.0,0.0,0.0,304.25,965.75,,88.25,212.0,7.05,39.7,26.85,25.5,9.12,0.9,56.42,1.8,10.9,,,,,19.73,37.0,3.55,292.5,0.0,0.0,264.0,986.0,,100.0,252.0,0.97,26.55,14.68,35.7,14.35,0.84,75.4,1.18,14.22,,,,,18.73,43.0,11.9,228.0,0.0,0.0,273.0,977.75,,74.75,166.0,6.62,23.22,17.75,25.48,43.3,0.99,110.22,0.2,0.5,,,,,20.18,36.75,3.08,91.5,0.0,0.0,283.0,989.0,,,,,,,,,,,,,,,,,,,,,,0.0,,,,49.89,99.78,6.94,17.81,8.9,50.62,4.85,0.36,82.53,3.92,5.84,5.52,,4.24,6.18,,,5.42,296.05,0.0,0.0,28.7,,
2024-12-14 12:00:00,96.13,197.63,3.05,20.84,13.58,,,1.25,92.06,,,,,,,,,,,,0,,,,62.5,153.8,10.6,39.61,29.69,37.78,5.35,0.9,35.6,3.02,5.77,1.48,,1.1,1.81,,21.73,1.34,86.74,,0,259.27,,0.31,80.3,176.58,27.37,25.14,52.34,66.31,43.66,0.7,26.98,0.27,,,,0.04,0.08,19.26,38.42,3.64,151.35,0.0,0.0,42.65,,,111.0,232.0,14.12,53.7,40.25,41.8,17.23,0.56,13.0,2.85,3.08,,,,,17.05,42.25,0.78,227.0,0.0,0.0,46.25,975.0,,60.75,124.5,3.2,41.68,24.78,39.48,12.8,0.52,152.45,1.02,0.52,,,,,22.12,35.0,0.8,260.5,0.0,0.0,92.0,996.5,,92.0,222.0,19.08,61.38,48.28,34.5,14.95,1.53,104.25,4.53,4.9,,,,,17.08,43.0,2.98,313.5,0.0,0.0,330.75,965.5,,87.75,209.5,6.18,38.58,25.52,25.42,10.17,0.84,62.38,1.82,12.38,,,,,20.72,36.0,3.22,293.0,0.0,0.0,277.75,986.0,,86.0,226.0,0.57,27.92,15.15,35.48,13.48,0.79,71.1,1.0,8.3,,,,,19.45,41.75,11.85,225.75,0.0,0.0,252.25,976.75,,69.75,163.75,5.3,22.22,16.12,24.5,45.8,0.96,137.3,0.2,0.85,,,,,20.85,35.25,3.3,82.75,0.0,0.0,87.0,988.75,,,,,,,,,,,,,,,,,,,,,,0.0,,,,46.22,92.45,6.91,17.88,12.99,49.08,32.32,0.47,61.2,3.87,5.84,5.48,,4.43,5.96,,,5.35,309.57,0.0,0.0,28.7,,
2024-12-14 13:00:00,79.32,162.12,2.57,14.4,9.75,,,1.15,96.35,,,,,,,,,,,,0,,,,45.4,154.55,8.2,37.22,26.47,35.64,3.78,0.82,35.03,,,,,,,,18.38,1.28,78.71,,0,167.05,,0.14,67.07,161.8,26.97,26.58,53.65,65.32,43.97,0.66,28.26,0.35,,,,0.02,0.09,20.91,36.34,3.74,168.99,0.0,0.0,268.25,,,102.0,211.0,13.05,51.55,38.05,41.35,17.88,0.42,13.72,2.42,2.62,,,,,18.27,38.5,0.78,218.0,0.0,0.0,248.25,975.0,,58.0,119.0,4.05,42.5,25.85,38.62,13.68,0.55,165.42,1.0,0.42,,,,,21.92,34.25,0.78,258.25,0.0,0.0,49.0,995.75,,91.0,208.0,18.38,55.6,44.42,32.22,14.32,1.45,119.92,4.0,8.7,,,,,18.45,40.25,2.58,309.25,0.0,0.0,274.25,965.25,,79.0,195.25,5.08,37.9,24.28,25.08,16.15,0.72,66.28,1.8,14.62,,,,,21.3,34.0,3.4,283.0,0.0,0.0,256.0,985.25,,81.0,276.0,0.3,22.82,11.95,23.48,12.28,0.68,71.92,0.88,12.42,,,,,20.02,38.25,11.9,224.75,0.0,0.0,268.25,981.0,,73.25,170.5,3.82,20.9,14.22,24.55,43.38,0.95,151.65,0.18,1.48,,,,,20.88,34.75,3.38,80.25,0.0,0.0,104.5,988.0,,,,,,,,,,,,,,,,,,,,,,0.0,,,,42.18,84.36,7.05,18.53,14.89,49.64,18.67,0.51,41.67,3.8,5.73,5.58,,4.28,5.91,,,6.05,308.79,0.0,0.0,28.7,,
2024-12-14 14:00:00,52.82,115.67,2.44,14.51,9.7,,,1.14,104.66,,,,,,,,,,,,0,,,,43.3,145.18,9.12,38.45,27.87,35.6,3.39,0.86,34.66,,,,,,,,18.01,1.46,81.76,,0,69.3,,-0.04,72.34,152.94,25.74,26.77,52.42,65.24,43.85,0.63,27.96,0.26,,,,0.03,0.08,21.04,35.66,3.13,158.06,0.0,0.0,89.72,,,73.0,183.0,13.98,43.48,34.55,41.2,16.07,0.62,17.77,2.5,2.42,,,,,19.38,36.0,0.85,199.5,0.0,0.0,56.0,975.0,,56.5,109.25,3.75,39.8,24.22,39.62,11.72,0.67,174.48,0.92,0.35,,,,,21.8,33.75,0.72,259.75,0.0,0.0,55.25,995.0,,72.0,185.0,16.27,64.22,47.38,39.42,17.1,1.4,130.4,3.32,7.5,,,,,18.32,40.0,2.75,307.0,0.0,0.0,247.5,965.0,,66.5,174.75,5.32,36.58,23.8,25.32,18.02,0.72,67.55,1.7,16.65,,,,,21.32,34.0,3.25,284.5,0.0,0.0,202.75,984.75,,56.0,199.0,0.65,22.28,12.38,21.9,11.12,0.64,72.82,0.75,8.62,,,,,20.4,37.5,10.58,223.0,0.0,0.0,221.5,982.0,,76.5,167.75,4.95,25.08,17.32,25.48,47.08,0.96,155.78,0.12,1.5,,,,,21.18,34.75,3.0,85.75,0.0,0.0,228.75,988.0,,,,,,,,,,,,,,,,,,,,,,0.0,,,,39.36,78.72,7.25,18.22,15.46,51.8,16.98,0.53,35.04,3.9,5.78,5.7,,4.29,6.12,,,5.93,307.9,0.0,0.0,28.7,,
2024-12-14 15:00:00,57.54,107.66,2.37,14.24,9.5,,,1.14,112.86,,,,,,,,,,,,0,,,,36.3,138.1,10.25,41.3,30.28,36.92,2.98,1.08,35.35,,,,,,,,17.38,1.34,80.0,,0,56.0,,-0.06,69.97,157.94,26.94,28.0,54.88,65.2,43.76,0.62,27.56,0.16,,,,0.02,0.2,21.1,34.84,2.67,154.0,0.0,0.0,42.7,,,70.0,172.0,12.95,49.82,37.12,41.12,14.78,0.73,14.9,2.2,1.92,,,,,18.45,37.75,0.72,212.0,0.0,0.0,38.25,975.0,,56.75,103.0,3.68,40.52,24.52,37.1,20.13,0.61,172.32,1.0,0.48,,,,,21.78,34.25,0.62,288.75,0.0,0.0,33.5,994.0,,73.0,183.0,16.92,69.18,50.38,42.55,18.35,1.41,132.8,3.18,6.85,,,,,17.7,41.0,2.6,318.0,0.0,0.0,121.0,965.0,,74.25,174.75,6.2,34.7,23.48,25.05,15.65,0.87,71.18,1.68,18.82,,,,,21.1,34.0,2.62,279.5,0.0,0.0,129.0,982.75,,52.0,196.0,0.63,22.6,12.38,22.32,10.5,0.6,78.25,0.65,9.72,,,,,20.38,37.25,3.48,227.5,0.0,0.0,138.0,982.0,,77.0,172.75,6.15,22.15,16.75,24.95,43.58,0.85,153.32,0.15,1.48,,,,,21.32,34.0,2.52,80.75,0.0,0.0,120.75,988.0,,,,,,,,,,,,,,,,,,,,,,0.0,,,,38.11,76.21,6.83,17.48,15.0,46.49,,0.59,48.24,3.97,5.78,5.5,,4.32,6.02,,,5.66,299.14,0.0,0.0,28.7,,
2024-12-14 16:00:00,40.85,99.52,2.24,21.62,13.32,,,1.17,105.14,,,,,,,,,,,,0,,,,51.1,129.93,10.5,41.64,30.68,36.18,2.71,1.1,35.28,,,,,,,,20.37,1.09,91.14,,0,31.32,,-0.11,63.0,156.03,27.08,28.3,55.4,65.11,43.86,0.62,27.18,0.42,,,,0.03,0.12,20.27,37.17,1.53,150.97,0.0,0.0,24.32,,,74.0,177.0,13.18,58.32,41.88,41.22,13.28,0.9,13.58,2.78,2.3,,,,,18.1,38.5,0.65,197.0,0.0,0.0,26.0,975.0,,60.75,117.75,4.32,45.6,27.75,37.02,26.18,0.66,138.57,1.0,0.5,,,,,21.02,37.75,0.55,297.0,0.0,0.0,28.0,994.0,,67.0,164.0,16.6,83.3,57.88,39.75,12.45,1.52,110.95,2.95,4.68,,,,,16.75,42.75,1.85,318.25,0.0,0.0,31.5,965.0,,75.0,179.0,7.65,45.7,30.5,24.45,15.7,0.98,64.45,1.88,21.12,,,,,20.3,40.0,2.1,318.0,0.0,0.0,36.67,984.67,,47.0,196.0,1.02,27.62,15.55,23.65,11.18,0.62,67.58,0.6,7.82,,,,,19.38,40.5,3.38,228.25,0.0,0.0,43.25,982.0,,70.25,166.0,4.78,25.12,17.27,25.72,41.0,0.85,140.7,0.15,1.48,,,,,20.23,37.0,1.92,73.0,0.0,0.0,51.25,988.0,,,,,,,,,,,,,,,,,,,,,,0.0,,,,36.18,72.35,7.35,18.25,15.68,46.75,,0.58,35.26,3.98,5.81,5.54,,4.42,6.12,,,6.84,298.56,0.0,0.0,28.7,,
2024-12-14 17:00:00,42.59,109.7,2.56,40.1,23.41,,,1.3,81.82,,,,,,,,,,,,0,,,,53.4,128.9,11.77,43.39,32.55,36.45,3.09,1.31,34.72,,,,,,,,28.23,0.9,100.41,,0,17.23,,-0.12,53.56,165.0,26.59,25.44,52.38,66.2,44.09,0.72,26.76,0.22,,,,0.04,0.08,17.78,48.22,0.78,143.58,0.0,0.0,3.7,,,93.0,219.0,20.18,89.82,64.08,41.48,14.25,1.51,10.75,2.82,2.75,,,,,17.0,42.5,0.25,192.5,0.0,0.0,11.0,975.0,,65.75,134.25,4.6,46.0,28.22,37.35,21.5,0.66,113.42,1.23,0.65,,,,,18.88,45.5,0.42,302.25,0.0,0.0,7.0,994.5,,68.0,168.0,35.08,141.85,103.8,40.17,14.12,2.26,54.08,3.2,4.23,,,,,15.52,46.75,1.15,318.75,0.0,0.0,11.5,965.0,,81.75,199.0,7.32,43.78,29.22,25.2,16.23,1.42,28.82,1.92,23.08,,,,,18.82,39.25,1.58,333.75,0.0,0.0,8.0,986.0,,66.0,260.0,2.0,49.68,28.08,34.1,12.88,1.01,45.45,0.75,14.2,,,,,17.05,47.75,3.25,220.75,0.0,0.0,13.0,978.75,,64.25,145.0,4.62,37.85,23.9,28.05,40.38,0.88,80.1,0.15,1.48,,,,,17.0,51.5,1.05,61.75,0.0,0.0,18.0,988.0,,,,,,,,,,,,,,,,,,,,,,0.0,,,,34.4,68.79,7.05,18.19,14.1,49.56,,0.59,50.81,3.86,5.8,5.4,,4.3,6.09,,,6.94,299.42,0.0,0.0,28.7,,
2024-12-14 18:00:00,64.98,152.8,6.5,86.84,51.45,,,1.64,41.98,,,,,,,,,,,,0,,,,93.0,154.32,9.57,40.52,29.33,36.51,2.86,1.82,35.25,,,,,,,,37.47,0.7,58.98,,0,15.6,,-0.12,102.5,516.19,26.42,21.01,47.86,67.92,44.16,1.0,26.61,0.32,,,,0.06,0.22,14.58,62.33,0.14,167.56,0.0,0.0,,,,196.0,395.0,71.65,123.05,123.98,39.3,16.38,3.09,6.52,3.35,4.55,,,,,15.28,50.0,0.22,172.75,0.0,0.0,6.5,975.0,,61.0,157.5,4.92,45.15,28.0,32.75,16.35,0.58,95.35,1.48,0.92,,,,,16.18,56.25,0.4,319.75,0.0,0.0,3.0,995.0,,90.0,228.0,79.7,162.12,151.15,33.3,15.18,3.13,22.6,4.8,5.22,,,,,13.98,52.5,0.78,321.25,0.0,0.0,10.0,966.0,,111.5,258.25,8.35,47.62,32.08,25.08,11.17,1.93,9.88,2.78,34.17,,,,,17.3,44.75,0.75,281.67,0.0,0.0,5.0,987.0,,125.0,506.0,2.6,57.8,32.88,36.28,13.2,1.19,30.42,1.18,27.85,,,,,15.78,50.75,3.3,215.5,0.0,0.0,8.0,978.0,,61.5,139.0,5.4,52.22,32.17,28.8,39.15,0.93,35.3,0.2,1.32,,,,,14.02,64.75,0.62,91.75,0.0,0.0,8.75,988.5,,,,,,,,,,,,,,,,,,,,,,0.0,,,,39.42,80.52,7.15,18.88,15.02,50.75,,0.61,87.32,3.9,5.93,5.52,,4.45,6.27,,,8.54,294.27,0.0,0.0,28.7,,
2024-12-14 19:00:00,108.1,232.99,101.96,147.64,161.26,,,2.62,27.0,,,,,,,,,,,,0,,,,69.9,167.48,12.5,46.07,34.66,36.02,4.88,2.14,35.28,,,,,,,,52.5,0.43,337.07,,0,16.52,,-0.11,141.62,537.9,26.54,16.32,43.13,70.0,44.78,1.43,26.38,0.78,,,,0.02,0.19,13.2,67.08,0.16,167.47,0.0,0.0,,,,283.0,532.0,153.07,126.25,191.68,39.1,20.65,4.26,6.3,4.53,8.3,,,,,14.3,56.25,0.28,158.5,0.0,0.0,6.5,975.0,,60.5,136.25,4.75,50.88,30.92,39.08,15.3,0.66,77.45,1.2,1.05,,,,,15.05,59.75,0.62,223.5,0.0,0.0,3.0,996.0,,136.0,311.0,109.82,160.8,174.75,37.38,18.3,3.86,30.72,6.65,6.88,,,,,13.32,55.0,0.7,322.75,0.0,0.0,10.0,966.0,,157.5,332.0,11.95,49.12,35.85,25.05,9.55,3.06,1.95,3.7,51.28,,,,,15.35,52.25,0.3,200.25,0.0,0.0,5.0,987.5,,189.0,495.0,18.4,84.18,59.72,37.08,17.75,1.62,11.4,1.55,111.12,,,,,14.9,52.5,3.28,207.0,0.0,0.0,8.0,978.0,,62.5,131.5,12.52,68.8,46.78,29.65,38.83,1.18,7.4,0.1,1.25,,,,,12.62,72.75,0.7,71.0,0.0,0.0,9.0,989.0,,,,,,,,,,,,,,,,,,,,,,0.0,,,,42.8,87.26,7.28,18.63,15.26,50.25,6.89,0.6,89.29,3.88,5.8,5.62,,4.35,6.21,,,7.25,283.22,0.0,0.0,28.7,,
2024-12-14 20:00:00,158.83,335.67,261.46,166.63,301.12,,,3.82,34.57,,,,,,,,,,,,0,,,,104.0,184.02,10.96,39.85,30.11,37.94,5.11,2.47,34.76,,,,,,,,44.15,0.81,62.0,,0,18.6,,-0.1,151.55,499.84,26.02,12.52,38.93,71.5,45.48,1.8,26.6,0.2,,,,0.06,0.13,12.16,70.38,,167.65,0.0,0.0,,,,264.0,520.0,114.65,115.2,154.6,39.67,18.47,3.24,7.5,5.92,9.95,,,,,14.0,57.75,0.32,151.5,0.0,0.0,6.75,975.0,,76.0,142.0,6.45,55.25,34.47,35.25,14.52,0.72,51.4,1.12,1.18,,,,,14.15,64.5,0.48,234.5,0.0,0.0,3.0,996.0,,179.0,362.0,136.05,144.55,187.6,40.9,43.9,4.35,33.4,9.45,8.65,,,,,13.05,55.75,0.72,322.25,0.0,0.0,10.0,966.0,,207.25,391.75,32.72,49.75,53.02,24.7,8.57,3.16,1.02,4.78,66.85,,,,,15.18,53.0,0.55,255.0,0.0,0.0,5.0,988.0,,248.0,659.0,89.78,90.28,121.0,40.85,20.8,2.25,4.3,2.85,214.78,,,,,13.9,58.0,3.2,197.75,0.0,0.0,8.0,978.25,,83.25,156.75,27.02,81.53,65.32,29.82,38.8,1.4,4.22,0.2,1.25,,,,,12.18,74.0,0.82,42.0,0.0,0.0,9.0,989.0,,,,,,,,,,,,,,,,,,,,,,0.0,,,,47.7,95.41,7.2,17.96,15.19,48.93,8.41,0.64,88.51,3.94,5.96,5.46,,4.34,6.04,,,7.08,277.32,0.0,0.0,28.7,,
2024-12-14 21:00:00,246.2,439.75,278.31,157.98,310.32,,,4.17,36.14,,,,,,,,,,,,0,,,,100.7,192.85,11.59,44.64,32.9,36.47,6.3,2.44,34.22,,,,,,,,49.49,0.47,58.22,,0,16.9,,-0.1,160.84,398.76,25.1,8.59,33.63,71.76,46.2,2.19,27.62,0.1,,,,0.02,0.08,11.15,73.19,,167.83,0.0,0.0,,,,274.0,493.0,115.58,107.7,151.18,40.65,18.3,2.58,6.65,6.08,9.5,,,,,13.95,56.75,0.25,181.25,0.0,0.0,6.25,975.25,,87.0,141.0,7.25,62.48,39.12,34.8,11.5,0.93,29.38,1.42,1.55,,,,,13.3,70.75,0.3,312.75,0.0,0.0,3.0,996.0,,194.0,384.0,137.52,136.98,184.92,43.0,35.55,4.6,28.35,9.83,8.55,,,,,12.42,58.25,0.6,323.0,0.0,0.0,10.0,966.0,,193.5,360.0,42.72,50.35,61.52,24.68,10.92,2.63,0.78,5.75,69.0,,,,,14.95,52.75,0.4,335.0,0.0,0.0,5.0,988.0,,274.0,,91.0,76.03,114.38,34.58,18.3,2.58,4.92,3.42,320.98,,,,,13.2,62.0,3.28,228.75,0.0,0.0,8.0,981.0,,106.5,183.25,39.92,83.78,77.0,33.3,38.3,1.76,5.1,0.2,1.12,,,,,11.78,75.75,0.82,52.0,0.0,0.0,9.0,989.0,,,,,,,,,,,,,,,,,,,,,,0.0,,,,49.64,99.28,6.82,17.18,15.5,48.84,12.79,0.61,88.18,3.84,5.81,5.48,,4.28,6.08,,,6.22,280.0,0.0,0.0,28.7,,
2024-12-14 22:00:00,257.82,451.18,212.53,136.49,245.45,,,4.08,30.24,,,,,,,,,,,,0,,,,91.1,199.82,12.74,44.66,34.11,37.24,7.44,2.38,34.6,,,,,,,,53.41,0.56,101.28,,0,16.88,,-0.1,162.75,334.39,22.66,7.12,30.36,73.08,46.52,2.35,27.19,0.26,,,,0.01,0.09,10.65,74.19,,168.02,0.0,0.0,,,,301.0,521.0,114.82,108.55,151.38,39.75,20.55,2.2,8.88,4.88,8.22,,,,,13.88,56.0,0.3,196.5,0.0,0.0,6.0,975.5,,101.75,157.75,8.22,67.1,42.38,48.95,10.35,1.04,18.15,1.5,1.52,,,,,13.0,72.75,0.3,263.25,0.0,0.0,3.0,996.0,,202.0,389.0,118.85,126.6,164.02,51.05,27.42,4.18,25.68,9.68,8.1,,,,,12.28,59.25,0.88,322.75,0.0,0.0,10.0,966.0,,184.75,330.5,44.32,48.58,61.88,24.52,13.1,2.88,0.75,5.7,65.97,,,,,14.08,56.75,0.32,253.33,0.0,0.0,5.0,988.0,,326.0,,105.62,76.55,126.58,32.38,17.68,2.51,4.9,3.68,283.55,,,,,12.9,64.0,3.22,194.5,0.0,0.0,8.0,982.0,,162.25,228.0,47.8,84.72,83.92,34.3,38.6,1.85,4.62,0.2,1.2,,,,,11.52,77.25,0.9,37.5,0.0,0.0,9.0,989.0,,,,,,,,,,,,,,,,,,,,,,0.0,,,,48.28,96.56,7.27,18.06,16.0,47.93,16.36,0.54,88.88,3.9,5.64,5.72,,4.24,6.16,,,6.47,300.2,0.0,0.0,28.7,,
2024-12-14 23:00:00,277.27,438.52,187.33,129.12,220.98,,,3.91,25.71,,,,,,,,,,,,0,,,,114.7,202.2,11.54,42.59,32.11,35.58,9.32,2.21,34.72,18.0,53.02,11.12,,6.77,18.26,,53.72,0.5,75.09,,0,17.1,,-0.11,161.05,269.39,24.18,6.71,28.47,74.34,46.57,2.42,26.82,0.21,,,,0.08,0.04,10.58,73.78,0.22,167.93,0.0,0.0,,,,261.0,458.0,80.82,105.52,121.65,40.9,19.35,1.57,7.1,4.53,8.18,,,,,13.52,57.0,0.28,199.25,0.0,0.0,6.0,975.0,,120.25,236.75,8.85,73.0,46.02,49.1,9.4,1.16,15.0,2.33,2.35,,,,,12.58,75.0,0.3,244.5,0.0,0.0,3.0,996.0,,210.0,361.0,107.4,131.32,157.52,55.58,21.8,3.36,27.32,9.38,7.78,,,,,12.05,59.5,0.82,321.25,0.0,0.0,10.0,966.0,,206.5,353.5,49.08,46.88,64.85,24.38,16.35,2.38,0.73,5.6,62.0,,,,,14.42,55.0,0.57,303.25,0.0,0.0,5.0,988.0,,344.0,,128.43,68.2,140.7,33.45,16.82,1.88,4.5,3.9,333.78,,,,,12.35,67.5,3.22,215.5,0.0,0.0,8.0,982.0,,170.0,236.5,62.55,83.75,95.4,36.28,39.55,2.12,5.48,0.25,1.18,,,,,11.55,78.0,1.02,43.25,0.0,0.0,9.0,989.0,,,,,,,,,,,,,,,,,,,,,,0.0,,,,47.92,95.84,7.48,18.51,15.97,44.99,16.03,0.51,89.79,3.79,5.87,5.47,,4.12,6.03,,,5.55,305.13,0.0,0.0,28.7,,
2024-12-15 00:00:00,250.43,410.57,145.08,119.17,181.38,,,3.46,20.8,,,,,,,,,,,,0,,,,96.9,208.43,12.93,44.19,34.02,37.25,9.68,1.76,34.7,,,,,,,,50.21,0.76,89.35,,0,17.6,,-0.12,174.03,275.09,24.38,6.0,30.59,73.53,46.67,2.43,26.7,0.3,,,,0.02,0.12,10.05,76.08,,167.96,0.0,0.0,,,,222.0,377.0,74.0,94.62,110.45,41.55,15.7,1.01,6.22,4.3,7.28,,,,,13.05,58.75,0.2,174.0,0.0,0.0,6.75,975.0,,124.25,219.75,12.98,76.2,51.12,46.3,10.32,1.04,10.0,2.33,2.25,,,,,12.28,76.75,0.2,205.75,0.0,0.0,3.0,995.5,,184.0,311.0,71.1,123.08,123.4,57.95,23.02,2.67,23.42,8.35,6.78,,,,,11.78,60.25,0.85,320.5,0.0,0.0,10.0,966.0,,199.75,334.75,47.58,44.4,62.3,24.95,16.2,1.96,0.65,5.22,54.65,,,,,14.38,54.75,0.62,303.0,0.0,0.0,5.0,988.0,,296.0,726.0,91.92,69.85,111.88,31.28,11.57,1.35,4.28,3.38,237.32,,,,,12.32,66.25,3.22,208.0,0.0,0.0,8.0,982.0,,253.25,312.25,57.3,74.32,86.12,33.2,39.2,2.12,4.0,0.28,1.2,,,,,11.38,79.25,0.92,51.5,0.0,0.0,9.0,989.0,,,,,,,,,,,,,,,,,,,,,,0.0,,,,49.04,98.07,7.13,18.32,14.85,49.52,18.68,0.56,89.59,3.96,5.82,5.37,,4.2,6.22,,,7.62,289.07,0.0,0.0,28.7,,
2024-12-15 01:00:00,216.38,377.17,130.5,111.92,165.66,,,3.1,18.17,,,,,,,,,,,,0,,,,67.1,208.32,13.05,42.32,33.12,38.19,10.36,1.38,34.86,,,,,,,,47.82,0.75,82.25,,0,17.62,,-0.12,175.18,266.4,24.52,4.69,29.15,76.19,46.42,2.42,26.1,0.44,,,,0.04,0.08,9.6,77.1,0.15,167.92,0.0,0.0,,,,202.0,340.0,64.5,93.98,102.35,41.38,14.58,0.64,6.2,4.0,7.1,,,,,12.85,60.0,0.28,183.0,0.0,0.0,6.5,975.0,,127.75,184.25,12.58,74.62,49.88,50.12,10.05,0.97,10.2,2.22,2.15,,,,,12.18,77.0,0.25,245.0,0.0,0.0,3.0,995.0,,171.0,266.0,36.4,116.3,91.15,58.7,17.25,2.09,10.3,7.25,5.85,,,,,11.48,61.0,0.85,321.0,0.0,0.0,10.0,966.0,,186.25,318.25,42.82,43.5,57.95,24.9,12.15,1.47,1.2,4.68,47.32,,,,,14.6,53.5,0.8,332.33,0.0,0.0,5.0,988.0,,240.0,654.0,132.82,70.05,145.27,39.95,10.62,1.2,4.4,2.45,169.45,,,,,11.78,70.0,3.2,189.0,0.0,0.0,8.0,979.75,,197.25,269.0,57.68,70.08,84.15,31.72,39.22,1.89,3.8,0.3,1.2,,,,,11.42,79.75,1.0,42.25,0.0,0.0,8.5,989.0,,,,,,,,,,,,,,,,,,,,,,0.0,,,,47.7,95.4,6.95,18.33,14.84,49.25,29.01,0.62,88.6,3.88,5.83,5.41,,4.21,6.2,,,6.95,297.9,0.0,0.0,28.7,,
2024-12-15 02:00:00,186.12,349.22,107.96,98.68,140.28,,,2.73,16.22,,,,,,,,,,,,0,,,,78.5,205.4,11.83,41.18,31.52,36.77,10.8,0.68,34.7,,18.78,3.4,,2.34,4.66,,46.94,0.78,63.04,,0,18.0,,-0.13,177.44,271.3,23.92,8.49,31.53,75.28,46.31,2.33,25.99,0.3,,,,0.03,0.17,9.12,78.18,0.12,168.0,0.0,0.0,,,,181.0,312.0,44.2,91.1,84.4,42.3,,,14.3,3.27,5.07,,,,,12.73,60.0,0.37,225.67,0.0,0.0,6.0,975.0,,121.5,170.25,14.8,68.4,48.4,51.5,9.8,0.86,9.3,2.02,2.1,,,,,12.0,77.75,0.3,287.5,0.0,0.0,3.0,995.0,,160.0,238.0,38.8,112.6,91.7,54.6,,1.99,40.17,6.52,4.7,,,,,11.4,61.0,0.88,319.75,0.0,0.0,10.0,966.0,,165.0,281.5,35.15,42.7,51.3,25.25,8.28,1.21,1.32,4.25,41.35,,,,,14.08,55.25,0.7,297.75,0.0,0.0,5.0,988.0,,238.0,599.0,127.0,62.5,136.7,46.7,9.7,1.12,4.3,2.75,134.4,,,,,11.48,72.0,3.25,202.75,0.0,0.0,8.0,978.0,,152.5,231.0,62.6,75.1,90.8,31.1,39.2,1.65,4.03,0.28,1.23,,,,,11.22,80.25,1.2,65.0,0.0,0.0,9.0,989.0,,,,,,,,,,,,,,,,,,,,,,0.0,,,,47.43,94.87,7.11,18.16,11.62,49.45,28.69,0.45,89.05,3.88,5.91,5.52,,4.24,6.13,,,5.98,302.82,0.0,0.0,28.7,,
2024-12-15 03:00:00,175.14,293.02,75.66,89.91,109.38,,,2.31,13.39,,,,,,,,,,,,0,,,,61.2,205.25,10.94,36.9,28.52,37.23,9.97,1.25,33.99,6.45,13.81,2.66,,2.04,3.8,,49.98,0.56,197.67,,0,16.3,,-0.13,175.75,274.47,23.55,8.48,31.78,75.66,46.14,2.18,25.91,0.24,,,,0.06,0.06,8.87,78.85,,167.93,0.0,0.0,,,,211.0,335.0,32.95,82.32,70.4,41.1,11.92,0.32,5.78,3.0,4.2,,,,,12.62,59.75,0.4,231.5,0.0,0.0,6.0,975.0,,115.25,162.0,13.2,66.35,46.03,60.58,11.6,0.88,9.6,1.65,1.68,,,,,11.72,77.5,0.3,270.0,0.0,0.0,3.0,995.0,,223.0,299.0,20.23,84.1,61.05,38.92,14.85,1.84,44.25,5.95,3.8,,,,,11.4,60.25,1.18,309.5,0.0,0.0,10.0,966.0,,163.5,258.25,23.72,41.82,41.52,25.0,7.55,1.04,2.0,3.72,36.22,,,,,14.0,55.25,0.78,276.0,0.0,0.0,5.0,988.0,,252.0,552.0,68.15,63.6,89.12,33.15,8.18,0.73,4.42,2.4,120.7,,,,,11.78,67.0,3.28,206.75,0.0,0.0,8.0,978.5,,142.5,224.5,54.9,87.78,91.35,27.58,40.83,1.4,4.1,0.22,1.2,,,,,11.62,75.5,1.75,74.5,0.0,0.0,9.0,989.0,,,,,,,,,,,,,,,,,,,,,,0.0,,,,47.9,95.79,7.12,17.87,13.56,48.38,2.7,0.55,89.16,4.04,5.88,5.58,,4.15,5.94,,,9.43,303.72,0.0,0.0,28.7,,
2024-12-15 04:00:00,165.52,245.13,50.57,81.1,84.27,,,2.02,12.8,,,,,,,,,,,,0,,,,91.8,190.2,13.55,42.1,33.41,37.09,9.62,1.02,34.7,5.93,12.54,2.73,,1.95,3.5,,56.05,0.47,92.56,,0,16.05,,-0.12,169.58,250.94,24.71,11.86,36.06,74.12,45.94,2.0,26.03,0.29,,,,0.01,0.07,8.38,79.53,0.11,168.02,0.0,0.0,,,,165.0,260.0,26.05,71.92,59.28,41.55,14.12,0.36,5.32,3.25,4.12,,,,,12.35,61.0,0.38,225.5,0.0,0.0,6.0,975.75,,116.25,160.0,14.22,65.8,46.52,42.68,11.0,0.77,9.02,1.42,1.52,,,,,11.22,81.75,0.3,245.75,0.0,0.0,3.0,995.0,,172.0,238.0,21.25,82.25,60.9,36.1,13.8,1.74,42.08,5.35,3.32,,,,,10.9,62.25,0.85,313.5,0.0,0.0,10.0,966.0,,172.5,257.75,15.75,40.05,34.08,25.48,4.28,1.0,2.22,3.5,29.9,,,,,12.6,62.5,0.3,223.0,0.0,0.0,5.0,988.0,,204.0,434.0,123.78,62.25,133.75,34.3,9.05,0.8,4.28,2.17,103.32,,,,,10.88,72.25,3.2,215.33,0.0,0.0,8.25,979.25,,138.75,228.5,50.22,77.4,82.02,30.95,39.55,1.3,3.9,0.2,1.1,,,,,11.0,78.25,0.8,86.75,0.0,0.0,9.0,989.0,,,,,,,,,,,,,,,,,,,,,,0.0,,,,,,,,,,,,,,,,,,,,,,,,0.0,,,
2024-12-15 05:00:00,142.26,208.94,49.19,71.15,77.82,,,1.9,13.69,,,,,,,,,,,,0,,,,82.7,176.7,10.98,33.4,26.7,38.25,10.06,0.87,35.07,5.4,9.82,2.3,,1.82,3.18,,58.54,0.37,56.71,,0,16.5,,-0.12,160.17,235.92,24.76,13.15,38.3,70.23,45.86,1.78,27.01,0.42,,,,0.04,0.05,7.94,80.44,0.06,167.92,0.0,0.0,,,,191.0,290.0,36.92,77.0,71.08,41.68,14.08,0.42,5.3,3.02,6.15,,,,,12.1,62.25,0.38,240.0,0.0,0.0,6.0,975.75,,113.25,154.0,39.22,54.2,60.82,36.67,11.02,0.8,9.45,1.42,1.3,,,,,10.85,82.0,0.3,239.75,0.0,0.0,3.0,995.25,,153.0,226.0,19.52,77.95,57.22,37.55,13.62,1.69,39.98,4.78,3.08,,,,,10.68,63.0,0.72,317.5,0.0,0.0,10.0,966.0,,177.5,254.0,12.42,36.48,29.5,25.22,2.85,0.94,2.72,3.22,25.12,,,,,12.28,63.5,0.35,256.0,0.0,0.0,5.0,988.0,,216.0,466.0,79.38,51.05,91.62,30.32,8.32,1.05,4.38,2.02,121.55,,,,,10.15,75.25,3.2,276.0,0.0,0.0,8.0,981.5,,138.75,209.0,39.88,65.25,67.12,30.5,38.05,1.19,4.1,0.25,1.0,,,,,10.12,83.5,0.68,141.25,0.0,0.0,9.0,989.0,,,,,,,,,,,,,,,,,,,,,,0.0,,,,,,,,,,,,,,,,,,,,,,,,0.0,,,
2024-12-15 06:00:00,121.22,197.68,71.87,70.35,95.84,,,1.89,14.56,,,,,,,,,,,,0,,,,95.4,162.7,11.64,39.6,30.52,36.64,9.84,1.6,35.43,4.86,8.12,2.11,,1.62,2.76,,51.86,0.73,79.54,,0,18.27,,-0.11,151.05,232.8,23.28,15.26,37.9,69.64,45.9,1.62,27.44,0.44,,,,0.02,0.16,7.59,81.92,,167.85,0.0,0.0,,,,164.0,266.0,46.48,79.5,79.9,41.62,14.82,0.62,5.65,2.95,4.12,,,,,11.75,63.75,0.25,197.5,0.0,0.0,6.25,975.75,,96.25,147.5,32.4,55.55,55.9,39.85,10.85,0.93,9.0,1.5,1.45,,,,,10.52,81.75,0.28,222.75,0.0,0.0,3.0,996.0,,139.0,212.0,38.17,84.92,75.82,43.32,11.82,1.77,34.33,4.62,3.0,,,,,10.35,64.75,0.72,319.75,0.0,0.0,10.0,966.0,,150.0,227.0,10.75,35.83,27.8,25.3,2.57,0.93,1.95,3.05,20.88,,,,,12.3,63.25,0.42,341.0,0.0,0.0,5.25,988.0,,183.0,370.0,50.3,50.55,67.78,25.32,7.25,1.03,4.85,1.82,53.82,,,,,10.0,76.0,3.2,263.0,0.0,0.0,8.5,982.5,,139.75,196.0,22.58,41.78,40.58,28.5,36.92,1.14,3.95,0.2,1.05,,,,,9.4,82.25,0.7,105.75,0.0,0.0,9.0,989.0,,,,,,,,,,,,,,,,,,,,,,0.0,,,,,,,,,,,,,,,,,,,,,,,,0.0,,,
2024-12-15 07:00:00,129.37,226.98,79.22,65.97,99.49,,,2.06,18.26,,,,,,,,,,,,0,,,,75.8,167.3,13.26,41.24,32.72,39.33,11.8,2.15,36.31,6.44,17.1,4.55,,2.77,7.95,,50.3,0.85,89.33,,0,25.15,,-0.09,158.48,226.28,23.71,13.74,37.7,69.28,45.82,1.49,27.56,0.21,,,,0.04,0.1,7.82,80.6,0.72,167.97,0.0,0.0,4.68,,,200.0,320.0,67.2,83.05,98.65,42.25,14.42,1.03,5.32,2.9,4.18,,,,,11.4,67.0,0.22,203.25,0.0,0.0,10.75,975.25,,99.25,145.25,38.15,47.08,56.12,45.45,10.68,0.98,9.1,1.85,1.9,,,,,10.38,81.0,0.3,235.25,0.0,0.0,6.5,996.75,,147.0,234.0,61.2,91.7,98.5,47.55,11.12,2.08,33.15,5.03,3.12,,,,,9.93,67.25,0.57,322.5,0.0,0.0,11.75,965.75,,144.75,231.25,9.82,36.55,27.45,25.55,4.72,1.03,2.55,2.78,18.6,,,,,12.62,61.25,0.55,348.0,0.0,0.0,16.0,988.0,,195.0,392.0,41.98,51.2,61.38,26.75,6.92,1.08,4.3,1.95,54.72,,,,,9.98,76.0,3.2,300.0,0.0,0.0,15.5,983.0,,131.75,185.75,13.35,33.45,28.68,26.65,37.0,1.06,3.95,0.2,0.92,,,,,9.12,86.0,0.78,66.75,0.0,0.0,16.75,989.75,,,,,,,,,,,,,,,,,,,,,,0.0,,,,,,,,,,,,,,,,,,,,,,,,0.0,,,
2024-12-15 08:00:00,129.86,234.05,87.2,99.76,123.97,,,2.15,17.61,,,,,,,,,,,,0,,,,101.6,165.63,9.67,33.84,25.86,35.74,12.39,1.55,32.99,4.12,8.61,2.44,,1.65,3.57,,43.07,0.85,82.25,,0,92.17,,0.04,173.09,267.47,22.73,14.84,37.2,71.53,45.54,1.46,26.65,0.14,,,,0.04,0.18,9.73,72.38,0.5,167.89,0.0,0.0,16.44,,,194.0,351.0,75.25,90.25,109.12,42.08,13.83,1.49,6.4,3.48,5.95,,,,,12.12,63.5,0.38,213.5,0.0,0.0,25.5,975.0,,102.0,145.75,38.9,55.0,60.88,47.88,11.35,1.08,11.1,2.05,1.95,,,,,11.5,81.0,0.35,261.0,0.0,0.0,21.0,998.25,,212.0,333.0,53.9,96.15,94.95,52.38,15.53,2.06,41.18,6.35,3.7,,,,,11.28,62.25,0.72,309.5,0.0,0.0,60.75,966.0,,145.0,242.5,11.12,37.75,29.15,25.45,8.82,0.95,9.22,2.65,18.25,,,,,15.1,52.0,0.98,325.75,0.0,0.0,48.5,988.0,,200.0,407.0,32.25,49.88,52.75,26.72,6.42,1.1,5.7,1.88,42.55,,,,,10.88,72.0,3.25,312.0,0.0,0.0,41.0,983.0,,121.5,187.5,23.22,40.22,40.28,26.4,37.92,1.16,5.62,0.2,0.88,,,,,10.78,85.25,0.7,107.0,0.0,0.0,76.0,990.0,,,,,,,,,,,,,,,,,,,,,,0.0,,,,,,,,,,,,,,,,,,,,,,,,0.0,,,
2024-12-15 09:00:00,125.19,240.84,49.62,107.59,97.63,,,2.08,15.02,,,,,,,,,,,,0,,,,103.5,166.92,12.76,40.28,31.8,36.36,9.85,1.67,33.28,3.76,6.9,1.84,,1.36,2.61,,37.99,0.58,72.74,,0,159.75,,0.17,175.83,279.71,25.6,13.98,39.74,72.13,45.23,1.44,26.06,0.16,,,,0.02,0.12,12.24,65.66,1.49,162.86,0.0,0.0,26.15,,,223.0,387.0,41.4,91.53,82.3,41.77,14.7,1.15,5.9,3.23,5.8,,,,,13.33,59.0,0.63,257.0,0.0,0.0,40.0,975.0,,117.0,182.0,16.08,47.92,38.58,56.32,10.33,1.0,40.85,2.65,2.2,,,,,14.22,70.0,0.48,293.5,0.0,0.0,36.5,999.5,,197.0,317.0,34.72,90.92,76.25,48.82,19.32,2.11,58.4,5.95,3.65,,,,,13.6,54.25,1.1,315.0,0.0,0.0,132.0,966.0,,148.5,256.25,8.72,40.55,28.68,25.62,17.48,1.22,18.3,2.55,16.42,,,,,17.23,46.0,1.6,274.5,0.0,0.0,131.5,988.0,,180.0,360.0,23.38,54.4,47.95,34.2,8.25,1.09,11.25,1.8,17.23,,,,,13.6,61.5,3.28,320.5,0.0,0.0,124.75,980.75,,118.25,218.25,16.65,56.92,43.82,28.68,41.78,1.27,24.85,0.22,1.02,,,,,15.7,61.75,1.65,78.5,0.0,0.0,230.0,990.0,,,,,,,,,,,,,,,,,,,,,,0.0,,,,,,,,,,,,,,,,,,,,,,,,0.0,,,
2024-12-15 10:00:00,182.64,278.31,16.68,85.53,59.06,,,1.92,33.21,,,,,,,,,,,,0,,,,95.7,186.9,12.96,39.88,31.75,37.8,14.54,1.7,34.33,5.33,10.16,2.49,,1.79,3.51,,34.2,1.03,108.47,,0,207.45,,0.25,177.46,295.67,24.2,13.56,37.43,71.85,44.95,1.38,25.95,0.23,,,,0.03,0.17,14.73,59.05,1.54,156.17,0.0,0.0,37.02,,,190.0,331.0,30.7,95.98,76.0,41.38,14.6,1.16,5.52,3.15,4.78,,,,,14.5,54.25,0.48,215.5,0.0,0.0,47.5,975.0,,122.0,202.25,9.62,43.15,30.8,53.98,9.6,0.86,83.55,2.5,1.62,,,,,17.1,55.75,0.4,269.0,0.0,0.0,46.75,,,174.0,321.0,34.2,105.2,83.68,43.55,21.62,2.29,75.47,6.85,4.85,,,,,15.22,50.75,1.38,310.75,0.0,0.0,148.25,965.75,,179.75,320.25,7.6,46.4,30.88,25.62,20.3,1.3,33.85,2.5,16.28,,,,,18.82,42.75,1.78,268.25,0.0,0.0,188.0,988.0,,168.0,338.0,12.6,57.6,40.9,39.67,10.28,1.09,22.33,1.6,14.25,,,,,17.1,50.25,3.28,226.0,0.0,0.0,208.25,979.25,,152.5,273.0,12.4,62.28,43.2,28.7,47.78,1.14,56.92,0.2,0.95,,,,,18.5,45.0,1.8,91.75,0.0,0.0,347.5,991.0,,,,,,,,,,,,,,,,,,,,,,0.0,,,,,,,,,,,,,,,,,,,,,,,,0.0,,,
2024-12-15 11:00:00,177.1,343.66,7.64,78.45,47.95,,,1.81,70.46,,,,,,,,,,,,0,,,,113.8,213.4,12.64,40.8,31.98,37.79,26.47,1.79,35.81,4.86,8.23,2.24,,1.68,3.13,,28.05,0.97,95.29,,0,242.72,,0.3,160.88,280.51,25.12,14.85,40.02,70.98,44.74,1.32,25.94,0.21,,,,0.05,0.1,17.1,52.19,1.4,136.14,0.0,0.0,45.68,,,191.0,384.0,18.32,101.0,68.38,41.75,14.62,1.0,9.1,3.5,4.58,,,,,15.98,48.5,0.57,226.75,0.0,0.0,53.75,975.0,,123.5,202.0,7.02,44.22,29.22,52.65,10.28,0.78,125.28,1.72,1.2,,,,,19.85,44.5,0.48,229.0,0.0,0.0,85.25,,,186.0,354.0,22.55,80.32,61.7,41.12,24.38,1.92,124.78,6.62,5.0,,,,,16.32,47.5,1.45,302.0,0.0,0.0,266.75,965.5,,179.75,342.75,5.75,49.35,30.92,25.3,30.98,1.07,58.4,2.65,16.42,,,,,19.92,39.0,2.12,283.0,0.0,0.0,235.75,988.0,,174.0,388.0,7.58,68.78,42.75,40.95,11.38,1.11,35.62,1.6,20.15,,,,,19.38,45.25,3.2,262.75,0.0,0.0,251.75,978.0,,148.25,275.25,7.62,45.47,30.38,29.02,50.7,1.12,105.55,0.22,0.92,,,,,20.15,39.75,1.92,113.5,0.0,0.0,286.75,990.0,,,,,,,,,,,,,,,,,,,,,,0.0,,,,,,,,,,,,,,,,,,,,,,,,0.0,,,
2024-12-15 12:00:00,167.7,336.1,4.12,69.03,40.07,,,1.72,107.31,,,,,,,,,,,,0,,,,83.1,225.15,11.84,38.26,29.97,37.83,18.68,1.41,35.38,3.8,7.0,1.86,,1.38,2.6,,21.27,0.69,89.6,,0,242.32,,0.29,157.58,285.76,25.87,16.2,41.64,70.12,44.48,1.25,26.21,0.31,,,,0.02,0.07,18.83,46.07,1.37,154.51,0.0,0.0,61.32,,,162.0,338.0,17.38,87.15,60.47,41.68,16.5,0.63,13.8,3.0,4.57,,,,,17.08,43.25,0.62,226.5,0.0,0.0,59.75,975.0,,128.5,220.5,5.68,44.98,28.52,55.3,10.38,0.82,170.15,2.22,1.18,,,,,21.67,39.0,0.43,259.5,0.0,0.0,108.75,999.5,,158.0,311.0,13.7,69.32,48.05,40.67,35.4,1.6,159.05,5.65,4.25,,,,,17.3,43.75,1.7,308.0,0.0,0.0,297.0,965.25,,149.5,313.25,4.58,46.32,28.35,25.5,32.03,0.92,79.2,2.48,14.9,,,,,20.92,35.75,1.88,261.0,0.0,0.0,255.5,988.0,,188.0,438.0,6.02,67.1,40.55,41.52,12.5,1.11,52.78,1.5,23.85,,,,,20.15,43.25,3.22,259.5,0.0,0.0,234.25,977.0,,137.0,254.5,5.75,40.3,26.1,30.65,53.1,1.04,138.5,0.2,0.9,,,,,21.38,35.75,1.88,126.0,0.0,0.0,105.25,989.75,,,,,,,,,,,,,,,,,,,,,,0.0,,,,,,,,,,,,,,,,,,,,,,,,0.0,,,
2024-12-15 13:00:00,143.22,319.26,2.69,52.43,30.07,,,1.59,135.19,,,,,,,,,,,,0,,,,141.8,215.27,10.41,34.96,27.06,36.63,7.14,1.28,35.13,3.32,5.47,1.68,,1.23,2.05,,17.88,1.14,85.49,,0,173.07,,0.16,147.29,277.46,26.24,16.24,42.8,68.34,44.43,1.17,27.49,0.25,,,,0.03,0.12,20.75,38.68,1.81,136.23,0.0,0.0,243.32,,,150.0,294.0,14.82,85.42,57.4,41.68,15.9,0.6,15.55,3.02,3.18,,,,,18.25,39.5,0.5,234.0,0.0,0.0,213.25,975.0,,123.25,219.5,3.85,47.12,28.2,53.7,10.82,0.8,194.28,1.7,0.95,,,,,21.28,38.75,0.57,247.0,0.0,0.0,56.25,998.5,,140.0,259.0,16.48,76.35,54.05,41.42,32.88,1.69,174.55,4.82,3.52,,,,,18.23,42.0,1.7,313.5,0.0,0.0,247.75,965.25,,127.25,258.5,3.9,42.85,25.98,25.6,26.9,0.78,89.52,2.15,14.08,,,,,21.48,33.0,2.2,257.25,0.0,0.0,245.5,988.0,,173.0,400.0,0.8,36.38,19.98,26.88,13.15,0.87,80.1,1.3,17.9,,,,,19.82,41.25,3.3,230.5,0.0,0.0,247.5,980.5,,125.25,222.0,6.42,33.7,23.12,30.25,55.72,0.95,158.25,0.22,0.9,,,,,21.2,34.0,2.02,117.75,0.0,0.0,120.5,989.0,,,,,,,,,,,,,,,,,,,,,,0.0,,,,,,,,,,,,,,,,,,,,,,,,0.0,,,
2024-12-15 14:00:00,111.22,242.46,2.36,30.55,18.17,,,1.41,137.0,,,,,,,,,,,,0,,,,88.7,201.7,10.38,38.12,28.71,36.89,8.07,1.28,34.94,2.96,6.88,1.58,,1.2,1.89,,19.01,1.08,98.94,,0,75.7,,-0.02,123.79,242.0,24.0,16.07,39.96,68.18,44.12,1.04,28.15,0.11,,,,0.04,0.12,20.82,36.16,1.97,133.89,0.0,0.0,90.88,,,154.0,283.0,15.52,88.72,59.88,41.85,15.93,0.74,19.55,2.33,2.3,,,,,19.58,37.5,0.52,217.25,0.0,0.0,68.75,975.0,,109.0,212.5,3.78,43.92,26.48,50.45,9.98,0.85,206.1,1.5,0.78,,,,,21.05,37.5,0.52,255.0,0.0,0.0,53.0,997.5,,168.0,307.0,10.95,67.72,45.28,48.65,24.17,1.56,187.1,4.9,3.92,,,,,18.5,41.25,1.65,315.75,0.0,0.0,218.5,965.0,,117.25,229.0,3.5,41.28,24.8,25.48,27.98,0.88,102.4,1.85,13.45,,,,,21.25,33.75,2.02,259.5,0.0,0.0,183.75,987.5,,134.0,277.0,0.73,29.38,15.82,24.58,10.82,0.66,82.55,0.9,8.88,,,,,20.38,38.75,3.32,223.25,0.0,0.0,216.5,982.0,,110.0,204.0,6.12,26.52,19.1,29.22,47.3,0.93,181.62,0.2,0.9,,,,,21.08,33.25,2.12,76.0,0.0,0.0,218.75,989.0,,,,,,,,,,,,,,,,,,,,,,0.0,,,,,,,,,,,,,,,,,,,,,,,,0.0,,,
2024-12-15 15:00:00,90.7,199.0,2.31,24.22,14.77,,,1.35,135.0,,,,,,,,,,,,0,,,,81.3,214.42,11.94,40.15,31.06,36.7,8.21,1.25,35.51,3.15,14.86,1.79,,1.45,2.15,,21.35,1.15,104.01,,0,56.48,,-0.06,,173.25,26.42,20.01,45.94,57.62,44.31,0.99,30.32,0.28,,,,0.07,0.05,20.6,37.42,2.28,156.41,0.0,0.0,54.44,,,124.0,241.0,16.73,85.25,58.92,42.22,15.5,0.8,17.73,2.1,1.9,,,,,18.3,40.25,0.5,202.0,0.0,0.0,47.25,975.0,,90.75,178.0,4.1,38.45,23.78,44.18,15.03,0.73,201.22,1.27,0.7,,,,,21.2,36.0,0.48,288.25,0.0,0.0,34.5,997.0,,135.0,259.0,13.93,74.38,48.05,55.95,18.35,1.53,187.48,4.38,3.97,,,,,17.6,43.5,1.62,317.25,0.0,0.0,110.25,965.0,,139.5,264.5,4.68,41.7,25.98,25.65,24.72,0.88,108.05,1.88,15.5,,,,,20.88,35.5,1.7,251.0,0.0,0.0,111.75,987.0,,101.0,224.0,1.8,25.85,13.7,24.25,9.38,0.62,91.48,0.78,5.25,,,,,20.1,38.75,3.35,228.75,0.0,0.0,130.25,982.0,,103.0,193.5,4.3,27.4,18.05,28.98,46.12,0.98,178.35,0.2,0.9,,,,,21.15,33.0,2.0,92.5,0.0,0.0,131.5,989.0,,,,,,,,,,,,,,,,,,,,,,0.0,,,,,,,,,,,,,,,,,,,,,,,,0.0,,,
2024-12-15 16:00:00,96.6,176.15,2.42,28.16,16.95,,,1.36,115.58,,,,,,,,,,,,0,,,,69.0,199.18,12.01,39.19,30.61,37.8,7.67,1.32,35.44,3.18,12.52,1.72,,1.42,2.34,,24.43,0.81,78.97,,0,31.28,,-0.11,,255.5,25.81,21.0,47.16,55.84,44.32,1.04,28.76,0.1,,,,0.07,0.1,19.38,45.4,1.38,163.72,0.0,0.0,29.04,,,124.0,252.0,18.2,85.82,60.42,42.05,13.75,1.13,14.3,2.1,2.65,,,,,17.62,42.0,0.3,200.25,0.0,0.0,29.75,975.0,,79.25,142.25,4.12,38.52,23.82,41.7,16.88,0.74,186.28,1.05,0.6,,,,,20.45,39.25,0.43,275.5,0.0,0.0,28.0,996.0,,125.0,257.0,14.32,88.62,58.7,54.4,16.62,1.68,160.57,4.0,3.42,,,,,16.32,46.75,1.08,317.0,0.0,0.0,34.5,965.0,,136.0,263.75,3.6,43.98,26.32,25.28,19.65,0.9,83.78,1.72,21.98,,,,,20.02,38.0,1.15,256.75,0.0,0.0,40.5,987.0,,94.0,215.0,0.2,31.12,16.48,25.65,8.98,0.62,84.18,0.65,4.6,,,,,19.23,41.75,3.28,226.0,0.0,0.0,47.25,982.0,,113.25,207.5,5.38,32.9,21.88,30.55,45.8,1.1,162.6,0.2,1.02,,,,,19.65,40.25,1.18,75.75,0.0,0.0,62.0,989.0,,,,,,,,,,,,,,,,,,,,,,0.0,,,,,,,,,,,,,,,,,,,,,,,,0.0,,,
2024-12-15 17:00:00,115.27,165.26,21.73,97.64,69.52,,,1.9,64.88,,,,,,,,,,,,0,,,,104.0,203.27,9.38,34.95,26.21,37.52,7.5,1.28,35.23,3.72,10.57,2.22,,1.77,3.32,,46.24,0.59,50.03,,0,14.95,,-0.14,,328.95,26.14,14.09,36.92,59.54,44.66,1.42,28.05,0.21,,,,0.03,0.15,15.38,63.04,,158.68,0.0,0.0,3.96,,,135.0,277.0,25.18,102.5,75.18,41.68,14.02,2.04,9.32,2.15,2.3,,,,,15.92,48.25,0.2,189.25,0.0,0.0,11.5,975.0,,73.25,122.75,4.05,38.8,23.92,43.75,15.78,0.76,151.52,1.08,0.72,,,,,18.25,49.25,0.3,223.25,0.0,0.0,7.5,996.0,,122.0,254.0,26.98,159.22,106.22,52.15,16.38,2.43,77.38,4.12,4.75,,,,,14.85,52.0,0.62,322.0,0.0,0.0,11.5,965.25,,126.75,249.0,4.32,45.72,27.83,25.58,13.58,1.25,40.35,1.62,24.48,,,,,17.1,46.5,0.3,265.0,0.0,0.0,8.0,988.0,,102.0,266.0,0.95,46.78,25.65,34.6,8.65,0.94,53.2,0.98,14.0,,,,,16.27,50.25,3.2,221.0,0.0,0.0,13.5,979.0,,129.0,236.25,5.12,39.33,25.12,34.3,41.12,1.2,88.88,0.2,1.1,,,,,16.12,59.0,0.72,66.5,0.0,0.0,19.25,989.0,,,,,,,,,,,,,,,,,,,,,,0.0,,,,,,,,,,,,,,,,,,,,,,,,0.0,,,
2024-12-15 18:00:00,189.42,271.44,77.99,174.48,156.24,,,3.3,37.77,,,,,,,,,,,,0,,,,102.1,200.0,10.94,32.71,26.29,39.3,7.22,1.72,35.47,4.19,12.52,2.74,,1.98,4.1,,58.77,0.41,109.88,,0,16.02,,-0.12,,459.1,24.12,1.19,22.58,63.88,44.7,1.8,27.26,0.31,,,,0.03,0.08,13.04,71.22,,159.0,0.0,0.0,,,,206.0,416.0,107.48,143.35,163.75,39.35,15.72,5.41,5.78,2.72,4.32,,,,,14.28,59.0,0.28,148.25,0.0,0.0,7.0,975.0,,74.25,126.5,4.55,50.32,30.48,37.12,13.75,0.78,113.0,1.32,1.17,,,,,15.78,60.25,0.3,306.0,0.0,0.0,3.0,996.0,,146.0,320.0,120.38,185.92,196.65,44.4,16.68,4.04,41.78,5.62,6.98,,,,,13.1,59.0,0.3,323.25,0.0,0.0,9.25,965.25,,155.5,302.5,5.9,52.65,32.8,25.28,9.7,2.35,6.25,2.17,33.85,,,,,14.9,56.25,0.3,265.0,0.0,0.0,5.0,988.0,,128.0,366.0,47.22,99.68,91.4,39.12,9.15,1.6,8.75,2.48,48.22,,,,,14.7,57.0,3.2,214.5,0.0,0.0,8.25,978.0,,125.5,211.75,5.1,44.8,27.92,33.78,38.42,1.24,40.15,0.2,1.15,,,,,13.38,72.75,0.82,53.25,0.0,0.0,8.75,989.0,,,,,,,,,,,,,,,,,,,,,,0.0,,,,,,,,,,,,,,,,,,,,,,,,0.0,,,
2024-12-15 19:00:00,237.28,398.18,250.31,196.54,307.62,,,3.94,35.24,,,,,,,,,,,,0,,,,117.8,205.4,10.21,37.57,28.28,37.84,7.14,2.38,35.8,7.77,31.0,7.14,,4.84,11.23,,64.58,0.66,60.18,,0,17.1,,-0.11,,420.5,24.68,3.2,27.89,62.88,45.17,2.13,26.78,0.2,,,,0.02,0.12,11.94,74.59,,159.05,0.0,0.0,,,,429.0,744.0,195.25,146.65,236.55,43.22,20.2,7.38,6.58,3.75,8.82,,,,,13.9,64.0,0.3,140.25,0.0,0.0,7.0,975.0,,85.5,141.75,4.8,54.75,33.02,41.78,13.62,0.78,85.12,1.18,1.1,,,,,14.58,69.0,0.5,200.75,0.0,0.0,3.0,996.0,,248.0,559.0,214.65,188.72,274.75,48.9,22.0,5.34,35.6,9.62,8.0,,,,,12.62,62.25,0.3,322.75,0.0,0.0,9.25,965.5,,209.25,399.0,16.82,63.28,47.32,24.82,8.25,4.5,1.25,3.45,49.15,,,,,14.12,62.5,0.3,265.0,0.0,0.0,5.0,988.0,,226.0,843.0,101.75,104.0,138.02,43.35,10.32,2.41,4.18,1.88,66.62,,,,,13.78,62.25,3.2,251.33,0.0,0.0,8.75,978.0,,122.25,203.25,6.48,56.2,35.15,31.55,37.72,1.35,17.08,0.18,1.2,,,,,12.08,78.0,0.8,60.5,0.0,0.0,9.0,989.0,,,,,,,,,,,,,,,,,,,,,,0.0,,,,,,,,,,,,,,,,,,,,,,,,0.0,,,
2024-12-15 20:00:00,258.05,478.52,412.87,224.22,454.96,,,5.12,36.16,,,,,,,,,,,,0,,,,107.7,223.2,12.99,44.6,34.28,36.77,8.75,3.1,35.16,17.07,61.92,15.73,,8.56,26.9,,72.86,0.5,80.37,,0,17.38,,-0.11,,374.95,24.9,3.15,27.69,63.8,46.29,2.55,26.6,0.15,,,,0.06,0.16,11.06,78.97,,158.94,0.0,0.0,,,,770.0,,283.8,139.52,304.77,43.45,20.1,7.45,7.28,4.47,15.42,,,,,13.52,67.5,0.3,136.75,0.0,0.0,7.0,976.0,,98.0,154.25,7.55,70.25,43.62,40.62,13.0,0.98,38.5,1.2,1.15,,,,,13.78,73.75,0.38,227.0,0.0,0.0,3.0,996.0,,312.0,591.0,274.65,180.1,318.65,55.52,17.23,,36.05,11.1,9.12,,,,,12.05,65.25,0.3,322.0,0.0,0.0,8.0,965.0,,282.25,493.0,52.1,67.03,78.05,24.48,9.28,5.86,1.72,5.18,59.58,,,,,13.85,66.5,0.3,265.0,0.0,0.0,5.0,988.0,,329.0,,117.55,94.18,145.62,46.32,10.55,3.02,4.68,6.55,93.6,,,,,12.75,68.5,3.2,258.5,0.0,0.0,8.5,978.5,,137.75,216.75,5.8,64.03,38.78,30.4,37.3,1.54,9.98,0.2,1.35,,,,,11.5,81.75,0.78,50.25,0.0,0.0,9.0,989.0,,,,,,,,,,,,,,,,,,,,,,0.0,,,,,,,,,,,,,,,,,,,,,,,,0.0,,,
2024-12-15 21:00:00,312.16,567.96,396.35,218.38,434.54,,,5.51,36.62,,,,,,,,,,,,0,,,,94.9,253.2,11.47,37.79,29.42,37.08,10.79,3.85,34.49,22.91,78.2,21.19,,10.97,37.74,,76.97,0.72,86.8,,0,17.32,,-0.1,,411.5,23.4,1.69,24.0,64.32,47.21,2.94,27.62,0.23,,,,0.06,0.09,10.6,79.96,0.4,159.0,0.0,0.0,,,,913.0,,345.5,142.48,356.5,41.98,23.27,6.13,7.32,4.7,20.38,,,,,13.25,68.75,0.2,159.0,0.0,0.0,7.0,975.75,,121.25,177.25,10.7,70.78,46.3,46.95,14.33,1.16,21.62,1.6,1.78,,,,,13.22,76.25,0.3,301.25,0.0,0.0,3.0,996.5,,328.0,586.0,275.88,165.75,312.45,59.68,15.38,,47.22,17.12,10.02,,,,,11.5,69.0,0.3,322.75,0.0,0.0,9.0,965.5,,349.5,560.0,105.62,64.65,120.28,22.85,10.5,7.62,1.5,6.92,70.95,,,,,13.25,71.5,0.3,265.0,0.0,0.0,5.0,988.0,,511.0,,196.68,88.78,207.12,39.4,11.8,3.34,4.65,5.75,112.18,,,,,12.52,70.0,3.2,301.0,0.0,0.0,8.0,981.0,,148.25,222.5,8.1,64.75,41.02,30.2,37.33,1.56,6.25,0.2,1.27,,,,,11.18,84.0,0.75,52.5,0.0,0.0,9.0,989.0,,,,,,,,,,,,,,,,,,,,,,0.0,,,,,,,,,,,,,,,,,,,,,,,,0.0,,,
2024-12-15 22:00:00,384.24,582.4,190.54,182.4,252.07,,,4.63,22.41,,,,,,,,,,,,0,,,,123.9,273.9,12.11,41.75,32.06,36.62,11.88,3.89,34.53,31.45,100.46,26.58,,13.31,48.65,,78.33,0.76,116.09,,0,17.38,,-0.11,,401.8,21.01,1.27,17.07,64.56,47.99,3.22,27.36,0.2,,,,0.03,0.05,9.85,81.16,,159.05,0.0,0.0,,,,512.0,846.0,282.45,130.28,298.92,44.52,24.92,4.23,6.68,5.32,21.82,,,,,12.95,69.25,0.3,135.25,0.0,0.0,7.0,975.25,,140.0,199.75,17.75,72.28,52.82,49.22,14.22,1.42,10.2,1.42,1.62,,,,,12.98,80.0,0.3,258.25,0.0,0.0,3.0,996.0,,374.0,682.0,223.3,154.0,263.38,66.18,13.5,,37.7,16.58,10.78,,,,,11.2,71.0,0.3,324.0,0.0,0.0,11.0,966.0,,419.5,623.0,150.32,64.65,156.6,23.6,11.72,8.31,1.55,8.68,76.92,,,,,12.92,74.0,0.3,265.0,0.0,0.0,5.0,988.0,,426.0,,141.43,85.75,160.62,36.3,11.65,2.75,4.18,3.68,132.07,,,,,12.38,70.25,3.2,223.25,0.0,0.0,8.0,982.0,,157.5,229.75,12.95,65.32,45.25,30.58,37.67,1.76,4.65,0.2,1.38,,,,,10.75,83.75,0.75,83.25,0.0,0.0,9.0,989.0,,,,,,,,,,,,,,,,,,,,,,0.0,,,,,,,,,,,,,,,,,,,,,,,,0.0,,,
2024-12-15 23:00:00,264.21,373.43,100.97,153.33,163.66,,,3.08,13.23,,,,,,,,,,,,0,,,,132.2,300.4,10.46,36.36,27.84,35.9,13.54,3.77,35.44,33.43,113.79,26.77,,13.35,48.0,,75.74,0.59,94.56,,0,17.4,,-0.11,,398.0,22.37,0.42,16.9,67.24,48.06,3.37,26.88,0.18,,,,0.01,0.15,9.46,82.23,,158.95,0.0,0.0,,,,408.0,632.0,244.55,120.28,262.68,43.02,24.22,3.45,6.3,5.0,15.6,,,,,12.72,70.75,0.25,158.25,0.0,0.0,7.0,975.0,,171.0,239.5,15.15,75.53,52.5,50.05,14.5,1.55,8.88,2.88,3.25,,,,,12.3,82.25,0.35,205.75,0.0,0.0,3.25,996.0,,390.0,553.0,308.5,161.4,336.55,72.85,14.3,,38.6,13.58,11.88,,,,,10.92,72.25,0.3,322.75,0.0,0.0,9.75,965.5,,429.25,627.75,187.2,61.08,184.7,23.6,11.82,7.25,1.32,9.4,80.05,,,,,12.8,74.75,0.3,265.0,0.0,0.0,5.0,988.0,,315.0,664.0,119.6,74.82,137.05,34.95,10.38,2.14,4.03,2.68,72.7,,,,,11.9,73.5,3.25,216.5,0.0,0.0,8.0,982.0,,169.0,229.75,18.73,53.3,43.6,28.98,37.95,1.88,3.97,0.2,1.45,,,,,10.32,82.25,0.78,52.5,0.0,0.0,9.0,989.0,,,,,,,,,,,,,,,,,,,,,,0.0,,,,,,,,,,,,,,,,,,,,,,,,0.0,,,
2024-12-16 00:00:00,162.42,252.51,188.01,136.22,225.19,,,3.5,16.83,,,,,,,,,,,,0,,,,162.3,311.8,12.94,42.86,33.32,37.48,13.99,3.44,36.01,29.47,122.31,23.43,,11.66,41.26,,80.2,0.53,182.61,,0,17.08,,-0.11,,372.45,20.03,1.59,16.23,65.88,48.12,3.4,26.79,0.24,,,,0.04,0.06,9.24,83.12,0.33,159.0,0.0,0.0,,,,349.0,558.0,207.0,109.75,226.58,42.28,21.67,2.4,6.48,4.9,13.7,,,,,12.38,71.5,0.28,141.0,0.0,0.0,7.0,975.0,,165.0,230.0,21.65,64.82,52.08,46.4,14.12,1.35,9.25,2.65,3.22,,,,,11.9,82.0,0.3,222.25,0.0,0.0,3.25,996.0,,472.0,664.0,249.38,137.45,275.77,78.68,13.55,5.64,39.58,14.2,11.48,,,,,10.58,74.25,0.32,321.5,0.0,0.0,9.0,965.25,,395.75,576.5,198.4,56.68,191.5,23.5,10.7,4.6,0.85,9.43,82.02,,,,,12.7,73.25,0.3,265.0,0.0,0.0,5.0,988.0,,422.0,726.0,74.82,74.2,100.3,37.17,14.47,2.01,3.82,3.38,87.35,,,,,11.45,74.25,3.2,230.75,0.0,0.0,8.0,982.0,,174.25,240.25,17.92,54.82,43.78,27.38,38.1,1.98,4.08,0.28,1.58,,,,,10.38,82.0,0.75,86.0,0.0,0.0,9.0,989.0,,,,,,,,,,,,,,,,,,,,,,0.0,,,,,,,,,,,,,,,,,,,,,,,,0.0,,,
2024-12-16 01:00:00,217.09,347.72,226.47,114.62,245.06,,,4.55,21.16,,,,,,,,,,,,0,,,,181.8,307.8,12.07,39.94,31.06,35.58,15.01,2.64,34.17,21.61,96.38,17.05,,8.54,28.95,,84.02,0.6,320.0,,0,17.07,,-0.12,,395.25,20.71,1.81,19.69,65.98,47.79,3.37,26.19,0.5,,,,0.06,0.04,8.7,84.68,,159.05,0.0,0.0,,,,345.0,514.0,144.25,107.88,174.78,42.5,19.42,0.87,9.4,4.12,10.12,,,,,11.75,75.25,0.3,136.0,0.0,0.0,7.0,975.0,,165.25,209.5,45.25,53.0,64.97,44.18,14.62,1.31,8.0,2.62,3.15,,,,,11.6,81.75,0.28,244.25,0.0,0.0,3.0,995.25,,361.0,558.0,177.48,123.02,209.85,79.62,10.4,4.87,30.6,13.15,10.0,,,,,10.15,77.25,0.3,324.0,0.0,0.0,11.0,966.0,,345.25,521.75,166.3,55.52,164.78,23.52,4.53,3.12,2.1,8.6,79.5,,,,,12.5,74.75,0.3,265.0,0.0,0.0,5.0,988.0,,334.0,509.0,42.08,74.28,73.72,43.25,15.38,1.66,3.8,3.72,59.2,,,,,11.12,75.25,3.2,259.5,0.0,0.0,8.0,980.0,,183.25,256.0,31.5,57.9,56.4,26.88,38.72,2.1,3.9,0.3,1.75,,,,,10.15,82.0,0.65,115.75,0.0,0.0,9.0,989.0,,,,,,,,,,,,,,,,,,,,,,0.0,,,,,,,,,,,,,,,,,,,,,,,,0.0,,,
2024-12-16 02:00:00,278.34,484.9,193.82,101.1,211.4,,,4.38,20.45,,,,,,,,,,,,0,,,,151.3,305.17,11.18,35.11,27.76,38.01,14.05,2.2,35.19,16.63,70.89,13.29,,6.99,22.71,,85.1,0.59,68.87,,0,17.38,,-0.13,,349.0,29.26,1.24,27.84,66.1,47.87,3.32,25.89,0.1,,,,,0.05,8.48,85.72,,159.0,0.0,0.0,,,,246.0,378.0,93.3,100.0,128.9,41.3,,,53.73,4.08,7.45,,,,,11.6,77.25,0.25,140.25,0.0,0.0,7.0,975.0,,153.5,201.25,41.3,56.0,63.7,47.4,14.3,1.3,9.25,2.8,3.08,,,,,11.38,81.0,0.28,269.5,0.0,0.0,3.0,995.0,,360.0,509.0,199.7,126.9,230.0,80.3,,5.06,47.45,13.65,9.78,,,,,9.93,79.75,0.3,324.0,0.0,0.0,11.0,966.5,,317.0,461.75,118.4,56.0,126.0,23.8,3.1,2.43,0.98,7.38,73.78,,,,,11.92,78.75,0.3,265.0,0.0,0.0,5.0,988.0,,339.0,506.0,239.2,75.0,233.6,48.3,14.2,1.6,2.8,3.6,51.88,,,,,10.95,78.0,3.2,225.0,0.0,0.0,8.25,979.0,,192.75,262.25,33.2,43.6,50.1,27.2,39.0,2.08,3.97,0.32,1.82,,,,,9.6,88.0,0.75,54.75,0.0,0.0,8.75,989.0,,,,,,,,,,,,,,,,,,,,,,0.0,,,,,,,,,,,,,,,,,,,,,,,,0.0,,,
2024-12-16 03:00:00,283.6,455.19,180.85,89.06,194.38,,,3.94,18.65,,,,,,,,,,,,0,,,,135.1,292.15,10.88,42.62,31.51,34.67,14.58,1.96,34.16,12.3,44.93,9.27,,5.28,15.3,,82.6,0.52,270.2,,0,17.08,,-0.12,,,,,,,,,,,,,,,,,,,,,0.0,,,,239.0,395.0,172.7,100.8,193.92,42.7,8.57,1.43,33.08,4.08,6.4,,,,,11.58,79.0,0.28,143.25,0.0,0.0,7.0,975.0,,164.0,208.25,31.78,51.5,53.22,61.2,12.27,1.28,8.9,2.88,3.05,,,,,11.05,83.25,0.45,324.25,0.0,0.0,3.0,995.0,,351.0,493.0,195.4,107.85,215.82,54.25,9.32,4.57,55.65,13.6,9.68,,,,,9.78,80.75,0.3,323.75,0.0,0.0,11.0,966.75,,325.75,458.5,79.95,56.68,95.12,24.02,2.25,1.83,1.05,6.6,64.95,,,,,12.12,77.5,0.3,265.0,0.0,0.0,5.0,988.0,,360.0,856.0,134.72,69.45,146.12,40.62,11.38,1.52,2.42,2.95,89.2,,,,,10.75,79.5,3.2,291.75,0.0,0.0,8.0,978.75,,187.5,246.5,30.58,38.12,45.12,23.02,38.35,1.9,4.0,0.3,1.95,,,,,9.43,88.0,0.78,43.25,0.0,0.0,8.75,989.0,,,,,,,,,,,,,,,,,,,,,,0.0,,,,,,,,,,,,,,,,,,,,,,,,0.0,,,
2024-12-16 04:00:00,239.78,344.02,171.39,78.41,181.14,,,3.36,15.26,,,,,,,,,,,,0,,,,123.3,274.5,9.79,36.93,27.6,36.65,13.98,1.61,35.49,9.78,28.07,6.46,,4.06,10.59,,86.28,0.66,217.84,,0,17.4,,-0.13,,,,,,,,,,,,,,,,,,,,,0.0,,,,262.0,425.0,157.7,101.95,182.62,43.52,13.9,1.3,17.62,3.55,7.4,,,,,11.58,78.5,0.28,150.0,0.0,0.0,7.0,975.0,,164.5,216.25,33.8,57.62,58.1,51.22,12.3,1.2,8.85,2.72,2.72,,,,,10.9,86.0,0.4,307.75,0.0,0.0,3.0,995.0,,304.0,445.0,136.45,112.2,170.75,53.18,9.45,3.56,42.48,12.2,9.65,,,,,9.83,79.5,0.32,323.0,0.0,0.0,10.0,966.0,,306.75,425.5,50.28,55.0,70.15,24.25,1.58,1.66,1.08,5.8,55.48,,,,,11.58,81.0,0.3,265.0,0.0,0.0,5.0,988.0,,263.0,470.0,82.22,69.0,103.52,37.5,9.18,1.24,2.17,2.58,63.32,,,,,10.3,80.5,3.2,307.0,0.0,0.0,9.0,979.5,,191.75,250.75,42.42,40.62,56.1,25.55,37.83,1.84,4.12,0.3,2.1,,,,,9.4,88.0,0.78,50.75,0.0,0.0,9.0,988.25,,,,,,,,,,,,,,,,,,,,,,0.0,,,,,,,,,,,,,,,,,,,,,,,,0.0,,,
2024-12-16 05:00:00,186.8,298.0,89.86,67.45,109.01,,,2.53,13.38,,,,,,,,,,,,0,,,,122.0,264.97,11.35,38.74,29.84,36.57,13.47,1.65,34.42,8.73,22.92,5.16,,3.36,8.7,,86.87,0.52,163.48,,0,17.23,,-0.12,,,,,,,,,,,,,,,,,,,,,0.0,,,,,388.0,96.35,102.45,132.57,41.88,13.55,0.98,7.62,4.05,10.45,,,,,11.6,77.0,0.28,172.25,0.0,0.0,6.75,975.0,,163.75,220.25,28.98,57.3,54.15,44.62,11.8,1.18,9.98,2.35,2.6,,,,,10.68,86.0,0.3,252.5,0.0,0.0,3.0,995.0,,266.0,393.0,163.65,103.42,187.42,58.55,10.07,3.64,47.18,11.1,9.95,,,,,9.8,78.75,0.32,322.5,0.0,0.0,10.0,965.75,,275.0,370.75,31.28,54.35,54.35,24.62,0.92,1.54,1.03,5.15,47.65,,,,,11.6,82.25,0.3,265.0,0.0,0.0,5.0,988.0,,250.0,427.0,62.12,60.6,82.75,33.35,8.28,1.38,2.78,2.5,43.85,,,,,9.95,82.75,3.2,310.5,0.0,0.0,8.75,981.75,,199.25,260.75,44.48,38.12,56.42,26.7,38.15,1.77,4.28,0.3,2.3,,,,,9.25,88.0,0.68,88.75,0.0,0.0,9.0,988.25,,,,,,,,,,,,,,,,,,,,,,0.0,,,,,,,,,,,,,,,,,,,,,,,,0.0,,,
2024-12-16 06:00:00,165.94,267.88,75.35,61.34,93.86,,,2.36,13.42,,,,,,,,,,,,0,,,,115.4,244.05,11.47,36.84,28.92,37.47,25.6,1.52,35.45,7.96,20.85,4.54,,2.96,7.43,,82.4,0.74,130.54,,0,17.75,,-0.12,,,,,,,,,,,,,,,,,,,,,0.0,,,,,399.0,83.68,109.28,126.05,40.9,12.92,1.19,6.02,3.45,7.1,,,,,11.62,75.75,0.35,200.0,0.0,0.0,6.25,975.0,,172.25,216.5,41.62,51.45,61.18,43.15,12.45,1.32,9.6,2.45,2.7,,,,,10.22,86.0,0.25,218.0,0.0,0.0,3.0,995.5,,321.0,462.0,107.52,113.62,147.72,73.0,10.32,3.04,43.25,10.8,9.52,,,,,9.7,77.5,0.6,322.75,0.0,0.0,10.0,966.0,,263.0,359.5,22.68,53.25,46.75,24.8,0.8,1.55,0.85,4.75,40.9,,,,,11.45,82.75,0.3,265.0,0.0,0.0,5.25,988.0,,213.0,374.0,65.03,54.55,81.88,29.62,7.82,1.26,3.6,2.12,22.12,,,,,9.65,84.0,3.2,278.0,0.0,0.0,9.0,983.0,,200.25,258.5,32.9,32.1,43.85,25.35,38.35,1.61,4.02,0.38,2.38,,,,,9.05,88.0,0.72,78.25,0.0,0.0,9.0,989.0,,,,,,,,,,,,,,,,,,,,,,0.0,,,,,,,,,,,,,,,,,,,,,,,,0.0,,,
2024-12-16 07:00:00,163.04,265.18,92.15,63.99,108.98,,,2.37,14.74,,,,,,,,,,,,0,,,,92.4,242.0,12.15,39.37,30.82,36.7,16.31,1.52,35.0,8.75,27.18,4.89,,3.2,7.38,,76.11,0.81,40.62,,0,25.23,,-0.1,,,,,,,,,,,,,,,,,,,,,0.0,,,,,466.0,91.8,111.85,133.98,42.0,12.15,1.39,5.08,3.08,5.4,,,,,11.75,73.75,0.5,242.75,0.0,0.0,10.25,975.0,,168.25,209.0,46.42,48.02,63.3,50.5,11.18,1.42,9.85,3.12,3.58,,,,,10.05,86.0,0.25,270.25,0.0,0.0,6.25,996.0,,334.0,448.0,114.38,109.72,151.57,78.22,10.95,2.95,35.25,9.62,7.75,,,,,9.93,75.0,0.57,321.5,0.0,0.0,11.5,966.0,,270.5,384.0,29.05,52.58,51.6,25.1,5.18,2.09,0.95,4.45,39.2,,,,,11.73,82.25,0.38,252.5,0.0,0.0,16.0,988.0,,226.0,379.0,109.42,52.72,117.02,29.88,8.52,1.44,3.12,2.28,34.6,,,,,9.45,85.5,3.2,285.0,0.0,0.0,15.5,983.5,,193.25,253.25,24.85,37.05,39.92,25.3,37.95,1.42,4.32,0.32,2.3,,,,,9.28,88.0,0.75,80.25,0.0,0.0,15.75,989.0,,,,,,,,,,,,,,,,,,,,,,0.0,,,,,,,,,,,,,,,,,,,,,,,,0.0,,,
2024-12-16 08:00:00,180.79,261.3,95.96,86.56,124.02,,,2.53,14.48,,,,,,,,,,,,0,,,,147.3,262.3,10.36,36.65,27.92,38.56,30.85,1.69,36.22,10.66,29.9,6.44,,3.93,9.82,,64.63,0.92,71.42,,0,85.43,,0.01,,369.8,19.91,5.61,17.34,62.54,46.86,1.68,27.67,0.22,,,,0.04,,9.89,76.1,1.64,162.29,0.0,0.0,20.22,,,,422.0,95.33,103.9,132.73,41.03,13.85,2.04,5.7,3.63,5.43,,,,,12.0,73.33,0.43,224.0,0.0,0.0,31.33,975.0,,167.5,205.5,36.5,55.3,59.2,51.02,11.85,1.52,11.55,3.5,4.38,,,,,11.12,86.0,0.38,328.75,0.0,0.0,22.0,997.0,,322.0,459.0,127.85,124.25,170.6,79.97,10.53,3.42,33.45,9.35,6.95,,,,,10.78,71.75,0.8,319.0,0.0,0.0,49.25,966.0,,297.25,433.0,42.3,54.8,63.55,24.88,6.4,2.12,1.35,4.68,41.22,,,,,14.08,68.25,0.88,256.25,0.0,0.0,50.0,988.0,,265.0,478.0,71.97,58.02,89.38,31.88,8.05,1.46,3.48,2.62,29.22,,,,,10.38,82.5,3.2,342.33,0.0,0.0,45.25,984.0,,185.75,267.0,33.88,76.82,68.4,27.2,38.62,1.51,7.78,0.3,2.17,,,,,11.4,86.75,1.8,74.25,0.0,0.0,77.5,989.75,,,,,,,,,,,,,,,,,,,,,,0.0,,,,,,,,,,,,,,,,,,,,,,,,0.0,,,
2024-12-16 09:00:00,237.22,357.41,49.75,172.47,132.28,,,2.42,7.46,,,,,,,,,,,,0,,,,168.9,291.35,10.69,37.35,28.56,36.34,28.73,2.19,35.54,8.91,20.07,4.93,,2.99,7.59,,58.44,0.9,96.63,,0,128.55,,0.11,,325.2,23.95,6.5,30.02,62.56,46.04,2.11,26.54,0.2,,,,0.03,0.07,11.88,70.88,1.95,165.55,0.0,0.0,29.5,,,,476.0,77.95,119.6,126.9,40.8,15.05,2.02,5.35,3.8,5.78,,,,,12.9,70.5,0.4,230.75,0.0,0.0,49.5,975.0,,188.25,237.25,21.1,59.8,48.98,57.72,11.4,1.44,28.82,3.78,3.85,,,,,13.55,80.25,0.4,284.5,0.0,0.0,41.0,998.25,,331.0,642.0,65.9,132.85,123.92,78.8,10.55,3.24,33.98,9.2,6.57,,,,,12.7,65.0,0.88,313.25,0.0,0.0,116.0,966.0,,320.0,491.0,41.25,63.28,67.2,24.65,8.55,1.97,3.08,4.75,37.97,,,,,16.67,57.75,1.3,260.75,0.0,0.0,115.25,988.0,,289.0,494.0,62.88,89.8,98.9,39.72,9.93,1.74,4.6,2.4,24.3,,,,,13.42,69.5,3.2,285.5,0.0,0.0,115.0,981.25,,220.0,341.0,28.7,99.2,76.05,31.55,41.18,1.41,23.65,0.32,1.98,,,,,15.5,65.5,1.58,79.75,0.0,0.0,227.75,990.0,,,,,,,,,,,,,,,,,,,,,,0.0,,,,,,,,,,,,,,,,,,,,,,,,0.0,,,
2024-12-16 10:00:00,260.55,428.54,15.64,96.84,64.23,,,2.1,29.81,,,,,,,,,,,,0,,,,159.8,316.7,11.31,40.2,30.58,36.57,11.4,1.85,36.49,7.16,10.95,3.25,,2.15,4.96,,51.45,1.06,121.49,,0,180.83,,0.18,,351.05,23.75,15.14,36.79,56.64,42.12,1.89,26.19,0.32,,,,0.04,0.21,14.52,66.39,1.55,157.2,0.0,0.0,43.15,,,,550.0,44.42,139.05,110.1,39.7,15.18,2.03,5.95,6.88,6.45,,,,,14.38,66.25,0.45,234.25,0.0,0.0,65.5,975.0,,198.75,260.75,12.32,57.95,40.9,59.55,12.4,1.37,69.08,3.48,3.3,,,,,16.27,67.5,0.45,279.75,0.0,0.0,57.0,999.0,,304.0,527.0,36.95,135.2,102.1,69.72,15.8,3.16,47.72,8.52,5.6,,,,,14.98,58.5,1.05,294.25,0.0,0.0,145.0,966.0,,348.5,518.25,25.45,73.6,59.85,24.65,12.98,1.6,8.22,4.35,33.12,,,,,18.5,52.0,1.6,263.75,0.0,0.0,166.0,988.0,,346.0,610.0,29.68,90.98,72.53,48.25,12.02,1.65,11.52,2.58,29.65,,,,,16.52,57.75,3.2,264.5,0.0,0.0,179.5,979.5,,219.25,335.5,11.42,74.82,49.08,29.88,44.65,1.21,69.1,0.3,1.65,,,,,18.6,50.25,1.48,94.25,0.0,0.0,355.5,990.0,,227.7,509.25,,,0.0,,8.98,1.3,31.98,1.65,7.67,1.89,,0.98,0.44,30.1,30.58,,,0.0,0.0,,996.5,,,,,,,,,,,,,,,,,,,,,,0.0,,,
2024-12-16 11:00:00,273.14,456.33,8.18,95.78,57.61,,,2.1,67.18,,,,,,,,,,,,0,,,,179.55,343.5,12.04,40.01,31.07,37.62,11.61,1.57,35.61,6.66,11.37,3.04,,2.3,4.53,,43.5,1.03,95.03,,0,206.52,,0.21,,371.0,27.01,24.65,51.49,45.96,40.15,1.8,26.21,0.23,,,,0.05,0.08,17.02,61.47,2.25,150.35,0.0,0.0,61.75,,,340.0,606.0,20.95,137.15,90.08,39.4,14.72,1.72,9.52,10.32,5.75,,,,,15.92,60.25,0.5,196.0,0.0,0.0,79.5,975.0,,222.5,290.5,7.75,56.38,36.28,62.72,14.5,1.19,118.55,2.45,2.08,,,,,19.23,54.0,0.4,259.5,0.0,0.0,92.75,998.75,,313.0,498.0,20.28,103.43,71.58,66.2,14.98,2.74,82.6,8.12,5.05,,,,,16.02,55.75,1.5,304.25,0.0,0.0,221.5,966.0,,342.25,509.5,8.6,75.1,46.95,24.65,15.45,1.48,15.4,4.02,26.8,,,,,19.52,48.25,1.85,269.25,0.0,0.0,201.5,988.0,,350.0,625.0,12.7,90.5,58.48,49.75,12.65,1.56,29.75,2.17,36.17,,,,,18.6,52.75,3.2,247.75,0.0,0.0,215.5,978.25,,209.75,324.5,9.85,67.08,43.7,35.67,46.45,1.11,105.08,0.28,1.48,,,,,20.0,45.25,2.08,102.0,0.0,0.0,304.0,989.5,,266.02,476.45,23.3,71.8,57.16,46.01,11.05,1.34,46.78,1.72,7.63,1.92,,0.99,0.47,30.1,30.67,,,0.0,0.0,,996.5,,72.01,144.02,6.88,19.17,4.68,46.44,,0.16,77.71,3.8,5.99,6.08,,4.12,5.48,,,,,0.0,0.0,28.7,,
2024-12-16 12:00:00,281.69,452.5,4.35,96.17,54.69,,,2.12,108.57,,,,,,,,,,,,0,,,,151.38,321.98,3.78,20.84,13.84,33.76,9.04,1.04,34.81,4.74,7.47,2.15,,1.79,3.09,,35.21,0.8,73.94,,0,210.8,,0.26,,384.8,28.62,25.6,53.77,44.27,39.81,1.66,26.51,0.34,,,,0.03,0.12,18.7,55.48,1.84,178.56,0.0,0.0,83.53,,,335.0,533.0,18.08,106.72,71.4,40.78,16.75,0.9,22.02,5.78,5.0,,,,,17.02,52.75,0.42,222.0,0.0,0.0,85.75,975.0,,233.0,296.75,5.95,53.7,32.63,68.9,15.72,1.2,168.92,1.8,1.45,,,,,21.08,48.25,0.52,240.25,0.0,0.0,114.25,997.5,,301.0,459.0,20.2,93.65,65.95,67.42,16.6,2.59,128.07,7.5,4.62,,,,,17.12,50.75,1.45,312.5,0.0,0.0,242.0,965.5,,322.25,484.5,4.8,61.9,36.8,25.0,19.97,1.3,53.3,3.58,22.98,,,,,20.58,43.5,1.8,247.0,0.0,0.0,221.25,986.5,,368.0,688.0,4.12,71.03,41.12,51.0,14.08,1.33,62.18,2.18,52.18,,,,,19.58,50.0,3.25,229.75,0.0,0.0,218.25,977.5,,205.75,309.75,7.05,55.15,35.05,41.18,49.3,1.04,146.25,0.2,1.32,,,,,21.05,41.0,1.78,128.75,0.0,0.0,147.0,989.0,,170.72,430.6,20.96,69.62,54.18,43.46,12.72,1.31,45.88,0.86,7.74,0.88,,1.67,1.46,30.1,30.76,,,0.0,0.0,,996.5,,67.25,134.5,6.93,18.06,11.48,52.05,23.34,0.43,80.98,3.82,5.79,5.44,,4.44,6.01,,,3.11,139.08,0.0,0.0,28.7,,
2024-12-16 13:00:00,283.1,422.5,2.83,85.34,47.7,,,2.09,150.11,,,,,,,,,,,,0,,,,148.22,299.65,7.38,36.11,25.18,35.58,9.52,0.27,34.24,4.61,7.46,1.94,,1.63,2.73,,29.72,0.48,92.31,,0,153.48,,0.16,,419.1,28.76,30.46,59.24,42.42,43.13,1.59,27.88,0.19,,,,0.02,0.14,20.59,50.18,1.4,104.2,0.0,0.0,206.55,,,258.0,425.0,15.22,107.1,69.4,41.35,14.92,0.7,23.7,18.1,3.55,,,,,18.25,46.25,0.38,204.25,0.0,0.0,192.5,975.0,,225.75,290.0,3.75,35.4,21.88,71.2,18.82,1.11,216.22,1.65,1.23,,,,,20.85,45.5,0.5,213.0,0.0,0.0,69.75,996.25,,269.0,425.0,14.32,94.12,61.6,67.62,16.52,2.59,162.43,6.93,4.65,,,,,17.88,48.0,1.25,303.0,0.0,0.0,208.0,965.5,,269.75,400.25,3.58,53.08,31.12,24.72,23.15,1.24,74.82,2.65,17.88,,,,,21.38,40.5,1.6,221.0,0.0,0.0,208.0,986.0,,289.0,511.0,1.42,39.9,22.38,36.38,13.18,0.97,83.42,1.92,34.9,,,,,20.18,46.25,3.22,257.0,0.0,0.0,218.25,980.5,,187.75,275.75,6.98,52.1,33.38,41.62,53.32,1.03,168.72,0.22,1.23,,,,,21.5,38.25,1.33,121.25,0.0,0.0,165.75,988.0,,152.5,417.68,19.0,67.32,51.18,41.29,14.08,1.33,46.37,0.87,7.62,0.83,,1.73,1.46,30.1,30.7,,,0.0,0.0,,996.5,,59.8,119.61,7.11,17.69,15.38,50.27,,0.51,85.92,3.92,5.71,5.4,,4.28,6.1,,16.59,3.33,188.84,0.0,0.0,28.7,,
2024-12-16 14:00:00,246.27,428.78,2.68,79.74,44.6,,,2.04,178.36,,,,,,,,,,,,0,,,,173.42,270.45,14.3,52.04,39.31,37.14,9.58,0.34,34.1,4.28,8.34,2.2,,1.75,2.8,,27.15,0.52,227.93,,0,82.52,,-0.01,,421.0,25.02,34.52,59.05,42.76,44.6,1.59,27.68,0.2,,,,0.01,0.22,20.86,47.72,0.65,85.24,0.0,0.0,92.05,,,194.0,337.0,15.9,98.08,65.2,40.92,13.8,1.3,24.52,9.2,3.32,,,,,19.48,42.25,0.48,241.75,0.0,0.0,78.25,975.0,,206.5,269.25,3.45,37.83,22.88,74.78,16.27,1.19,227.65,1.9,1.02,,,,,20.75,45.25,0.38,209.0,0.0,0.0,60.25,994.5,,254.0,400.0,13.2,98.58,63.32,78.05,19.77,2.6,199.28,6.88,5.08,,,,,18.33,46.0,1.15,305.5,0.0,0.0,173.25,965.0,,247.5,369.0,4.5,51.95,31.25,24.7,27.68,1.29,91.28,2.33,17.82,,,,,21.38,39.75,1.4,207.5,0.0,0.0,151.0,985.75,,226.0,398.0,1.15,41.02,22.75,32.0,11.48,0.84,92.0,1.7,27.28,,,,,20.55,44.5,3.2,265.5,0.0,0.0,166.0,982.0,,179.0,266.75,6.6,60.3,37.42,41.32,57.2,1.06,182.32,0.22,1.23,,,,,21.45,39.5,1.25,114.5,0.0,0.0,211.75,987.5,,172.38,451.0,16.75,59.68,45.36,39.24,18.56,1.3,65.16,0.86,7.87,0.9,,1.7,1.45,30.1,30.52,,,0.0,0.0,,996.5,,55.37,110.74,7.05,17.37,15.41,47.75,,0.54,85.5,3.98,5.6,5.51,,4.24,6.2,,21.78,3.86,179.01,0.0,0.0,28.7,,
2024-12-16 15:00:00,240.1,383.42,2.58,73.65,41.27,,,2.01,183.98,,,,,,,,,,,,0,,,,143.0,256.4,12.55,46.3,34.83,37.48,7.61,2.19,34.93,4.65,12.18,2.31,,2.04,3.24,,26.96,0.66,100.69,,0,57.82,,-0.08,237.32,342.95,25.84,38.1,63.84,40.76,44.57,1.56,27.44,0.12,,,,0.02,0.1,20.58,48.46,0.2,106.0,0.0,0.0,58.37,,,214.0,407.0,20.2,114.38,77.2,41.25,14.0,1.82,17.35,5.1,3.45,,,,,18.45,45.5,0.25,214.5,0.0,0.0,56.5,975.0,,172.5,227.75,2.75,31.62,19.08,66.55,14.33,1.2,231.82,1.88,1.03,,,,,20.8,43.0,0.42,229.25,0.0,0.0,39.5,994.0,,252.0,394.0,20.2,119.88,80.1,83.72,19.6,2.74,205.18,6.95,5.25,,,,,17.6,47.5,1.03,319.5,0.0,0.0,87.5,965.0,,255.25,401.75,5.03,55.68,33.67,24.58,26.05,1.5,96.38,2.4,21.85,,,,,21.12,40.75,0.82,230.0,0.0,0.0,90.75,985.25,,202.0,389.0,1.7,45.52,24.58,32.05,10.85,0.82,96.82,1.42,29.22,,,,,20.27,45.25,3.22,237.0,0.0,0.0,101.5,982.0,,205.75,307.5,5.68,64.53,38.95,42.15,58.72,1.29,191.65,0.2,1.25,,,,,21.5,39.75,1.12,122.0,0.0,0.0,143.5,987.0,,172.73,459.2,16.8,53.86,42.32,37.66,19.2,1.27,63.85,0.84,7.82,0.88,,1.65,1.47,30.1,30.29,,,0.0,0.0,,996.5,,51.15,102.32,7.14,19.17,14.72,48.48,7.49,0.59,75.17,3.89,5.86,5.36,,4.28,6.19,,28.53,3.18,165.25,0.0,0.0,28.7,,
2024-12-16 16:00:00,253.16,366.17,2.73,75.85,42.57,,,2.03,142.41,,,,,,,,,,,,0,,,,161.25,253.15,14.15,44.05,34.94,37.49,8.55,3.04,34.86,5.23,14.57,3.04,,2.38,4.12,,44.29,0.67,45.33,,0,31.2,,-0.15,225.0,324.18,25.59,31.82,58.32,37.12,48.7,1.64,28.78,0.33,,,,0.03,0.21,18.96,57.74,0.07,110.78,0.0,0.0,29.38,,,235.0,504.0,21.88,126.45,85.08,40.57,13.22,3.23,11.3,3.52,4.05,,,,,17.2,52.5,0.2,221.75,0.0,0.0,33.5,975.0,,148.0,201.75,3.5,33.72,20.78,59.75,14.92,1.1,219.6,1.55,0.88,,,,,20.2,45.75,0.35,179.75,0.0,0.0,28.5,993.25,,274.0,444.0,22.58,186.92,117.65,78.3,17.9,3.28,148.12,7.48,5.82,,,,,16.5,51.75,0.68,317.25,0.0,0.0,35.75,965.25,,257.5,407.25,5.1,54.98,33.4,24.92,19.55,1.6,46.95,2.65,24.8,,,,,19.85,46.25,0.35,201.0,0.0,0.0,36.25,985.0,,237.0,472.0,2.0,63.32,35.3,33.0,10.3,0.89,76.62,1.3,45.38,,,,,19.05,49.0,3.2,238.33,0.0,0.0,45.25,982.0,,215.0,324.75,6.02,65.85,39.92,43.55,49.15,1.4,134.1,0.2,1.3,,,,,19.55,50.75,0.78,88.0,0.0,0.0,69.0,987.0,,173.1,435.0,17.37,51.31,41.35,37.05,19.07,1.33,43.17,0.87,7.67,0.87,,1.72,1.46,30.1,30.06,,,0.0,0.0,,996.5,,46.43,92.86,7.06,18.38,15.54,50.42,7.9,0.54,82.59,3.86,5.82,5.48,,4.35,6.06,,28.16,2.63,350.41,0.0,0.0,28.7,,
2024-12-16 17:00:00,240.42,375.98,54.81,220.36,161.66,,,3.04,44.07,,,,,,,,,,,,0,,,,103.08,269.77,12.12,41.09,31.71,37.66,8.44,3.18,34.95,6.11,17.6,3.92,,2.81,5.7,,67.98,0.81,64.82,,0,15.6,,-0.18,233.0,379.5,24.16,25.42,49.94,57.66,42.64,1.86,24.2,0.18,,,,0.03,0.11,15.73,71.06,,116.53,0.0,0.0,3.97,,,296.0,652.0,19.12,130.3,84.78,40.15,15.35,3.23,8.52,14.7,8.52,,,,,15.62,60.5,0.18,176.75,0.0,0.0,11.25,975.0,,147.5,198.5,3.12,33.0,20.1,56.95,13.98,1.13,165.62,1.65,1.2,,,,,18.27,57.0,0.3,265.75,0.0,0.0,7.25,993.0,,306.0,522.0,56.52,256.7,183.02,80.35,15.95,4.7,45.95,8.25,7.22,,,,,14.72,58.75,0.38,320.0,0.0,0.0,11.5,965.25,,268.25,431.25,7.75,56.92,36.58,24.85,10.92,3.71,6.43,2.62,25.78,,,,,16.8,57.25,0.32,201.0,0.0,0.0,7.75,985.75,,230.0,630.0,19.4,110.28,74.45,47.62,11.55,1.67,17.77,1.48,142.07,,,,,16.2,59.0,3.2,215.75,0.0,0.0,13.25,979.5,,204.5,299.75,5.62,64.75,39.02,44.48,40.45,1.34,66.15,0.2,1.25,,,,,16.38,68.25,0.72,75.25,0.0,0.0,19.75,987.0,,177.08,482.75,22.37,57.94,49.04,36.81,18.15,1.32,42.89,0.87,7.68,0.86,,1.7,1.48,30.1,29.88,,,0.0,0.0,,996.5,,44.98,89.95,6.96,18.47,13.86,48.61,6.52,0.52,85.24,3.82,5.82,5.29,,4.17,6.02,,,3.12,260.62,0.0,0.0,28.7,,
2024-12-16 18:00:00,300.82,487.74,273.99,277.42,370.11,,,4.42,33.19,,,,,,,,,,,,0,,,,131.82,270.05,9.52,39.42,28.69,35.68,8.02,2.2,34.49,7.03,19.35,4.16,,3.12,6.4,,74.58,0.57,193.37,,0,16.52,,-0.16,263.18,558.76,24.69,21.91,46.83,65.2,42.7,2.18,23.74,0.09,,,,0.02,0.1,13.56,78.21,,116.68,0.0,0.0,,,,416.0,715.0,64.53,158.18,136.62,38.08,17.77,4.81,6.62,,13.62,,,,,14.4,68.25,0.22,158.0,0.0,0.0,7.0,975.0,,143.0,204.25,3.12,40.15,23.9,55.18,10.92,1.23,139.0,1.82,1.32,,,,,16.05,67.25,0.28,258.0,0.0,0.0,3.0,993.0,,333.0,625.0,151.05,242.95,251.82,69.5,15.35,5.45,31.6,9.82,8.75,,,,,13.35,65.75,0.3,322.25,0.0,0.0,9.25,965.25,,301.75,547.0,24.8,57.48,50.75,24.42,10.97,4.84,1.95,3.15,36.8,,,,,15.15,65.5,0.3,200.5,0.0,0.0,5.0,986.0,,307.0,990.0,94.82,143.05,153.18,57.38,16.27,2.72,2.98,2.05,223.38,,,,,14.58,67.75,3.2,265.75,0.0,0.0,9.0,978.0,,192.0,268.5,6.85,63.18,39.2,42.5,38.6,1.38,22.1,0.2,1.23,,,,,14.08,80.5,0.78,70.5,0.0,0.0,8.75,987.25,,,,,,,,,1.26,24.73,1.01,7.72,1.91,,2.75,0.96,30.1,29.82,,,0.0,0.0,,996.5,,48.56,97.12,6.87,19.41,17.24,49.34,4.99,0.52,84.46,3.96,5.7,5.44,,4.3,6.14,,,4.88,329.69,0.0,0.0,28.7,,
2024-12-16 19:00:00,383.48,656.55,352.0,269.37,419.02,,,5.69,42.65,,,,,,,,,,,,0,,,,139.17,283.23,11.83,36.4,28.98,37.66,7.94,2.84,35.06,16.6,59.55,11.84,,7.28,18.86,,76.14,0.62,38.73,,0,17.5,,-0.15,292.86,628.7,24.27,19.18,43.8,66.76,43.38,2.72,23.55,0.34,,,,0.02,0.22,12.44,83.77,,116.73,0.0,0.0,,,,440.0,744.0,151.85,155.7,206.28,41.62,20.55,6.29,6.5,23.08,14.25,,,,,14.05,71.75,0.3,144.5,0.0,0.0,7.0,975.0,,151.5,221.75,3.72,46.75,27.88,54.48,11.48,1.17,112.1,1.62,1.27,,,,,15.05,74.25,0.45,244.75,0.0,0.0,3.0,993.5,,381.0,743.0,232.27,229.75,310.7,61.12,18.72,,33.35,10.82,10.68,,,,,12.78,69.75,0.3,322.75,0.0,0.0,9.25,965.5,,372.25,635.5,45.75,58.25,68.15,24.48,9.0,7.7,1.75,4.72,55.1,,,,,14.55,70.75,0.3,200.0,0.0,0.0,5.0,986.0,,410.0,,105.78,133.65,157.1,58.55,17.23,2.86,2.62,2.9,434.0,,,,,13.9,71.0,3.18,328.5,0.0,0.0,9.0,977.5,,183.75,264.75,7.42,69.35,42.92,39.9,38.33,1.59,6.05,0.2,1.3,,,,,13.0,84.0,0.68,94.5,0.0,0.0,9.0,988.0,,,,,,,,,1.3,25.14,1.06,7.67,1.92,,2.66,0.99,30.1,29.81,,,0.0,0.0,,996.5,,59.62,119.25,7.23,17.38,16.13,51.05,14.05,0.64,86.34,3.9,5.83,5.65,,4.24,6.08,,,4.88,337.96,0.0,0.0,28.7,,
2024-12-16 20:00:00,427.78,662.8,271.47,219.25,337.4,,,5.3,26.73,,,,,,,,,,,,0,,,,123.35,294.5,12.63,40.66,31.89,37.57,9.55,3.67,34.58,32.09,148.25,26.04,,16.89,44.64,,81.53,0.74,155.34,,0,17.65,,-0.15,310.35,532.85,23.24,16.72,40.1,68.69,44.2,3.41,23.6,0.12,,,,0.04,0.09,11.78,86.55,,116.44,0.0,0.0,,,,463.0,759.0,282.2,148.0,308.08,37.62,19.67,8.24,7.52,14.35,16.85,,,,,13.7,75.5,0.28,138.5,0.0,0.0,7.0,975.0,,169.25,224.0,6.52,77.7,46.68,54.15,12.08,1.66,22.28,1.75,1.68,,,,,14.52,79.5,0.35,249.5,0.0,0.0,3.0,994.0,,556.0,,335.95,213.95,386.32,77.78,17.57,,25.98,16.05,15.25,,,,,12.3,74.25,0.3,324.0,0.0,0.0,11.0,966.0,,458.75,734.75,98.98,50.4,107.28,25.68,11.58,9.13,1.58,7.05,69.18,,,,,14.05,75.0,0.3,200.0,0.0,0.0,5.0,986.0,,421.0,,82.5,128.2,135.28,55.28,17.25,3.07,2.78,4.75,492.3,,,,,13.88,71.25,3.2,343.67,0.0,0.0,9.0,978.0,,188.0,278.0,60.55,62.6,82.55,37.8,38.45,2.28,4.15,0.25,1.45,,,,,12.32,83.25,0.68,93.5,0.0,0.0,9.0,988.0,,,,,,,,,1.26,14.84,1.02,7.68,1.96,,2.6,0.97,30.1,29.83,,,0.0,0.0,,996.5,,65.51,131.03,6.84,18.75,14.84,49.22,13.1,0.67,86.56,3.79,5.72,5.49,,4.33,5.97,,,4.63,340.23,0.0,0.0,28.7,,
2024-12-16 21:00:00,360.28,568.86,247.86,181.2,297.91,,,4.66,17.58,,,,,,,,,,,,0,,,,150.62,315.58,12.22,39.54,30.97,37.32,11.6,4.27,34.67,42.12,169.21,29.96,,20.66,50.58,,84.56,0.76,138.3,,0,17.7,,-0.14,361.72,616.22,24.38,9.78,33.83,72.06,45.63,4.36,24.69,0.18,,,,0.03,0.12,11.16,88.08,,116.28,0.0,0.0,,,,656.0,,362.75,141.82,370.2,38.78,23.62,2.44,7.35,10.25,22.2,,,,,13.42,79.5,0.28,135.75,0.0,0.0,7.0,975.0,,199.5,250.0,7.38,63.65,39.85,53.2,12.3,1.76,17.9,2.15,2.17,,,,,13.65,83.0,0.3,280.75,0.0,0.0,3.0,994.0,,795.0,,433.8,211.88,471.3,75.97,20.25,,24.78,21.62,16.7,,,,,12.0,76.25,0.3,324.0,0.0,0.0,11.0,966.0,,487.25,748.75,154.62,58.55,156.88,22.7,13.2,8.44,1.2,8.93,78.28,,,,,13.6,79.0,0.3,200.0,0.0,0.0,5.0,986.75,,486.0,882.0,156.0,117.92,189.58,59.47,20.1,3.84,2.88,5.92,464.77,,,,,13.25,74.75,3.2,302.0,0.0,0.0,8.25,977.75,,219.25,315.0,150.28,49.28,148.38,43.05,40.62,3.43,4.03,0.35,2.0,,,,,11.6,82.25,0.85,64.25,0.0,0.0,9.0,988.0,,,,,,,,,1.3,15.09,1.05,7.82,2.0,,2.72,0.95,30.1,29.82,,,0.0,0.0,,996.5,,66.05,132.12,7.18,18.48,16.16,51.3,8.03,0.51,85.44,3.92,5.72,5.47,,4.32,6.02,,,4.77,344.19,0.0,0.0,28.7,,
2024-12-16 22:00:00,301.66,432.98,166.35,176.81,229.37,,,3.46,12.63,,,,,,,,,,,,0,,,,182.4,342.8,10.26,37.78,28.44,37.47,15.41,4.91,35.31,57.12,188.6,36.75,,24.48,62.89,,87.18,0.81,126.47,,0,17.82,,-0.14,417.38,589.62,21.96,3.84,24.74,76.67,46.93,5.18,24.59,0.36,,,,0.04,0.24,10.56,89.54,,116.36,0.0,0.0,,,,872.0,,449.45,138.57,439.52,42.32,29.05,8.98,7.85,10.55,29.25,,,,,13.2,80.75,0.3,131.5,0.0,0.0,7.0,975.0,,209.5,253.75,7.92,59.88,38.28,52.52,12.23,1.9,13.7,1.95,2.15,,,,,13.4,82.25,0.2,251.0,0.0,0.0,3.0,994.0,,838.0,,468.5,196.45,475.75,96.25,22.77,,27.2,23.4,16.95,,,,,11.62,79.0,0.3,323.25,0.0,0.0,10.0,966.0,,500.75,740.5,217.52,68.9,213.5,22.28,12.6,8.0,1.25,9.68,82.18,,,,,13.28,80.5,0.3,200.0,0.0,0.0,5.0,988.0,,560.0,,206.25,148.07,246.4,81.42,20.5,2.91,3.0,11.1,274.08,,,,,13.3,76.0,3.2,278.33,0.0,0.0,9.0,970.25,,262.0,363.5,124.95,46.32,126.22,39.72,40.62,3.82,3.92,0.4,2.78,,,,,11.3,83.5,0.78,74.25,0.0,0.0,9.0,988.0,,,,,,,,,1.26,14.8,1.02,7.66,2.02,,2.69,0.97,30.1,29.86,,,0.0,0.0,,996.5,,66.17,132.34,7.01,18.32,14.86,50.78,7.51,0.54,85.62,3.82,5.76,5.52,,4.26,6.14,,,4.66,346.14,0.0,0.0,28.7,,
2024-12-16 23:00:00,233.66,318.47,186.71,174.82,244.63,,,3.38,13.7,,,,,,,,,,,,0,,,,147.03,396.7,7.73,29.79,22.08,36.07,15.57,5.63,35.48,69.59,214.51,47.95,,30.42,82.56,,89.41,0.94,78.25,,0,17.77,,-0.15,406.92,557.26,21.73,2.1,19.6,84.77,47.41,5.56,24.02,0.16,,,,0.02,0.08,10.15,90.5,,116.68,0.0,0.0,,,,589.0,947.0,406.88,130.55,400.18,39.7,32.67,7.58,6.82,12.88,34.22,,,,,13.02,81.25,0.3,135.0,0.0,0.0,7.0,975.0,,215.25,264.0,9.95,55.9,38.53,48.62,10.8,2.24,10.02,3.18,3.22,,,,,12.98,82.0,0.22,233.0,0.0,0.0,3.0,994.0,,951.0,,421.45,187.52,442.58,106.32,22.33,,34.95,24.78,16.68,,,,,11.48,79.75,0.3,323.0,0.0,0.0,10.75,966.0,,492.0,708.75,260.58,66.8,247.38,22.95,12.3,8.26,1.02,9.95,85.48,,,,,13.1,83.5,0.3,200.0,0.0,0.0,5.0,988.0,,,,,,,,,,,,,,,,,,,,,,0.0,,,,290.25,399.25,108.18,34.9,106.52,36.4,41.05,3.91,3.92,0.5,3.58,,,,,11.02,88.0,0.7,64.25,0.0,0.0,9.0,988.0,,,,,,,,,1.27,11.26,1.02,7.8,1.94,,2.83,0.94,30.1,29.84,,,0.0,0.0,,996.5,,64.63,129.25,6.88,18.58,15.55,51.37,,0.56,84.83,3.8,5.9,5.48,,4.4,5.99,,,4.97,345.41,0.0,0.0,28.7,,
2024-12-17 00:00:00,212.95,341.07,235.58,162.48,277.98,,,3.75,15.06,,,,,,,,,,,,0,,,,218.2,440.2,10.03,36.66,27.66,38.35,20.68,6.7,35.64,80.16,240.9,56.46,,34.2,101.53,,91.74,0.84,211.06,,0,17.73,,-0.15,427.4,554.83,22.18,45.37,60.99,58.48,47.7,5.7,24.04,0.24,,,,0.05,0.12,9.66,91.41,0.2,116.74,0.0,0.0,,,,524.0,830.0,318.45,118.15,321.62,37.1,32.62,6.2,7.72,12.88,46.5,,,,,12.7,82.25,0.25,141.0,0.0,0.0,7.0,975.0,,229.0,275.5,10.18,65.28,43.02,57.15,11.4,1.76,9.4,3.97,4.18,,,,,12.65,81.25,0.35,197.25,0.0,0.0,3.0,993.25,,661.0,930.0,320.2,188.1,360.42,104.12,19.32,,34.35,26.18,15.82,,,,,11.1,80.25,0.38,322.75,0.0,0.0,9.75,965.5,,487.0,675.75,299.73,61.48,276.38,22.78,13.57,8.7,1.4,10.0,86.72,,,,,12.95,84.5,0.3,200.0,0.0,0.0,5.0,988.0,,,,110.43,60.0,121.7,34.15,12.5,2.39,9.8,1.43,83.43,,,,,12.13,81.0,3.2,249.0,0.0,0.0,8.0,977.67,,299.0,398.75,92.72,26.9,89.68,33.35,41.48,3.74,4.12,0.5,4.08,,,,,10.88,88.0,0.72,110.5,0.0,0.0,9.0,988.0,,,,,,,,,0.94,11.41,2.58,6.94,5.81,,3.74,2.91,30.1,29.82,,,0.0,0.0,,996.5,,57.84,115.67,7.19,17.61,15.63,50.06,,0.55,86.7,3.91,5.67,5.5,,4.33,6.16,,,4.66,27.39,0.0,0.0,28.7,,
2024-12-17 01:00:00,243.98,388.58,191.77,136.48,228.54,,,3.97,17.34,,,,,,,,,,,,0,,,,147.3,469.55,12.67,44.51,33.98,37.29,22.72,6.77,35.58,84.99,251.9,59.26,,35.14,108.09,,93.12,0.35,243.22,,0,17.6,,-0.15,403.95,532.78,26.04,51.36,77.48,52.77,47.59,5.67,23.6,0.19,,,,0.02,0.19,9.34,92.11,,116.69,0.0,0.0,,,,504.0,817.0,327.52,111.1,325.5,40.2,31.25,5.72,7.8,11.6,41.42,,,,,12.28,84.75,0.3,139.5,0.0,0.0,7.0,975.0,,244.25,278.0,13.92,47.2,36.42,58.9,11.62,1.43,10.2,3.78,4.15,,,,,12.12,81.25,0.28,226.5,0.0,0.0,3.0,993.5,,525.0,720.0,311.65,161.25,339.38,105.88,16.28,,37.9,23.08,15.48,,,,,10.8,82.75,0.3,323.75,0.0,0.0,10.75,966.0,,501.75,678.0,337.92,58.02,305.58,22.08,7.4,8.9,2.1,10.12,87.3,,,,,13.0,85.0,0.3,200.0,0.0,0.0,5.0,988.0,,407.0,637.0,85.45,60.88,101.88,35.8,11.48,2.04,4.3,3.18,127.38,,,,,11.65,83.0,3.12,298.67,0.0,0.0,8.5,981.25,,300.75,387.75,65.62,31.58,70.15,31.12,41.55,3.07,3.7,0.5,4.4,,,,,10.62,88.0,0.8,80.0,0.0,0.0,9.0,988.0,,,,,,,,,1.3,11.7,2.59,6.92,5.75,,3.68,2.84,30.1,29.84,,,0.0,0.0,,996.5,,55.4,110.8,6.82,18.55,11.21,47.95,20.18,0.4,86.88,3.78,5.88,5.37,,4.21,6.22,,,4.56,32.44,0.0,0.0,28.7,,
2024-12-17 02:00:00,277.24,427.61,190.05,110.55,213.32,,,4.37,19.26,,,,,,,,,,,,0,,,,224.8,440.25,5.93,25.79,18.34,36.07,24.89,5.86,33.63,84.62,249.38,56.23,,33.7,101.54,,94.29,0.45,145.07,,0,17.58,,-0.14,378.1,495.52,26.72,51.06,77.72,52.96,47.38,5.44,23.32,0.3,,,,0.06,0.09,9.24,92.14,,116.49,0.0,0.0,,,,571.0,929.0,323.0,97.7,314.9,40.8,,,17.77,10.15,31.28,,,,,12.12,86.5,0.28,137.5,0.0,0.0,7.0,975.0,,221.75,253.25,14.1,47.1,36.5,49.9,11.9,1.64,9.18,3.9,4.38,,,,,11.88,86.0,0.3,232.0,0.0,0.0,3.0,993.0,,517.0,735.0,244.4,155.5,281.8,110.0,,,25.75,19.8,15.4,,,,,10.52,84.25,0.3,324.0,0.0,0.0,10.75,966.5,,541.5,735.0,343.8,58.1,310.45,22.42,6.12,8.01,1.5,10.98,88.8,,,,,12.92,85.75,0.3,200.0,0.0,0.0,5.0,988.0,,422.0,635.0,76.6,61.9,95.2,40.5,11.0,2.08,4.37,3.75,144.07,,,,,11.48,85.0,3.2,252.75,0.0,0.0,9.0,982.25,,250.75,336.25,28.4,27.3,37.6,27.2,40.6,2.23,4.22,0.5,4.0,,,,,10.5,88.0,0.7,88.75,0.0,0.0,9.0,988.0,,,,,,,,,1.34,12.18,2.6,6.96,5.73,,3.7,2.9,30.1,29.84,,,0.0,0.0,,996.5,,52.73,105.45,6.92,14.89,14.88,50.88,20.67,0.57,87.52,3.82,5.76,5.43,,4.3,6.21,,,5.1,33.86,0.0,0.0,28.7,,
2024-12-17 03:00:00,338.76,487.34,213.15,99.97,226.46,,,4.66,21.04,,,,,,,,,,,,0,,,,252.4,440.85,9.3,40.34,29.02,35.66,26.83,6.22,34.62,,,,,,,,94.9,0.88,108.1,,0,17.4,,-0.15,346.78,469.9,27.31,51.48,78.78,52.98,47.06,5.07,23.53,0.11,,,,0.05,0.18,9.03,92.26,,116.71,0.0,0.0,,,,539.0,870.0,384.82,106.78,369.7,40.92,9.7,3.07,9.57,9.72,26.25,,,,,11.9,87.25,0.22,141.25,0.0,0.0,7.0,975.0,,215.25,247.25,37.7,50.92,57.8,66.3,12.83,1.51,9.07,3.32,3.78,,,,,11.7,86.0,0.32,245.5,0.0,0.0,3.0,993.0,,451.0,599.0,196.35,133.08,230.22,72.62,6.35,,23.7,17.85,15.15,,,,,10.42,85.25,0.3,324.0,0.0,0.0,11.0,966.5,,538.5,721.25,311.45,55.35,282.65,23.7,3.42,5.11,0.67,11.4,89.4,,,,,12.72,85.25,0.3,200.0,0.0,0.0,5.0,988.0,,453.0,674.0,259.67,68.75,247.48,38.5,13.45,1.78,4.62,3.98,195.1,,,,,11.25,86.5,3.2,263.67,0.0,0.0,9.0,982.25,,216.0,285.5,55.0,24.15,57.52,26.32,41.2,2.25,3.7,0.4,3.92,,,,,10.32,88.0,0.72,86.5,0.0,0.0,9.0,987.25,,,,,,,,,1.33,12.08,2.6,6.96,5.73,,3.66,2.92,30.1,29.85,,,0.0,0.0,,996.5,,53.03,106.05,7.06,17.59,15.86,50.09,,0.67,87.69,3.87,5.75,5.54,,4.33,6.22,,,4.82,61.82,0.0,0.0,28.7,,
2024-12-17 04:00:00,348.14,500.89,202.55,79.24,206.86,,,4.63,18.46,,,,,,,,,,,,0,,,,227.7,418.88,9.98,41.94,30.42,36.79,24.76,5.42,35.18,,,,,,,,94.93,0.9,131.0,,0,17.77,,-0.15,331.0,441.7,27.21,51.37,78.53,53.07,47.17,4.72,24.45,0.51,,,,0.04,0.1,8.67,92.83,0.11,116.69,0.0,0.0,,,,507.0,836.0,267.58,111.4,276.77,41.15,13.55,1.72,9.32,10.25,20.35,,,,,11.78,88.5,0.25,141.25,0.0,0.0,7.0,975.0,,208.5,244.25,64.6,53.05,80.82,52.25,12.72,1.63,9.15,2.3,3.02,,,,,11.62,86.0,0.3,228.0,0.0,0.0,3.0,993.0,,478.0,688.0,167.28,137.95,209.3,70.03,6.95,5.43,30.52,16.42,15.6,,,,,10.28,86.0,0.3,323.5,0.0,0.0,10.25,966.5,,478.0,635.25,225.05,67.28,218.73,22.55,1.02,3.92,0.9,10.68,89.62,,,,,12.55,86.0,0.3,200.0,0.0,0.0,5.0,988.0,,487.0,,252.18,89.95,252.9,45.2,16.62,1.61,3.95,4.18,243.3,,,,,11.2,87.5,3.2,235.5,0.0,0.0,8.75,979.5,,214.5,283.75,81.75,20.78,77.5,27.88,40.48,2.39,3.95,0.4,4.08,,,,,10.15,88.0,0.78,88.5,0.0,0.0,9.0,987.0,,,,,,,,,1.32,9.96,2.6,6.98,5.74,,3.67,3.0,30.1,29.86,,,0.0,0.0,,996.5,,51.4,102.79,7.06,17.48,14.68,49.24,,0.62,87.11,3.91,5.78,5.36,,4.16,6.07,,,5.14,82.68,0.0,0.0,28.7,,
2024-12-17 05:00:00,306.88,451.38,186.17,79.1,193.4,,,3.98,15.31,,,,,,,,,,,,0,,,,244.3,398.32,9.44,40.02,28.96,35.97,26.39,4.86,36.08,,,,,,,,94.94,0.96,132.79,,0,17.4,,-0.14,317.75,410.81,26.96,51.46,78.47,53.07,46.76,4.27,24.84,0.25,,,,0.04,0.12,8.67,92.8,,116.75,0.0,0.0,,,,426.0,658.0,262.68,105.18,269.23,40.7,14.45,2.04,7.12,10.02,18.25,,,,,11.82,89.0,0.22,146.0,0.0,0.0,7.0,975.0,,205.25,253.5,74.12,47.55,85.78,48.45,13.45,1.69,9.18,1.9,3.25,,,,,11.3,86.0,0.35,245.25,0.0,0.0,3.0,993.0,,455.0,622.0,175.55,128.25,210.98,71.95,6.25,5.26,34.52,15.25,15.1,,,,,10.22,86.5,0.35,318.5,0.0,0.0,8.75,965.25,,443.5,580.0,165.2,43.65,157.52,26.65,0.92,3.45,0.75,9.72,90.7,,,,,12.58,85.75,0.3,200.0,0.0,0.0,5.0,987.5,,486.0,830.0,167.38,85.82,181.72,51.72,13.32,1.94,3.78,3.25,201.02,,,,,11.25,88.0,3.2,,0.0,0.0,9.0,978.5,,231.75,306.5,74.73,27.08,75.15,29.6,40.02,2.39,4.38,0.43,4.12,,,,,10.12,88.0,0.72,79.75,0.0,0.0,9.0,987.75,,,,,,,,,1.36,16.02,2.62,6.94,5.77,,3.62,2.89,30.1,29.85,,,0.0,0.0,,996.5,,50.43,100.86,7.15,17.82,16.47,47.83,22.87,0.52,87.14,3.98,5.72,5.46,,4.24,6.07,,,4.8,86.34,0.0,0.0,28.7,,
2024-12-17 06:00:00,285.47,390.92,189.63,82.48,198.03,,,3.69,14.21,,,,,,,,,,,,0,,,,199.2,376.58,9.68,41.84,30.13,35.82,25.95,3.83,35.33,,,,,,,,94.94,0.9,223.52,,0,17.85,,-0.13,300.95,396.18,25.98,51.24,77.26,53.2,46.44,3.82,24.63,0.09,,,,0.02,0.05,8.47,93.2,0.18,116.52,0.0,0.0,,,,459.0,709.0,239.18,104.1,249.62,39.48,15.3,2.26,7.22,9.88,22.92,,,,,11.98,89.0,0.25,144.75,0.0,0.0,7.0,975.0,,187.75,240.5,89.75,56.25,102.88,53.6,13.88,1.9,9.57,0.5,0.85,,,,,11.45,86.0,0.32,247.75,0.0,0.0,3.0,993.0,,453.0,653.0,248.7,118.88,265.3,86.0,7.42,,33.65,15.62,14.4,,,,,10.5,86.0,0.38,306.0,0.0,0.0,10.0,965.5,,440.25,573.5,133.65,41.72,130.88,23.75,1.6,3.92,1.67,9.22,95.05,,,,,12.58,88.25,0.3,200.0,0.0,0.0,5.25,986.0,,366.0,606.0,136.22,68.92,147.43,49.9,11.9,1.78,4.45,3.68,136.95,,,,,11.55,86.5,3.2,336.0,0.0,0.0,9.0,978.0,,229.5,304.75,79.72,22.58,76.82,28.75,39.85,2.26,3.9,0.4,3.9,,,,,10.1,88.0,0.8,185.25,0.0,0.0,9.0,988.0,,,,,,,,,1.34,15.79,2.6,6.97,5.82,,3.68,2.86,30.1,29.82,,,0.0,0.0,,996.5,,50.61,100.48,7.38,17.58,15.81,49.02,20.31,0.5,88.07,3.94,5.62,5.38,,4.35,6.11,,,4.63,55.45,0.0,0.0,28.7,,
2024-12-17 07:00:00,301.73,432.62,220.04,77.61,219.89,,,3.84,17.27,,,,,,,,,,,,0,,,,160.2,371.0,11.33,44.25,32.75,36.24,27.02,3.66,33.69,38.15,228.33,26.7,,17.76,43.34,,94.93,0.95,286.65,,0,27.4,,-0.1,319.23,495.65,26.32,51.3,77.54,53.08,46.0,3.54,24.03,0.25,,,,0.06,0.11,8.52,93.38,,117.06,0.0,0.0,4.75,,,501.0,736.0,244.83,101.47,253.0,39.2,15.93,3.22,7.03,8.1,23.37,,,,,11.93,90.0,0.2,143.33,0.0,0.0,10.67,975.0,,212.75,266.5,70.12,58.95,88.38,56.02,13.3,2.25,9.55,3.7,14.9,,,,,11.5,86.0,0.3,252.75,0.0,0.0,5.75,993.75,,536.0,726.0,332.0,117.98,333.18,99.35,8.45,,25.78,17.7,14.1,,,,,10.3,87.0,0.42,316.5,0.0,0.0,11.0,965.75,,451.75,584.5,134.0,42.2,131.4,23.2,6.35,4.69,2.2,8.82,95.6,,,,,12.5,89.0,0.3,200.0,0.0,0.0,15.25,986.0,,381.0,614.0,118.4,67.6,132.22,48.62,11.32,1.71,4.93,4.8,99.9,,,,,11.2,87.0,3.2,349.0,0.0,0.0,14.75,978.25,,233.0,308.0,123.8,17.45,109.95,30.02,40.8,2.41,4.2,0.4,3.75,,,,,9.88,88.0,0.8,77.75,0.0,0.0,16.75,988.0,,,,,,,,,1.33,22.72,1.7,7.55,1.86,,0.97,0.46,30.1,29.87,,,0.0,0.0,,996.5,,52.71,105.42,7.38,18.46,15.3,47.68,7.59,0.53,88.4,3.87,5.89,5.46,,4.3,6.03,,,4.44,95.25,0.0,0.0,28.7,,
2024-12-17 08:00:00,293.82,431.24,364.66,103.68,389.54,,,4.38,16.7,,,,,,,,,,,,0,,,,193.3,371.7,10.2,39.56,29.33,36.4,29.18,4.43,35.15,,,,,,,,94.93,0.93,297.02,,0,67.5,,-0.01,342.08,450.4,26.37,50.78,77.17,53.08,46.4,3.67,23.9,0.11,,,,0.02,0.18,9.82,92.74,0.4,117.52,0.0,0.0,21.1,,,542.0,954.0,367.02,92.85,347.62,40.22,17.0,5.07,8.22,7.35,23.48,,,,,12.42,89.5,0.18,151.0,0.0,0.0,31.0,975.0,,230.5,290.5,69.6,72.7,95.2,56.2,13.68,2.36,10.02,4.68,23.85,,,,,12.22,86.0,0.3,257.75,0.0,0.0,22.5,994.75,,574.0,760.0,302.75,167.28,335.22,105.4,5.9,,24.02,17.58,13.12,,,,,11.28,83.5,0.68,313.25,0.0,0.0,41.0,966.0,,471.75,627.25,174.35,40.58,163.35,23.75,8.5,5.34,2.02,8.55,96.1,,,,,13.98,86.0,0.32,200.25,0.0,0.0,51.25,986.0,,349.0,578.0,87.1,75.75,111.12,41.38,10.98,1.83,4.58,3.22,71.12,,,,,11.62,84.75,3.2,,0.0,0.0,45.5,981.5,,241.75,331.75,141.55,19.2,125.28,30.12,41.1,2.55,4.72,0.43,3.88,,,,,11.18,88.0,0.75,172.25,0.0,0.0,73.5,988.0,,,,,,,,,1.3,22.45,1.68,7.7,1.95,,0.99,0.45,30.1,29.96,,,0.0,0.0,,996.5,,59.22,118.44,6.85,18.96,12.67,49.52,10.07,0.44,87.86,3.81,5.94,5.53,,4.3,6.19,,,5.63,228.36,0.0,0.0,28.7,,
2024-12-17 09:00:00,309.45,441.13,145.14,149.43,197.62,,,3.44,11.67,,,,,,,,,,,,0,,,,230.3,416.02,10.67,41.92,30.98,35.34,26.29,4.85,34.96,2.93,2.6,2.56,,1.63,2.98,,73.19,0.96,309.27,,0,121.82,,0.07,381.4,590.55,26.2,51.39,77.55,52.97,49.32,3.91,23.36,0.26,,,,0.05,0.16,12.81,85.62,0.05,117.32,0.0,0.0,38.33,,,579.0,907.0,360.0,126.32,359.8,39.42,19.52,5.42,8.02,7.15,25.3,,,,,13.78,84.5,0.25,178.5,0.0,0.0,54.0,975.0,,245.75,323.5,45.15,95.43,87.5,63.65,11.2,2.52,16.05,4.53,35.02,,,,,14.15,84.0,0.35,193.25,0.0,0.0,44.0,995.75,,544.0,780.0,185.77,238.73,278.57,108.38,6.8,,35.93,16.32,12.1,,,,,13.7,70.25,0.8,314.33,0.0,0.0,95.25,965.75,,465.5,652.25,203.9,45.72,190.12,23.45,8.12,4.19,1.7,8.62,93.92,,,,,17.18,65.75,0.82,134.0,0.0,0.0,113.25,986.0,,396.0,632.0,62.95,105.25,107.18,39.08,11.38,2.3,5.78,3.1,75.55,,,,,14.32,73.0,3.2,306.67,0.0,0.0,103.5,982.0,,249.25,421.5,167.98,72.75,175.28,38.25,42.6,3.29,5.5,0.43,4.15,,,,,14.98,84.5,0.92,130.25,0.0,0.0,186.75,988.5,,,,,,,,,1.32,32.69,1.7,7.84,1.86,,0.92,0.47,30.1,30.12,,,0.0,0.0,,996.5,,70.48,140.97,7.21,19.08,15.76,47.3,20.42,0.6,88.28,3.91,5.83,5.51,,4.16,6.34,,1.18,5.28,39.87,0.0,0.0,28.7,,
2024-12-17 10:00:00,341.53,470.76,51.46,257.0,182.9,,,3.05,13.42,,,,,,,,,,,,0,,,,264.02,425.45,15.46,52.58,40.54,37.76,22.94,4.08,30.15,2.89,2.55,2.58,,1.6,3.01,,50.16,1.82,287.03,,0,166.82,,0.14,418.96,678.76,24.22,22.3,50.0,46.51,49.36,3.48,23.72,0.35,,,,0.02,0.06,15.75,71.71,0.65,104.2,0.0,0.0,54.21,,,588.0,,217.68,197.27,281.9,34.0,18.95,2.72,9.62,7.35,24.98,,,,,15.3,74.25,0.45,169.25,0.0,0.0,73.25,975.0,,340.0,478.0,25.2,126.2,87.6,74.65,9.52,2.66,59.65,4.47,34.28,,,,,17.05,72.0,0.45,200.25,0.0,0.0,61.0,996.0,,530.5,807.75,56.18,201.42,153.1,92.52,8.4,4.75,18.42,15.15,10.9,,,,,15.68,61.5,1.82,264.25,0.0,0.0,133.0,965.75,,469.75,670.25,181.5,56.88,177.8,23.65,10.98,2.61,3.62,8.38,91.45,,,,,19.2,51.75,1.85,125.75,0.0,0.0,161.75,986.0,,488.0,802.0,30.15,133.55,95.52,39.17,11.68,2.66,19.4,3.35,93.82,,,,,17.38,60.0,3.22,312.0,0.0,0.0,166.25,983.0,,274.25,455.75,26.38,108.1,78.92,34.42,43.2,2.43,52.3,0.48,4.32,,,,,18.8,66.25,1.12,194.75,0.0,0.0,294.25,989.0,,236.5,387.38,14.06,42.5,34.04,26.93,16.56,1.14,32.9,1.69,7.76,1.8,,0.94,0.45,30.1,30.36,,,0.0,0.0,,996.5,,69.24,138.49,7.15,18.16,15.37,47.86,18.04,0.59,87.84,3.78,5.81,5.54,,4.25,6.18,,61.84,4.97,48.07,0.0,0.0,28.7,,
2024-12-17 11:00:00,331.38,485.0,19.76,143.45,92.4,,,2.61,69.01,,,,,,,,,,,,0,,,,164.0,420.4,11.52,43.4,32.44,38.14,25.16,3.58,56.23,3.06,2.53,2.55,,1.54,2.98,,37.62,1.92,278.37,,0,202.2,,0.18,381.71,521.35,22.9,21.94,43.2,44.56,47.84,2.74,27.0,0.34,,,,0.05,0.18,17.84,63.0,0.54,71.56,0.0,0.0,69.68,,,362.0,570.0,69.1,191.42,158.18,31.88,14.02,1.18,6.92,6.98,19.53,,,,,16.65,61.25,0.65,182.0,0.0,0.0,86.5,975.0,,390.0,497.0,13.72,126.72,78.58,82.88,9.4,2.68,164.92,4.1,24.92,,,,,20.62,54.5,0.48,231.25,0.0,0.0,89.75,996.0,,403.0,617.0,19.2,144.38,92.28,81.62,11.15,3.55,59.4,14.77,9.57,,,,,17.27,52.5,2.55,260.5,0.0,0.0,213.25,965.25,,417.75,597.0,128.82,68.38,141.1,23.38,14.68,1.23,9.6,7.45,86.52,,,,,20.12,45.75,2.75,134.25,0.0,0.0,209.75,986.0,,506.0,906.0,5.95,97.8,56.82,37.38,11.72,1.68,65.62,3.35,88.55,,,,,19.23,51.25,3.3,,0.0,0.0,197.75,982.75,,307.5,464.0,5.32,49.12,30.48,34.38,45.25,1.6,145.57,0.48,3.75,,,,,21.28,46.0,1.4,212.75,0.0,0.0,285.0,988.0,,222.9,372.1,12.0,42.46,32.44,26.27,19.9,0.5,45.36,1.68,7.62,1.79,,0.97,0.46,30.1,30.72,,,0.0,0.0,,996.5,,69.47,138.94,6.84,19.21,14.33,50.38,2.56,0.55,87.83,3.88,5.96,5.34,,4.31,6.19,,60.76,4.7,181.35,0.0,0.0,28.7,,
2024-12-17 12:00:00,303.79,453.85,7.36,102.93,60.74,,,2.4,129.04,,,,,,,,,,,,0,,,,98.8,361.38,11.92,40.88,31.44,37.61,32.26,1.86,54.77,2.96,2.55,2.55,,1.54,2.98,,32.7,1.84,273.96,,0,203.58,,0.17,314.95,450.01,22.74,32.51,55.1,49.21,47.12,2.19,31.89,0.28,,,,0.06,0.06,19.26,57.86,0.59,58.41,0.0,0.0,95.46,,,318.0,495.0,22.35,130.6,87.48,33.12,10.02,0.57,8.05,4.42,8.93,,,,,17.8,52.75,0.52,192.75,0.0,0.0,95.5,975.0,,373.0,501.0,7.22,70.55,43.5,73.03,9.9,2.05,255.77,2.05,8.48,,,,,22.4,43.5,0.52,235.75,0.0,0.0,110.5,995.25,,313.0,488.0,15.18,94.5,62.9,72.32,10.28,2.72,111.12,13.18,8.43,,,,,17.88,48.0,2.95,271.5,0.0,0.0,238.5,965.25,,302.0,437.5,61.65,82.22,93.85,22.75,13.83,0.8,21.72,6.6,76.88,,,,,20.7,42.75,2.88,141.25,0.0,0.0,231.5,985.5,,313.0,526.0,2.7,73.5,41.28,47.2,14.32,1.1,130.02,2.1,48.28,,,,,19.8,48.5,3.28,359.0,0.0,0.0,198.75,979.0,,286.75,400.75,6.15,54.72,34.1,34.9,45.65,1.67,187.82,0.4,3.22,,,,,22.0,41.5,1.5,208.5,0.0,0.0,191.5,988.0,,202.38,267.62,11.11,42.84,31.93,25.88,20.81,0.45,45.33,0.85,7.71,0.83,,1.64,1.43,30.1,30.85,,,0.0,0.0,,996.5,,68.31,136.62,7.05,19.15,15.94,50.78,2.58,0.58,86.7,3.86,5.98,5.56,,4.37,6.12,,1.12,5.22,327.93,0.0,0.0,28.7,,
2024-12-17 13:00:00,288.02,457.32,3.27,71.86,40.88,,,2.07,146.11,,,,,,,,,,,,0,,,,125.2,289.0,11.71,37.45,29.44,38.06,37.72,1.99,55.93,3.04,2.57,2.54,,1.61,3.01,,31.01,1.39,268.7,,0,136.57,,0.03,328.35,519.45,23.11,32.37,55.7,49.67,47.21,1.99,38.74,0.32,,,,0.02,0.14,20.36,53.4,0.7,23.44,0.0,0.0,165.29,,,257.0,411.0,18.3,112.6,74.8,34.22,7.15,1.19,10.38,4.18,6.12,,,,,18.45,48.75,0.5,178.75,0.0,0.0,162.25,975.0,,235.0,322.0,4.38,59.08,35.02,67.42,10.05,1.83,271.42,1.2,3.4,,,,,22.33,40.0,0.55,228.25,0.0,0.0,77.25,993.75,,267.0,439.0,9.88,87.18,54.38,70.82,6.02,2.54,153.45,11.5,7.55,,,,,18.5,45.0,2.6,262.75,0.0,0.0,198.5,965.5,,263.75,366.5,19.28,80.3,58.4,24.3,17.27,0.98,49.65,5.48,66.22,,,,,21.02,41.5,2.58,153.25,0.0,0.0,195.0,986.25,,274.0,483.0,0.9,56.62,30.42,52.3,13.82,1.03,164.32,1.75,41.98,,,,,20.7,45.25,3.25,,0.0,0.0,219.5,977.0,,310.75,432.25,5.65,64.78,39.08,38.05,46.32,1.71,224.58,0.4,3.32,,,,,21.58,41.75,1.62,212.0,0.0,0.0,204.5,987.25,,166.32,245.22,9.66,39.82,29.01,23.86,21.63,,45.51,0.85,7.73,0.88,,1.66,1.47,30.1,30.78,,,0.0,0.0,,996.5,,66.78,133.56,7.21,16.59,11.51,50.2,3.4,0.4,83.93,3.92,5.63,5.44,,4.34,6.18,,,5.13,331.12,0.0,0.0,28.7,,
2024-12-17 14:00:00,176.95,307.71,2.68,52.67,30.2,,,1.78,144.57,,,,,,,,,,,,0,,,,94.18,288.55,12.0,39.76,30.9,37.24,24.5,2.06,55.34,2.98,2.56,2.6,,1.56,2.98,,31.48,1.1,257.89,,0,85.0,,-0.06,288.12,412.99,22.64,32.11,54.7,49.68,46.84,1.79,42.12,0.26,,,,0.02,0.11,20.43,52.32,0.41,21.72,0.0,0.0,94.61,,,249.0,379.0,15.6,103.02,67.6,35.33,10.9,0.98,12.32,3.28,4.12,,,,,19.42,44.0,0.45,195.5,0.0,0.0,85.25,975.0,,189.0,287.0,3.75,56.7,33.22,66.35,9.2,1.92,285.12,1.52,3.58,,,,,22.1,41.5,0.48,258.75,0.0,0.0,69.25,993.0,,208.0,362.0,9.28,87.35,54.0,77.55,12.2,2.39,169.98,9.78,6.85,,,,,18.65,44.25,2.48,264.0,0.0,0.0,182.75,965.0,,294.25,412.0,5.05,75.4,44.22,24.32,15.7,0.88,78.58,4.12,55.05,,,,,20.95,42.0,2.0,179.25,0.0,0.0,141.0,986.75,,266.0,464.0,1.08,65.45,35.7,48.98,13.25,1.23,162.22,1.75,39.0,,,,,20.3,46.0,3.3,,0.0,0.0,188.25,977.0,,298.75,420.75,5.58,56.02,34.38,39.48,45.9,1.49,215.12,0.4,3.25,,,,,21.18,42.25,1.65,225.0,0.0,0.0,204.75,987.0,,133.65,217.9,8.7,39.21,27.97,23.32,21.48,1.16,65.43,0.86,7.58,0.85,,1.69,1.54,30.1,30.55,,,0.0,0.0,,996.5,,65.06,130.11,7.0,17.91,14.87,50.34,4.72,0.53,83.38,3.84,5.77,5.35,,4.34,6.2,,,5.22,335.47,0.0,0.0,28.7,,
2024-12-17 15:00:00,135.04,228.84,2.74,64.67,36.62,,,1.76,128.01,,,,,,,,,,,,0,,,,157.62,284.27,11.72,38.17,29.83,36.59,17.63,1.67,55.73,3.0,2.59,2.55,,1.56,2.98,,31.43,0.98,226.58,,0,56.6,,-0.11,251.58,383.06,22.3,32.34,54.58,49.56,46.73,1.6,45.25,0.12,,,,0.03,0.14,20.01,50.26,0.28,59.31,0.0,0.0,57.85,,,207.0,340.0,17.4,106.75,70.92,34.85,12.88,1.02,12.2,3.65,3.62,,,,,18.6,45.5,0.32,192.0,0.0,0.0,62.75,975.0,,204.0,293.0,3.62,51.62,30.4,67.38,12.93,2.12,293.85,2.25,5.05,,,,,21.98,42.0,0.42,275.25,0.0,0.0,49.5,993.0,,205.0,332.0,10.78,106.55,64.95,84.62,14.42,2.61,176.7,8.82,6.72,,,,,18.1,45.75,1.45,243.75,0.0,0.0,85.5,965.0,,280.25,423.75,5.32,60.97,28.62,25.6,11.32,0.7,74.35,3.22,41.58,,,,,20.75,42.5,1.08,130.25,0.0,0.0,84.5,985.25,,317.0,563.0,1.62,70.62,38.9,46.75,13.82,1.38,147.05,2.62,71.8,,,,,19.73,47.0,4.03,205.33,0.0,0.0,104.25,977.75,,261.75,375.75,5.42,55.9,34.15,39.78,45.0,1.38,192.75,0.4,2.9,,,,,21.05,42.75,1.08,204.5,0.0,0.0,139.5,987.0,,120.8,203.65,7.59,39.34,27.11,23.14,22.09,1.12,66.11,0.88,7.66,0.86,,1.73,1.44,30.1,30.31,,,0.0,0.0,,996.5,,61.08,121.96,7.2,19.44,15.54,49.55,11.49,0.54,82.2,3.92,6.02,5.47,,4.19,5.88,,,4.79,339.46,0.0,0.0,28.7,,
2024-12-17 16:00:00,134.42,217.86,4.86,120.29,67.93,,,1.96,69.9,,,,,,,,,,,,0,,,,154.22,269.8,12.27,40.34,31.44,37.76,15.85,1.57,54.03,2.93,2.55,2.59,,1.57,2.96,,48.77,0.69,40.45,,0,30.52,,-0.17,216.03,285.32,22.74,32.78,55.58,49.56,46.84,1.52,33.78,0.45,,,,0.02,0.14,18.28,60.96,,58.94,0.0,0.0,27.06,,,213.0,362.0,17.9,108.4,72.3,35.55,11.78,1.5,9.68,3.3,4.62,,,,,17.27,51.25,0.12,179.75,0.0,0.0,31.75,975.0,,194.0,279.0,3.58,53.7,31.42,63.8,13.12,2.13,248.08,2.35,5.12,,,,,20.85,48.75,0.35,218.25,0.0,0.0,28.75,993.0,,235.0,417.0,16.2,134.43,84.48,82.0,14.38,2.99,136.07,10.78,7.18,,,,,16.88,49.25,0.92,277.0,0.0,0.0,32.75,965.25,,226.0,353.75,4.15,,1.9,26.92,8.32,0.8,17.3,2.33,29.62,,,,,19.4,49.5,0.3,141.25,0.0,0.0,36.0,985.0,,278.0,538.0,2.68,70.35,39.62,36.35,12.12,1.37,101.55,2.45,142.3,,,,,18.62,49.0,1.42,85.5,0.0,0.0,46.0,979.75,,232.5,331.75,6.15,72.47,43.5,41.15,42.3,1.44,119.2,0.3,2.72,,,,,19.3,50.75,0.65,131.5,0.0,0.0,69.25,987.0,,128.8,203.65,8.42,38.7,27.48,23.39,21.78,1.74,40.93,0.83,7.59,0.85,,1.71,1.48,30.1,30.11,,,0.0,0.0,,996.5,,58.07,116.15,7.38,18.51,15.22,47.86,12.2,0.53,78.12,3.85,5.94,5.37,,4.28,5.94,,,5.48,341.52,0.0,0.0,28.7,,
2024-12-17 17:00:00,182.62,270.78,111.73,201.96,197.94,,,3.14,29.26,,,,,,,,,,,,0,,,,136.35,253.9,11.0,37.16,28.71,36.33,20.4,1.32,15.11,3.93,6.69,3.57,,7.73,4.89,,69.52,0.78,70.21,,0,15.55,,-0.19,257.9,370.64,22.29,32.73,55.06,49.7,46.95,1.71,28.59,0.25,,,,0.02,0.13,15.54,72.54,0.11,58.95,0.0,0.0,3.63,,,251.0,467.0,29.5,126.32,91.0,34.8,12.3,4.06,7.02,3.22,4.08,,,,,15.6,61.75,0.15,159.75,0.0,0.0,10.75,975.0,,195.0,278.0,3.65,60.95,35.45,67.53,13.5,2.38,218.98,2.38,10.15,,,,,19.12,57.75,0.62,71.75,0.0,0.0,7.5,993.0,,255.0,531.0,26.48,167.48,110.38,77.38,12.5,4.28,69.78,10.32,8.65,,,,,14.9,57.0,0.3,310.0,0.0,0.0,10.0,964.75,,230.25,350.0,2.95,,1.48,26.78,4.0,1.37,6.72,2.15,28.82,,,,,16.48,61.5,0.3,171.0,0.0,0.0,7.0,986.0,,269.0,652.0,5.5,88.1,51.32,33.88,10.3,1.93,35.22,2.35,131.7,,,,,16.48,58.25,0.72,78.0,0.0,0.0,13.0,980.5,,210.25,322.5,6.35,90.48,53.28,42.15,39.52,1.6,34.98,0.32,2.65,,,,,16.38,69.0,0.78,66.75,0.0,0.0,19.25,987.0,,135.75,250.62,9.04,35.02,25.99,22.83,20.47,2.48,41.74,0.85,7.68,0.86,,1.69,1.44,30.1,29.9,,,0.0,0.0,,996.5,,57.53,115.06,7.1,18.71,15.49,48.76,,0.51,83.52,3.89,5.93,5.32,,4.32,6.0,,,5.55,328.22,0.0,0.0,28.7,,
2024-12-17 18:00:00,274.32,402.63,262.24,232.87,337.2,,,4.14,28.45,,,,,,,,,,,,0,,,,160.82,248.5,11.81,38.55,30.11,36.39,12.39,2.2,15.88,4.1,6.64,3.52,,7.87,4.93,,76.66,0.62,59.11,,0,16.58,,-0.16,293.2,592.95,21.55,32.25,53.78,49.67,47.47,2.21,28.41,0.18,,,,0.04,0.22,13.62,78.96,,58.98,0.0,0.0,,,,459.0,806.0,115.78,149.72,174.2,32.83,15.4,7.65,6.98,3.78,7.85,,,,,14.58,70.0,0.22,148.5,0.0,0.0,7.0,975.0,,268.0,387.0,3.88,60.8,35.52,70.03,14.05,2.51,205.98,3.22,11.68,,,,,18.1,61.5,0.62,60.25,0.0,0.0,4.0,993.25,,362.0,693.0,199.1,232.25,285.12,69.88,17.08,,16.3,12.2,14.42,,,,,13.68,63.0,0.3,315.0,0.0,0.0,8.5,964.75,,261.5,415.75,4.1,,2.35,26.65,3.3,2.77,1.65,2.22,31.55,,,,,14.85,70.25,0.3,172.25,0.0,0.0,5.0,986.0,,394.0,915.0,4.32,86.52,49.55,36.95,9.75,2.37,34.4,3.08,144.72,,,,,15.05,67.0,0.38,78.0,0.0,0.0,8.0,981.75,,204.25,317.0,14.48,78.68,53.65,42.28,38.72,1.79,7.88,0.3,2.78,,,,,14.12,80.5,0.82,75.75,0.0,0.0,8.75,987.0,,158.05,273.47,13.07,28.59,25.8,23.17,20.62,2.25,24.88,1.03,7.62,2.02,,2.71,1.01,30.1,29.79,,,0.0,0.0,,996.5,,62.64,125.32,7.0,18.06,15.11,49.45,,0.57,85.0,3.86,5.74,5.32,,4.32,6.05,,,5.93,317.6,0.0,0.0,28.7,,
2024-12-17 19:00:00,251.31,373.36,304.41,228.05,368.74,,,4.77,29.72,,,,,,,,,,,,0,,,,200.08,281.35,11.88,41.2,31.58,36.74,14.05,2.67,15.02,3.91,6.61,3.52,,7.91,4.93,,81.18,0.55,116.7,,0,17.42,,-0.16,322.82,635.65,22.24,32.08,54.35,49.64,48.84,3.12,28.28,0.23,,,,0.05,0.24,12.82,83.29,0.48,82.37,0.0,0.0,,,,755.0,,199.88,148.1,241.32,30.4,20.6,7.84,7.15,5.0,17.18,,,,,14.18,73.5,0.3,142.25,0.0,0.0,7.0,975.0,,302.0,406.0,3.32,76.47,43.38,79.05,14.28,2.72,149.05,3.2,14.88,,,,,16.45,69.25,0.62,124.5,0.0,0.0,3.25,994.0,,494.0,975.0,291.18,215.62,351.75,62.88,20.65,,24.8,15.75,16.52,,,,,13.18,67.75,0.3,309.0,0.0,0.0,9.5,965.25,,313.0,501.25,3.3,,1.78,26.62,6.75,5.2,2.12,2.85,37.38,,,,,14.4,74.75,0.3,179.75,0.0,0.0,5.0,986.0,,536.0,913.0,4.22,86.08,49.2,38.65,10.25,2.38,26.9,4.12,118.7,,,,,14.32,70.5,1.1,78.0,0.0,0.0,8.0,981.0,,214.5,312.75,22.88,71.42,56.58,37.8,39.02,2.08,4.1,0.3,2.82,,,,,13.28,84.0,0.98,87.0,0.0,0.0,9.0,988.0,,163.28,301.45,19.87,23.64,28.79,25.2,20.2,2.99,24.72,1.01,7.76,1.93,,2.63,0.95,30.06,29.82,,,0.0,0.0,,996.5,,73.97,147.93,7.23,17.58,15.12,50.16,,0.76,87.06,4.02,5.82,5.4,,4.33,6.09,,,5.79,316.7,0.0,0.0,28.7,,
2024-12-17 20:00:00,287.64,483.18,349.46,223.77,403.08,,,5.46,32.48,,,,,,,,,,,,0,,,,167.0,314.27,9.44,33.09,25.28,36.63,17.25,4.05,7.59,12.87,8.96,10.19,,12.42,10.62,,85.0,0.42,135.99,,0,18.0,,-0.14,354.92,617.5,23.0,31.98,54.85,49.58,49.54,4.03,28.14,0.22,,,,0.05,0.05,11.97,85.31,,111.08,0.0,0.0,,,,561.0,946.0,240.05,155.18,277.9,30.05,19.03,7.49,8.7,8.25,24.68,,,,,13.95,78.0,0.3,138.75,0.0,0.0,7.0,975.0,,395.0,492.0,4.92,71.45,42.02,74.9,14.2,2.62,128.55,2.28,12.15,,,,,15.9,71.0,0.43,118.0,0.0,0.0,3.75,994.0,,511.0,,195.95,214.92,273.45,57.98,14.57,,31.1,16.82,16.88,,,,,12.78,72.5,0.3,324.0,0.0,0.0,11.0,966.0,,403.75,601.0,3.52,,1.6,26.8,10.88,7.62,1.38,3.95,48.2,,,,,13.98,78.5,0.38,148.0,0.0,0.0,5.0,986.0,,472.0,769.0,14.08,104.7,67.15,51.22,12.05,2.94,7.28,4.85,134.88,,,,,13.52,75.0,1.1,78.0,0.0,0.0,8.0,978.0,,230.0,328.5,11.08,62.0,41.98,39.0,38.58,2.0,4.47,0.35,3.02,,,,,12.72,84.0,0.8,64.25,0.0,0.0,9.0,988.0,,180.12,342.82,22.08,22.11,29.86,25.54,19.48,1.86,15.22,1.06,7.6,2.04,,2.73,0.99,30.1,29.78,,,0.0,0.0,,996.5,,81.1,162.21,6.96,18.81,11.98,47.04,,0.67,87.6,3.83,5.93,5.56,,4.16,6.07,,,6.25,329.37,0.0,0.0,28.7,,
2024-12-17 21:00:00,343.18,522.84,385.32,217.1,421.62,,,5.46,26.78,,,,,,,,,,,,0,,,,202.0,364.48,10.46,35.8,27.54,36.86,17.68,5.18,7.69,12.96,8.83,10.38,,12.56,10.89,,88.22,0.69,137.57,,0,17.65,,-0.14,373.68,588.75,23.64,32.24,55.82,49.69,51.25,5.1,29.55,0.21,,,,0.02,0.13,11.34,87.7,0.15,111.7,0.0,0.0,,,,752.0,,241.18,157.2,279.68,28.0,21.05,6.57,9.05,9.9,28.1,,,,,13.65,81.0,0.32,137.75,0.0,0.0,7.0,975.0,,315.0,366.0,5.72,66.15,39.82,61.72,12.17,2.68,55.68,0.12,0.88,,,,,14.92,76.25,0.43,227.0,0.0,0.0,3.0,994.0,,531.0,922.0,228.12,195.25,289.12,64.0,14.65,,24.92,15.45,16.48,,,,,12.25,77.5,0.3,323.5,0.0,0.0,10.5,965.75,,489.0,720.5,4.8,,2.4,26.5,13.05,6.76,1.8,5.88,59.35,,,,,14.02,78.5,0.38,150.0,0.0,0.0,5.0,986.0,,598.0,992.0,44.95,105.93,92.9,57.95,13.12,3.27,5.2,7.28,112.08,,,,,13.18,78.0,1.1,78.0,0.0,0.0,8.0,977.0,,238.5,330.25,13.05,52.35,38.48,36.22,38.05,2.22,4.5,0.35,2.92,,,,,11.95,82.5,0.75,52.0,0.0,0.0,9.0,988.0,,195.45,441.5,21.86,21.13,29.0,24.95,19.58,2.62,15.78,1.12,7.61,2.06,,2.68,0.94,30.1,29.8,,,0.0,0.0,,996.5,,80.65,161.31,7.24,17.54,16.27,47.96,,1.0,86.7,3.92,5.78,5.64,,4.23,6.45,,,5.96,315.19,0.0,0.0,28.7,,
2024-12-17 22:00:00,380.11,583.33,386.66,206.43,421.98,,,6.1,33.05,,,,,,,,,,,,0,,,,219.85,413.45,11.01,37.47,28.88,37.97,21.79,6.4,7.43,12.97,9.31,10.69,,11.82,10.85,,91.3,0.55,124.75,,0,17.95,,-0.14,371.32,582.95,22.7,32.04,54.89,49.76,52.01,5.47,29.97,0.25,,,,0.03,0.15,10.91,89.13,,111.88,0.0,0.0,,,,719.0,,184.7,156.45,233.35,25.58,22.4,4.84,11.62,10.48,25.9,,,,,13.28,82.5,0.28,136.75,0.0,0.0,7.0,975.0,,329.0,385.0,5.72,65.23,39.52,68.7,11.98,2.86,46.42,0.0,0.1,,,,,14.42,79.0,0.55,154.0,0.0,0.0,3.5,994.75,,586.0,989.0,213.05,171.52,264.15,75.2,15.05,,21.08,14.52,16.98,,,,,11.78,80.75,0.3,322.5,0.0,0.0,9.25,965.5,,589.25,855.25,3.1,1.1,2.43,26.12,15.9,0.01,2.48,8.57,71.6,,,,,13.58,82.5,0.3,173.5,0.0,0.0,5.0,986.0,,664.0,,13.2,91.38,59.32,57.35,12.25,3.05,4.68,7.8,126.2,,,,,12.78,80.5,1.05,78.0,0.0,0.0,8.0,977.0,,271.5,362.75,39.7,50.55,59.18,37.85,39.3,2.58,4.25,0.38,3.02,,,,,11.58,82.0,0.78,62.25,0.0,0.0,9.0,988.0,,342.95,561.98,22.66,19.1,28.62,24.55,20.24,1.61,15.44,1.08,7.72,2.0,,2.67,0.96,30.1,29.83,,,0.0,0.0,,996.5,,80.96,161.92,7.64,18.87,14.86,48.95,8.66,0.87,87.95,4.0,5.77,5.62,,4.19,6.26,,,5.44,305.39,0.0,0.0,28.7,,
2024-12-17 23:00:00,463.42,665.31,298.21,158.15,326.55,,,6.28,23.68,,,,,,,,,,,,0,,,,286.83,613.4,12.69,40.89,32.07,37.08,24.0,7.12,7.43,15.49,16.5,11.21,,8.75,8.73,,92.82,0.39,92.48,,0,18.03,,-0.14,377.14,553.45,21.36,31.93,53.31,49.72,51.98,5.32,29.28,0.17,,,,0.03,0.15,10.69,89.64,0.1,111.92,0.0,0.0,,,,678.0,,149.18,150.12,201.22,26.62,21.3,3.34,10.7,10.12,44.05,,,,,13.2,83.5,0.2,196.0,0.0,0.0,6.75,975.0,,333.0,395.0,5.75,62.38,37.8,65.75,10.75,3.26,31.33,2.72,12.52,,,,,14.35,80.75,0.42,88.75,0.0,0.0,3.75,995.0,,626.0,,145.1,162.3,204.38,95.42,13.05,5.66,19.3,13.8,17.0,,,,,11.75,81.0,0.45,318.75,0.0,0.0,10.0,966.0,,773.25,994.0,3.95,,2.8,26.15,15.8,4.12,1.95,10.6,79.62,,,,,13.5,83.75,0.3,182.75,0.0,0.0,5.0,986.0,,606.0,931.0,6.6,79.3,47.58,53.78,10.4,2.05,5.9,6.32,110.48,,,,,12.7,82.75,0.65,78.0,0.0,0.0,8.0,978.0,,291.0,387.5,29.7,49.1,50.25,35.17,39.1,2.44,3.75,0.4,3.18,,,,,11.4,83.5,0.82,56.0,0.0,0.0,8.75,988.0,,350.53,641.77,22.51,17.85,27.84,24.08,20.91,1.6,11.84,1.07,7.72,1.91,,2.75,0.92,30.1,29.8,,,0.0,0.0,,996.5,,81.01,162.01,7.15,17.88,9.98,50.46,12.28,0.45,89.49,3.91,5.74,5.44,,4.4,6.22,,,5.2,301.44,0.0,0.0,28.7,,
2024-12-18 00:00:00,455.64,658.66,206.18,128.09,235.78,,,5.39,18.29,,,,,,,,,,,,0,,,,286.8,547.78,12.27,39.49,30.98,38.03,30.4,4.88,5.79,7.38,9.3,8.7,,4.78,3.73,,87.7,0.63,132.46,,0,17.77,,-0.14,380.72,489.0,22.34,32.26,54.56,49.65,51.41,5.06,28.88,0.19,,,,0.04,0.13,10.46,90.24,,111.95,0.0,0.0,,,,526.0,847.0,125.32,127.65,169.72,27.0,19.45,1.74,9.27,8.3,49.28,,,,,13.25,83.75,0.2,179.5,0.0,0.0,7.0,975.0,,329.0,393.0,6.15,54.62,34.1,51.6,11.42,2.22,13.92,4.62,21.98,,,,,13.55,82.25,0.25,229.25,0.0,0.0,3.0,995.0,,565.0,801.0,110.55,142.52,165.62,95.5,9.5,5.32,16.12,14.05,15.52,,,,,11.58,82.25,0.4,321.5,0.0,0.0,9.25,965.5,,859.25,753.0,4.4,,2.8,26.45,11.77,4.24,0.8,11.45,81.15,,,,,13.72,84.25,0.3,180.25,0.0,0.0,5.0,986.0,,451.0,687.0,4.78,58.6,35.05,43.12,10.0,1.4,6.72,4.25,66.18,,,,,12.18,85.5,1.1,78.0,0.0,0.0,8.0,979.75,,279.0,380.0,30.67,53.88,53.58,33.42,39.38,2.78,4.28,0.4,3.92,,,,,11.58,88.0,0.78,63.0,0.0,0.0,8.5,988.0,,336.3,606.05,20.38,20.02,27.22,23.71,19.91,0.68,11.58,2.58,7.08,5.76,,3.72,2.89,30.1,29.76,,,0.0,0.0,,996.5,,77.71,154.54,7.15,18.71,15.75,46.62,12.5,0.54,87.22,3.88,5.92,5.5,,4.1,6.08,,,4.25,287.83,0.0,0.0,28.7,,
2024-12-18 01:00:00,428.88,598.39,162.22,102.86,186.57,,,4.44,16.06,,,,,,,,,,,,0,,,,173.52,422.55,10.29,35.65,27.33,36.4,28.2,2.66,5.9,7.61,9.46,8.97,,5.04,3.77,,90.48,0.63,138.32,,0,17.1,,-0.14,415.32,554.8,22.6,32.34,54.85,49.63,50.87,4.8,28.88,0.27,,,,0.02,0.14,10.04,91.58,0.3,111.96,0.0,0.0,,,,487.0,763.0,106.18,123.62,152.35,28.32,17.32,0.92,8.7,7.07,49.48,,,,,12.9,86.5,0.25,159.75,0.0,0.0,7.0,975.0,,326.0,361.0,7.12,53.4,34.17,64.53,11.45,1.77,13.8,4.82,22.0,,,,,13.05,82.0,0.32,256.75,0.0,0.0,3.0,994.5,,506.0,685.0,105.32,125.88,152.82,100.75,8.48,5.03,24.3,14.12,14.88,,,,,11.0,85.25,0.3,322.25,0.0,0.0,8.75,965.25,,515.0,705.0,3.9,,2.17,26.7,2.12,2.54,2.8,10.88,79.58,,,,,13.58,85.5,0.3,185.75,0.0,0.0,5.0,986.0,,401.0,596.0,3.32,51.12,29.9,40.55,9.93,1.25,6.4,3.42,50.98,,,,,11.85,88.25,0.68,78.0,0.0,0.0,8.0,981.25,,310.0,421.75,53.22,38.7,63.88,32.75,40.45,3.34,3.6,0.5,6.38,,,,,11.32,88.0,0.72,81.0,0.0,0.0,9.0,988.0,,282.85,497.5,18.37,21.39,26.38,23.11,19.65,0.21,11.26,2.57,7.02,5.84,,3.7,2.83,30.1,29.78,,,0.0,0.0,,996.5,,71.32,142.64,7.2,17.4,15.64,47.95,10.97,0.51,87.88,3.91,5.72,5.5,,4.21,6.02,,,5.14,322.17,0.0,0.0,28.7,,
2024-12-18 02:00:00,361.81,515.64,103.63,70.18,121.55,,,3.86,14.27,,,,,,,,,,,,0,,,,264.2,316.3,13.43,43.7,34.16,38.94,31.67,1.82,5.81,7.42,9.33,9.04,,4.87,3.66,,93.82,0.52,306.46,,0,17.3,,-0.14,430.9,569.3,22.92,32.34,55.34,49.63,50.86,4.56,29.76,0.16,,,,0.02,0.17,9.78,93.06,0.12,111.91,0.0,0.0,,,,500.0,764.0,96.6,98.5,130.3,29.0,,1.2,6.93,5.78,31.1,,,,,12.62,88.75,0.2,177.25,0.0,0.0,6.75,975.0,,305.0,365.0,7.9,54.1,35.2,63.9,11.5,1.89,11.38,4.6,19.68,,,,,12.68,81.75,0.3,256.5,0.0,0.0,3.0,994.0,,492.0,641.0,89.2,113.3,132.7,106.1,,4.76,14.32,14.02,14.3,,,,,10.9,87.75,0.3,323.25,0.0,0.0,10.25,965.75,,407.25,548.75,3.42,,1.65,26.75,1.1,2.09,1.23,9.45,73.95,,,,,13.2,86.75,0.38,172.25,0.0,0.0,5.0,986.0,,422.0,644.0,2.5,42.6,24.6,43.2,9.9,1.1,6.27,3.25,48.68,,,,,11.75,89.75,0.42,78.0,0.0,0.0,8.0,982.0,,343.75,458.75,58.2,28.7,62.6,32.3,41.1,3.46,4.18,0.57,8.5,,,,,11.08,88.0,0.8,75.25,0.0,0.0,9.0,988.0,,254.25,431.72,17.34,22.72,26.13,22.91,19.04,0.86,9.97,2.6,7.04,5.87,,3.73,2.84,30.1,29.78,,,0.0,0.0,,996.5,,69.65,139.3,6.84,18.22,15.47,51.76,11.0,0.5,86.29,3.79,5.82,5.47,,4.42,6.01,,,7.02,333.29,0.0,0.0,28.7,,
2024-12-18 03:00:00,344.7,489.82,118.35,64.19,130.4,,,3.92,16.43,,,,,,,,,,,,0,,,,173.2,300.42,12.3,38.95,30.72,37.81,21.83,2.14,5.82,12.5,14.25,10.29,,8.31,2.85,,94.62,0.56,133.44,,0,17.45,,-0.14,425.52,558.78,22.88,32.48,55.33,49.58,50.63,4.22,30.19,0.41,,,,0.02,0.29,9.36,93.58,,111.96,0.0,0.0,,,,433.0,682.0,93.75,106.25,132.7,27.4,9.72,1.85,6.52,5.88,31.85,,,,,12.4,90.5,0.22,155.75,0.0,0.0,7.0,975.0,,256.0,304.0,15.52,72.32,51.08,83.92,11.0,1.74,9.6,4.15,13.42,,,,,12.78,84.5,0.43,325.5,0.0,0.0,3.0,994.0,,445.0,593.0,64.92,93.9,102.62,66.6,3.18,4.09,20.52,12.6,13.0,,,,,10.78,89.0,0.3,309.0,0.0,0.0,10.25,965.75,,376.0,501.25,3.9,,2.38,26.48,0.3,1.94,1.4,8.07,66.4,,,,,12.92,88.25,0.3,161.0,0.0,0.0,5.0,986.0,,428.0,724.0,47.32,58.5,69.45,39.17,10.1,1.16,4.22,3.3,69.3,,,,,11.42,91.0,0.92,78.0,0.0,0.0,8.0,981.25,,354.0,470.5,56.55,20.05,56.62,28.25,40.62,3.24,4.1,0.7,9.78,,,,,10.75,88.0,0.75,78.0,0.0,0.0,9.0,988.0,,238.6,450.15,16.12,22.38,24.95,22.17,18.77,0.28,10.08,2.59,7.02,5.81,,3.68,2.9,30.1,29.77,,,0.0,0.0,,996.5,,,,,,,,,,,,,,,,,,,,,,0.0,,,
2024-12-18 04:00:00,372.96,497.91,154.25,65.73,160.37,,,4.0,15.4,,,,,,,,,,,,0,,,,184.6,276.62,13.55,40.14,32.37,40.6,19.18,1.88,8.46,12.6,14.41,10.54,,8.44,2.81,,94.83,0.87,98.59,,0,18.65,,-0.15,419.57,525.36,22.88,32.48,55.3,49.64,50.18,3.75,30.02,0.3,,,,0.02,0.05,9.81,92.98,0.94,123.4,0.0,0.0,,,,374.0,571.0,72.0,108.5,116.15,28.6,15.9,1.64,6.82,4.45,22.5,,,,,12.48,90.5,0.38,212.75,0.0,0.0,6.25,975.0,,293.0,361.0,11.3,64.3,43.4,68.28,9.77,1.45,11.32,0.8,2.3,,,,,12.5,85.5,0.4,312.75,0.0,0.0,3.0,994.0,,412.0,574.0,93.05,97.8,127.22,62.8,6.22,4.04,29.1,11.8,13.95,,,,,10.78,90.0,0.55,317.75,0.0,0.0,10.0,966.0,,357.0,465.75,4.47,,2.45,26.8,0.4,1.86,1.7,6.95,59.28,,,,,12.9,89.75,0.3,136.75,0.0,0.0,5.0,986.0,,382.0,620.0,38.62,65.7,66.32,39.65,10.25,1.14,3.97,3.32,78.38,,,,,11.02,91.25,0.88,78.0,0.0,0.0,8.0,979.25,,346.0,451.0,59.4,38.25,68.62,31.08,39.83,2.88,4.72,0.7,10.07,,,,,11.0,88.0,1.32,67.0,0.0,0.0,9.0,988.0,,241.23,444.0,15.11,22.66,24.34,21.78,19.12,1.16,12.32,2.61,6.97,5.76,,3.71,2.87,30.1,29.76,,,0.0,0.0,,996.5,,,,,,,,,,,,,,,,,,,,,,0.0,,,
2024-12-18 05:00:00,332.13,470.84,123.75,49.22,126.74,,,3.62,15.76,,,,,,,,,,,,0,,,,142.9,314.58,12.16,37.43,29.79,37.65,22.63,1.42,8.46,12.6,14.35,10.88,,8.63,2.86,,94.93,0.59,171.85,,0,17.35,,-0.15,418.8,557.42,21.94,31.69,53.75,49.62,49.28,3.2,28.98,0.16,,,,0.02,0.05,9.26,93.23,0.1,126.9,0.0,0.0,,,,354.0,547.0,50.42,112.98,100.95,27.15,15.82,1.35,6.7,4.03,19.05,,,,,12.32,90.75,0.35,207.75,0.0,0.0,6.75,975.0,,256.0,326.0,10.92,52.5,36.8,59.58,9.52,1.42,10.15,0.0,0.02,,,,,11.58,86.0,0.28,217.5,0.0,0.0,3.5,994.0,,418.0,575.0,58.2,83.3,91.5,66.42,5.38,3.52,24.0,11.7,13.58,,,,,10.62,90.25,0.38,320.25,0.0,0.0,10.25,965.75,,350.25,466.75,3.1,,1.82,26.7,0.2,1.86,1.3,6.18,54.48,,,,,13.18,90.0,0.32,225.5,0.0,0.0,5.0,986.0,,350.0,560.0,51.75,63.95,76.1,45.72,10.15,1.47,3.78,3.1,59.45,,,,,10.62,92.25,1.03,78.0,0.0,0.0,8.0,978.25,,352.75,495.0,46.15,41.32,59.53,33.15,39.28,2.29,4.32,0.62,9.17,,,,,11.6,88.0,0.75,116.0,0.0,0.0,9.0,988.0,,240.9,430.78,14.13,23.58,24.16,21.58,19.54,0.58,15.75,2.6,7.07,5.73,,3.68,2.91,30.09,29.67,,,0.0,0.0,,996.5,,,,,,0.0,,,0.0,,,,,,,,,,,,0.0,0.0,,,
2024-12-18 06:00:00,310.51,441.74,107.1,42.0,109.42,,,3.24,17.14,,,,,,,,,,,,0,,,,196.6,296.73,10.3,33.92,26.42,38.44,19.26,2.0,8.29,12.49,14.36,10.13,,8.4,2.92,,94.93,0.49,81.34,,0,17.23,,-0.14,404.16,521.05,22.44,32.14,54.5,49.63,48.5,2.76,28.85,0.24,,,,0.01,0.11,8.94,94.04,0.12,126.32,0.0,0.0,,,,384.0,580.0,54.05,110.05,102.45,27.8,15.3,1.36,6.0,3.48,16.75,,,,,12.15,91.0,0.35,223.0,0.0,0.0,6.25,975.0,,206.0,227.0,9.57,49.25,33.95,53.55,8.7,1.45,11.38,0.0,0.15,,,,,11.2,86.0,0.3,249.25,0.0,0.0,3.0,994.0,,434.0,591.0,44.9,91.32,85.05,86.45,3.9,3.32,22.92,10.88,11.5,,,,,10.4,91.0,0.45,322.5,0.0,0.0,10.75,966.0,,365.5,497.5,3.82,,1.75,26.85,,1.85,0.95,5.65,54.32,,,,,12.85,90.0,0.32,235.0,0.0,0.0,5.25,986.0,,339.0,532.0,65.58,60.58,85.52,47.02,10.3,1.48,3.9,3.0,50.25,,,,,10.32,93.0,1.08,78.0,0.0,0.0,8.0,978.0,,317.75,476.0,23.5,26.05,32.95,30.05,38.6,1.79,3.52,0.65,7.68,,,,,10.85,88.0,0.75,103.25,0.0,0.0,9.0,988.0,,240.7,451.4,12.4,25.75,23.81,21.36,19.33,1.14,15.2,2.57,6.94,5.73,,3.71,2.87,30.1,29.67,,,0.0,0.0,,996.5,,46.74,93.49,7.5,17.57,4.0,47.19,,0.74,83.79,4.01,5.71,5.57,,4.17,5.87,,,2.74,313.63,0.0,0.0,28.7,,
2024-12-18 07:00:00,328.11,449.45,106.94,44.88,110.78,,,2.97,17.23,,,,,,,,,,,,0,,,,194.6,283.0,10.39,36.85,28.05,36.34,17.1,2.09,8.59,12.69,14.3,10.58,,8.52,2.88,,94.93,0.35,222.0,,0,26.78,,-0.11,378.52,557.28,22.44,32.81,55.26,49.46,48.57,2.43,28.96,0.2,,,,0.06,0.12,8.84,94.69,0.5,126.2,0.0,0.0,5.04,,,377.0,578.0,60.68,112.48,109.0,28.85,14.38,1.58,5.75,3.1,15.55,,,,,11.98,91.5,0.3,194.75,0.0,0.0,10.5,975.0,,141.0,147.0,8.88,50.05,33.8,58.92,8.88,1.82,11.92,1.75,2.47,,,,,11.3,86.0,0.32,279.25,0.0,0.0,5.0,995.0,,415.0,533.0,41.95,92.0,82.95,104.15,3.12,3.19,19.9,10.42,9.85,,,,,10.45,91.25,0.52,317.75,0.0,0.0,11.25,966.0,,365.5,497.25,3.22,,1.6,26.82,4.12,1.93,1.35,5.48,53.4,,,,,12.82,90.0,0.3,235.0,0.0,0.0,15.25,986.0,,261.0,411.0,62.52,53.25,79.18,48.2,10.02,1.46,4.03,2.75,46.18,,,,,10.2,93.75,0.55,78.0,0.0,0.0,12.75,978.75,,279.5,410.75,14.23,21.55,23.0,28.38,38.17,1.53,3.7,0.55,6.05,,,,,10.42,88.0,0.7,105.5,0.0,0.0,16.25,988.0,,233.88,485.7,10.76,27.5,23.44,21.1,19.38,1.06,22.28,1.67,7.73,1.85,,0.93,0.46,30.1,29.7,,,0.0,0.0,,996.5,,55.58,111.16,6.95,17.89,11.6,48.98,,1.96,77.43,3.83,5.77,5.47,,4.27,6.15,,,4.27,295.02,0.0,0.0,28.7,,
2024-12-18 08:00:00,275.86,402.46,95.0,60.6,109.45,,,2.74,16.35,,,,,,,,,,,,0,,,,164.6,281.35,7.21,28.99,21.23,36.54,17.97,3.66,25.54,12.65,14.68,10.76,,8.62,2.76,,94.94,0.71,113.75,,0,63.28,,-0.01,370.9,492.4,21.94,32.21,54.3,49.71,48.48,2.31,28.83,0.1,,,,0.05,0.19,10.02,93.3,1.32,136.14,0.0,0.0,24.08,,,371.0,547.0,66.03,109.3,111.98,29.02,12.8,1.99,6.1,2.78,12.52,,,,,12.38,90.5,0.42,232.5,0.0,0.0,32.0,975.0,,138.0,161.0,9.18,46.7,32.33,56.42,9.1,1.82,17.65,3.8,4.65,,,,,11.95,86.0,0.43,323.0,0.0,0.0,18.5,995.5,,434.0,586.0,73.68,126.62,126.82,100.78,5.47,3.83,20.52,10.75,9.7,,,,,11.0,90.0,0.7,318.5,0.0,0.0,36.25,966.0,,373.5,518.25,3.8,,1.98,26.58,5.35,2.29,1.98,5.3,50.32,,,,,13.9,89.5,0.68,257.0,0.0,0.0,53.0,986.0,,224.0,373.0,38.47,38.58,51.82,40.8,9.62,1.55,4.12,2.68,38.72,,,,,10.0,94.0,0.72,85.5,0.0,0.0,32.0,980.5,,259.0,386.25,30.65,28.25,39.92,28.12,38.68,1.67,5.62,0.45,4.92,,,,,11.55,88.0,1.05,77.0,0.0,0.0,66.75,988.75,,235.82,539.17,10.04,27.04,22.6,20.76,20.15,1.54,22.39,1.68,7.67,1.95,,0.96,0.47,29.97,29.87,,,0.0,0.0,,996.5,,79.67,159.33,7.09,18.25,15.55,48.7,,0.78,90.78,3.88,5.83,5.48,,4.25,6.15,,,6.4,289.6,0.0,0.0,28.7,,
2024-12-18 09:00:00,259.91,426.2,48.89,90.48,87.92,,,2.63,14.45,,,,,,,,,,,,0,,,,171.9,317.08,14.96,48.88,38.17,37.44,23.2,2.47,25.85,3.04,2.59,2.57,,1.59,3.01,,84.59,0.85,46.5,,0,121.0,,0.07,376.25,520.4,21.95,32.5,54.34,49.63,48.01,2.19,28.18,0.28,,,,0.03,0.06,11.62,89.39,1.56,168.05,0.0,0.0,43.9,,,372.0,586.0,72.4,115.3,120.33,27.83,14.07,2.0,6.5,2.43,13.07,,,,,13.17,85.67,0.6,240.67,0.0,0.0,60.33,975.0,,155.0,193.0,9.38,46.22,32.25,57.55,9.23,1.87,25.88,3.7,4.25,,,,,12.72,86.0,0.4,307.25,0.0,0.0,40.5,996.5,,440.0,646.0,67.75,143.43,131.45,108.3,6.8,4.13,30.38,11.52,10.12,,,,,12.25,82.0,1.4,309.25,0.0,0.0,85.75,966.0,,391.5,553.0,2.98,0.2,2.15,26.5,5.75,2.07,2.62,5.32,47.2,,,,,15.52,78.0,2.1,264.25,0.0,0.0,115.75,986.0,,215.0,324.0,30.2,43.02,47.45,36.02,9.15,1.52,4.1,2.65,49.47,,,,,10.32,93.5,0.68,82.25,0.0,0.0,61.25,981.0,,272.25,432.0,21.05,62.32,50.25,33.83,40.0,1.89,12.48,0.4,4.28,,,,,14.48,84.25,1.72,73.5,0.0,0.0,159.0,989.0,,236.82,547.1,9.23,28.14,22.45,21.13,20.62,2.09,32.08,1.66,7.65,1.89,,0.96,0.46,29.93,30.18,,,0.0,0.0,,996.5,,95.24,190.48,7.0,19.61,15.96,47.2,30.48,0.66,90.18,3.84,6.07,5.56,,4.17,6.16,,,4.3,254.23,0.0,0.0,28.7,,
2024-12-18 10:00:00,344.26,474.44,30.79,153.57,106.66,,,2.63,11.19,,,,,,,,,,,,0,,,,227.4,371.15,13.44,43.21,33.91,35.98,18.0,2.76,25.98,3.06,2.56,2.53,,1.58,3.0,,65.57,0.65,54.1,,0,162.5,,0.12,389.19,546.37,22.1,32.26,54.4,47.3,47.67,2.1,28.52,0.2,,,,0.01,0.08,13.74,81.61,1.48,165.8,0.0,0.0,60.62,,,371.0,582.0,55.38,124.42,111.1,26.92,15.02,2.0,6.6,2.68,9.7,,,,,14.05,80.5,0.48,220.25,0.0,0.0,74.25,975.0,,206.0,272.0,9.7,49.38,34.17,61.32,8.2,1.91,35.28,3.88,4.2,,,,,14.1,83.5,0.42,216.5,0.0,0.0,71.5,997.0,,476.0,642.0,41.28,144.68,110.38,94.3,8.18,3.96,23.48,11.22,10.28,,,,,14.02,69.25,1.3,307.0,0.0,0.0,126.0,965.5,,440.75,610.75,3.45,1.3,2.25,26.4,7.15,2.54,2.28,4.97,44.3,,,,,17.7,63.5,2.08,279.0,0.0,0.0,167.25,986.0,,244.0,370.0,26.42,47.08,46.52,36.6,8.95,1.41,5.45,2.3,64.12,,,,,11.35,92.0,0.75,86.75,0.0,0.0,108.5,982.0,,299.0,494.5,13.48,83.75,55.48,36.45,40.07,1.79,36.78,0.43,3.62,,,,,16.85,75.25,1.88,74.0,0.0,0.0,266.5,989.0,,243.1,540.58,8.52,25.87,20.68,20.1,21.99,1.66,32.15,1.67,7.65,1.8,,0.93,0.49,29.93,30.35,,,0.0,0.0,,996.5,,110.68,221.37,7.36,18.31,16.62,49.7,30.14,0.56,89.84,3.96,5.84,5.68,,4.31,6.23,,,3.83,182.84,0.0,0.0,28.7,,
2024-12-18 11:00:00,353.82,521.33,14.1,113.86,72.0,,,2.67,22.79,,,,,,,,,,,,0,,,,210.2,440.1,12.93,44.16,34.0,36.8,22.96,3.1,56.02,3.01,2.59,2.57,,1.59,2.95,,56.76,0.96,93.57,,0,184.62,,0.13,374.1,522.44,22.84,32.39,55.08,42.96,47.45,2.01,29.19,0.2,,,,0.06,0.15,16.38,71.27,1.24,127.13,0.0,0.0,77.61,,,388.0,609.0,35.4,137.48,101.98,24.82,14.28,2.17,6.12,3.58,10.22,,,,,15.42,72.0,0.5,223.5,0.0,0.0,87.75,975.0,,223.0,306.0,7.7,51.52,33.65,62.28,9.12,1.82,65.3,3.25,3.32,,,,,16.9,77.25,0.35,249.75,0.0,0.0,99.75,995.75,,440.0,619.0,31.6,161.35,111.45,78.28,11.4,4.75,37.98,11.58,9.88,,,,,15.65,62.25,1.5,295.0,0.0,0.0,189.5,965.75,,512.5,687.0,3.62,,2.52,26.6,11.22,2.23,7.02,4.95,44.05,,,,,19.45,55.25,1.85,293.0,0.0,0.0,191.5,986.0,,282.0,494.0,30.7,66.8,60.48,39.75,9.57,1.8,9.73,2.6,107.1,,,,,14.35,79.25,0.8,89.75,0.0,0.0,242.25,981.25,,312.75,490.5,10.98,77.53,50.18,37.62,42.05,1.6,70.85,0.4,3.02,,,,,19.3,57.75,1.85,95.75,0.0,0.0,283.25,988.0,,256.1,503.3,7.83,24.44,19.32,19.08,15.56,1.28,45.66,1.68,7.69,1.86,,0.96,0.45,30.04,30.32,,,0.0,0.0,,996.5,,120.16,240.33,7.38,18.38,15.4,47.84,,0.55,88.02,3.97,5.86,5.46,,4.2,6.15,,,3.6,26.23,0.0,0.0,28.7,,
2024-12-18 12:00:00,328.89,501.65,6.59,97.45,57.13,,,2.5,63.31,,,,,,,,,,,,0,,,,207.0,402.28,11.55,40.69,31.03,37.62,33.83,2.11,56.08,3.01,2.59,2.58,,1.6,2.96,,45.43,1.18,103.64,,0,199.2,,0.13,342.5,478.55,22.45,32.46,54.93,38.67,47.24,1.88,35.72,0.44,,,,0.02,0.11,18.74,64.16,1.1,75.5,0.0,0.0,92.3,,,399.0,632.0,30.75,143.38,101.42,23.25,15.95,2.14,7.6,4.3,10.62,,,,,16.77,63.5,0.6,219.75,0.0,0.0,91.75,975.0,,280.75,339.0,5.55,51.62,31.95,68.22,9.62,1.8,106.08,0.25,0.3,,,,,19.5,63.25,0.43,272.75,0.0,0.0,118.25,994.0,,442.0,638.0,18.0,122.85,79.38,78.35,14.72,3.58,72.0,11.82,10.15,,,,,16.95,56.0,1.65,281.75,0.0,0.0,218.5,965.25,,456.75,635.75,3.08,,1.7,26.8,19.47,1.55,17.6,4.95,42.68,,,,,20.55,49.0,2.12,297.75,0.0,0.0,217.5,986.0,,429.0,699.0,12.05,93.08,59.3,66.03,12.18,1.71,38.52,3.47,153.45,,,,,17.9,61.25,0.68,64.0,0.0,0.0,266.75,975.0,,311.25,451.0,9.82,72.68,46.62,42.85,46.48,1.43,109.92,0.4,2.62,,,,,20.52,50.25,1.85,109.75,0.0,0.0,197.5,987.0,,256.45,385.9,7.47,22.93,18.23,18.08,10.15,0.61,45.52,0.85,7.74,0.83,,1.73,1.5,30.1,30.38,,,0.0,0.0,,996.5,,104.48,208.95,7.08,18.67,15.49,49.76,,0.55,84.63,3.75,5.88,5.41,,4.19,6.08,,,3.21,22.13,0.0,0.0,28.7,,
2024-12-18 13:00:00,321.54,436.74,2.84,74.77,42.06,,,2.13,108.9,,,,,,,,,,,,0,,,,181.5,373.3,13.35,42.85,33.65,38.57,18.44,0.25,51.74,2.85,2.58,2.58,,1.52,3.01,,37.77,1.04,94.54,,0,151.57,,0.03,306.76,412.21,22.1,32.53,54.88,39.74,47.39,1.73,42.41,0.17,,,,0.06,0.06,20.52,57.12,0.55,43.34,0.0,0.0,166.19,,,388.0,591.0,21.68,122.52,82.92,25.38,15.88,1.35,8.1,4.3,12.95,,,,,17.92,56.75,0.5,239.5,0.0,0.0,155.0,975.0,,295.0,371.0,5.03,50.75,31.08,75.03,10.3,1.78,161.15,0.0,0.0,,,,,20.4,58.75,0.57,204.75,0.0,0.0,85.75,993.0,,346.0,495.0,12.22,100.45,63.3,83.32,18.62,2.97,118.08,10.2,8.52,,,,,17.4,53.25,1.75,299.75,0.0,0.0,173.5,965.5,,339.75,500.25,3.5,,1.95,26.85,25.52,0.96,33.78,4.47,38.05,,,,,21.12,45.0,1.88,278.25,0.0,0.0,198.75,985.75,,403.0,669.0,2.48,54.25,30.9,57.05,13.4,1.1,79.95,3.0,89.7,,,,,19.18,56.0,0.68,58.5,0.0,0.0,265.0,975.75,,298.0,412.25,6.2,50.25,31.78,45.48,48.25,1.24,156.85,0.35,2.42,,,,,21.42,44.5,1.45,125.0,0.0,0.0,202.25,987.0,,228.55,308.3,6.98,22.54,17.64,17.67,13.65,,45.65,0.86,7.62,0.86,,1.63,1.47,30.1,30.56,,,0.0,0.0,,996.5,,77.37,154.74,7.25,18.8,12.32,48.29,3.72,0.48,82.85,3.93,5.9,5.76,,4.25,6.06,,,2.78,67.64,0.0,0.0,28.7,,
2024-12-18 14:00:00,269.51,396.46,2.61,74.4,41.7,,,2.14,135.08,,,,,,,,,,,,0,,,,162.8,291.52,11.75,39.8,30.72,37.42,15.2,0.25,54.74,2.96,2.58,2.52,,1.55,2.94,,36.5,0.77,74.54,,0,84.88,,-0.09,272.84,392.67,22.42,31.9,54.18,41.19,47.09,1.63,49.71,0.18,,,,0.03,0.11,20.98,55.06,0.82,103.15,0.0,0.0,102.53,,,319.0,511.0,18.75,104.92,71.0,27.18,13.8,0.88,7.85,3.75,12.62,,,,,19.27,49.75,0.3,228.0,0.0,0.0,88.25,975.0,,295.0,351.75,5.58,51.08,31.5,76.78,10.0,1.78,209.32,0.0,0.12,,,,,20.85,54.75,0.38,258.5,0.0,0.0,71.75,992.25,,296.0,432.0,7.72,80.6,49.0,94.92,26.47,2.44,146.15,8.15,8.4,,,,,17.62,51.25,1.42,300.5,0.0,0.0,145.75,965.5,,262.75,370.75,3.0,32.8,1.87,26.35,20.08,0.98,52.62,4.25,32.6,,,,,21.0,45.0,1.58,219.25,0.0,0.0,147.0,985.25,,285.0,447.0,0.85,43.4,23.78,56.88,13.42,0.9,96.28,2.22,38.75,,,,,19.55,54.25,0.68,60.25,0.0,0.0,208.0,976.5,,247.5,331.0,6.28,53.55,33.58,44.6,52.72,1.17,186.42,0.35,2.25,,,,,21.22,42.75,1.32,117.5,0.0,0.0,195.25,986.25,,189.75,267.9,7.5,21.54,17.6,17.51,16.67,0.8,65.36,0.86,7.69,0.83,,1.68,1.5,30.1,30.46,,,0.0,0.0,,996.5,,60.53,121.06,6.98,18.84,16.14,49.9,7.56,0.56,78.31,3.82,5.9,5.59,,4.3,6.08,,,3.05,213.95,0.0,0.0,28.7,,
2024-12-18 15:00:00,248.74,391.24,2.5,53.44,30.43,,,1.96,140.32,,,,,,,,,,,,0,,,,176.7,245.77,11.23,39.74,30.27,36.0,16.19,1.2,59.84,3.15,2.54,2.54,,1.62,2.96,,37.23,0.93,96.19,,0,57.68,,-0.14,303.32,411.45,22.36,32.8,55.14,37.52,46.97,1.6,52.07,0.2,,,,0.04,0.16,20.24,59.1,1.79,167.84,0.0,0.0,62.45,,,235.0,399.0,18.32,111.42,73.95,28.05,14.12,1.02,7.88,4.18,10.45,,,,,18.3,53.25,0.55,234.0,0.0,0.0,64.25,975.0,,278.5,332.5,5.6,49.9,31.0,81.0,,1.58,218.52,0.72,1.15,,,,,21.02,51.0,0.35,293.25,0.0,0.0,47.5,992.0,,280.0,389.0,9.43,97.92,59.85,109.7,21.02,2.69,132.2,7.4,8.52,,,,,17.15,54.25,1.45,310.0,0.0,0.0,77.0,965.25,,261.75,375.75,7.12,55.52,35.33,23.98,16.5,1.03,53.95,3.82,30.42,,,,,20.7,46.5,0.92,242.0,0.0,0.0,84.0,985.0,,290.0,489.0,1.08,45.48,25.02,55.9,13.15,0.88,104.12,1.88,29.1,,,,,19.3,53.0,0.57,52.75,0.0,0.0,117.25,976.75,,246.25,341.5,6.08,64.35,39.15,46.72,47.95,1.44,179.0,0.3,2.32,,,,,20.88,47.75,1.9,72.0,0.0,0.0,140.5,986.0,,163.48,240.35,7.23,20.44,16.81,17.06,16.2,1.03,63.6,0.84,7.79,0.9,,1.74,1.42,30.1,30.27,,,0.0,0.0,,996.5,,57.66,115.32,6.88,18.66,15.16,48.52,20.44,0.56,78.38,3.81,5.86,5.5,,4.32,6.14,,,2.89,235.79,0.0,0.0,28.7,,
2024-12-18 16:00:00,232.07,360.88,2.82,55.83,32.0,,,1.9,103.54,,,,,,,,,,,,0,,,,170.3,226.4,10.96,41.9,31.2,35.93,13.44,1.37,52.6,2.88,2.56,2.58,,1.55,2.96,,42.57,0.98,75.43,,0,35.07,,-0.19,313.4,456.05,22.81,32.46,55.29,38.09,47.11,1.64,40.66,0.19,,,,0.02,0.25,18.95,64.07,0.68,152.07,0.0,0.0,28.72,,,263.0,426.0,21.3,102.5,71.75,29.1,12.22,1.21,9.12,3.58,9.7,,,,,17.38,55.5,0.42,227.5,0.0,0.0,34.75,975.0,,239.25,293.75,4.78,47.0,28.88,91.68,15.7,1.08,,2.32,3.08,,,,,20.12,56.0,0.4,313.25,0.0,0.0,26.75,992.0,,293.0,447.0,9.65,133.85,79.0,105.62,16.35,2.92,97.85,8.07,13.05,,,,,16.18,56.75,1.35,313.5,0.0,0.0,34.0,965.5,,251.75,368.0,6.78,59.75,37.28,23.62,14.52,1.32,40.78,3.35,29.2,,,,,19.58,49.75,1.48,280.0,0.0,0.0,32.75,985.0,,276.0,523.0,2.05,56.22,31.55,53.12,16.38,0.8,81.0,1.52,42.9,,,,,18.5,51.0,0.88,64.75,0.0,0.0,56.25,976.5,,275.75,401.0,5.8,47.58,30.02,46.58,43.08,1.33,143.52,0.3,2.2,,,,,19.4,55.25,1.12,71.0,0.0,0.0,69.0,986.0,,164.85,281.1,7.73,20.03,17.02,17.08,15.64,1.33,43.34,0.88,7.59,0.86,,1.72,1.48,30.1,30.0,,,0.0,0.0,,996.5,,58.76,117.53,7.09,18.42,10.8,49.9,18.74,0.44,77.94,3.97,5.64,5.46,,4.25,6.01,,,3.95,262.03,0.0,0.0,28.7,,
2024-12-18 17:00:00,273.36,376.81,53.42,138.06,117.26,,,2.52,38.89,,,,,,,,,,,,0,,,,118.1,248.25,12.46,39.7,31.24,37.5,13.46,1.76,15.24,3.96,6.78,3.7,,8.09,5.02,,56.79,0.8,65.76,,0,16.2,,-0.21,293.25,421.75,22.5,32.65,55.1,59.57,47.34,1.85,29.37,0.37,,,,0.02,0.16,15.83,75.56,,151.04,0.0,0.0,4.03,,,231.0,415.0,28.12,111.3,82.1,27.68,12.28,2.09,7.65,2.75,5.58,,,,,15.85,64.25,0.22,152.0,0.0,0.0,12.0,975.0,,235.0,282.0,3.85,46.2,27.68,71.18,11.68,1.68,113.68,2.42,7.75,,,,,17.9,68.25,0.32,198.0,0.0,0.0,7.25,992.0,,271.0,411.0,29.35,175.78,117.32,96.58,12.65,3.69,47.25,7.6,9.8,,,,,14.6,64.0,0.6,319.5,0.0,0.0,11.0,965.0,,282.25,439.25,7.52,57.7,36.83,23.55,10.28,1.67,16.65,3.45,34.43,,,,,17.75,56.75,0.57,260.75,0.0,0.0,7.75,985.75,,235.0,494.0,0.88,53.58,29.2,37.88,10.12,1.45,52.8,1.5,41.1,,,,,15.78,66.0,1.1,68.0,0.0,0.0,14.5,979.75,,257.0,357.75,5.18,51.9,31.8,46.12,39.65,1.32,58.78,0.3,2.0,,,,,16.5,73.0,0.7,89.5,0.0,0.0,20.25,986.0,,159.72,281.05,8.91,17.78,16.7,16.94,14.36,1.6,34.25,0.85,7.75,0.85,,1.66,1.46,30.1,29.7,,,0.0,0.0,,996.5,,60.53,121.06,6.91,17.84,14.87,50.09,14.63,0.58,78.37,3.98,5.71,5.37,,4.26,6.15,,,4.6,282.52,0.0,0.0,28.7,,
2024-12-18 18:00:00,316.31,487.4,266.61,203.63,325.26,,,4.79,31.58,,,,,,,,,,,,0,,,,148.3,283.7,9.01,31.35,24.0,36.0,,,12.23,,,,,,,,82.39,0.88,54.33,,0,17.4,,-0.18,292.36,481.8,22.48,32.54,55.06,63.57,47.98,2.54,28.76,0.18,,,,0.04,0.19,13.81,83.56,,151.15,0.0,0.0,,,,446.0,746.0,76.12,132.1,131.85,24.6,13.9,5.74,7.45,3.18,5.65,,,,,14.35,75.75,0.25,145.25,0.0,0.0,7.0,974.75,,234.0,290.25,4.18,52.18,31.15,62.62,9.85,1.9,77.45,2.45,6.98,,,,,16.02,75.5,0.3,252.25,0.0,0.0,3.0,992.25,,305.0,545.0,146.75,176.15,213.22,81.0,11.98,,29.12,8.28,9.07,,,,,12.88,74.25,0.3,321.75,0.0,0.0,8.75,965.25,,300.0,481.0,10.6,56.25,38.55,23.7,6.9,2.44,2.3,3.42,43.72,,,,,15.5,67.75,0.3,269.0,0.0,0.0,5.0,986.0,,329.0,554.0,10.52,79.25,50.72,37.55,10.88,2.24,14.8,2.48,65.85,,,,,14.05,76.0,1.1,68.0,0.0,0.0,8.0,981.0,,241.25,332.75,5.88,41.32,26.78,43.85,38.83,1.47,17.15,0.3,1.92,,,,,14.38,83.75,0.88,53.75,0.0,0.0,8.75,986.5,,160.15,337.82,10.3,15.95,16.86,17.12,13.88,2.46,25.62,1.1,7.77,2.0,,2.62,0.96,30.1,29.72,,,0.0,0.0,,996.5,,64.06,128.11,7.41,17.08,11.74,52.37,11.92,0.44,84.0,3.89,5.78,5.48,,4.2,6.25,,,3.38,291.83,0.0,0.0,28.7,,
2024-12-18 19:00:00,413.35,633.65,328.39,191.25,368.7,,,5.74,33.16,,,,,,,,,,,,0,,,,184.5,341.05,10.01,36.08,27.34,35.32,20.24,2.52,11.9,,,,,,,,84.98,0.64,119.11,,0,17.75,,-0.17,316.42,622.04,21.62,32.05,53.74,63.72,48.74,3.2,28.53,0.19,,,,0.06,0.13,12.99,86.42,,151.31,0.0,0.0,,,,741.0,,158.18,127.12,196.4,23.02,16.6,7.11,8.22,4.47,12.25,,,,,13.92,80.25,0.3,138.25,0.0,0.0,7.0,975.0,,229.5,278.75,6.75,58.55,36.62,58.35,9.85,1.89,36.6,2.55,6.72,,,,,15.15,79.75,0.48,224.75,0.0,0.0,3.0,993.0,,411.0,715.0,193.32,167.5,245.48,66.53,15.8,,36.05,10.55,11.68,,,,,12.32,78.25,0.3,316.75,0.0,0.0,9.5,965.5,,339.75,533.5,17.8,55.62,44.08,23.48,6.82,4.42,1.45,4.12,51.98,,,,,14.95,72.0,0.3,269.0,0.0,0.0,5.0,986.0,,528.0,813.0,84.92,97.02,120.68,43.68,15.68,3.22,4.62,5.48,142.25,,,,,13.32,81.5,1.1,68.0,0.0,0.0,8.0,981.0,,248.0,323.5,7.98,40.42,27.98,40.92,38.35,1.54,7.95,0.3,1.82,,,,,13.22,83.5,0.8,48.75,0.0,0.0,9.0,987.0,,171.62,382.42,11.71,14.16,17.08,17.32,15.04,4.36,24.53,1.0,7.74,2.0,,2.77,0.98,30.1,29.69,,,0.0,0.0,,996.5,,76.16,152.32,7.3,17.89,14.94,48.56,15.34,0.58,88.92,3.89,5.75,5.4,,4.34,6.04,,,4.42,295.35,0.0,0.0,28.7,,
2024-12-18 20:00:00,389.18,591.06,263.0,168.45,303.16,,,5.3,26.43,,,,,,,,,,,,0,,,,215.62,347.5,10.18,36.89,27.9,37.82,17.82,2.96,13.09,1.94,2.87,2.0,,1.31,1.77,,88.46,0.69,130.25,,0,18.32,,-0.16,349.82,628.95,22.34,32.43,54.6,63.65,49.83,4.04,28.48,0.28,,,,0.06,0.15,12.24,88.83,,151.27,0.0,0.0,,,,733.0,,279.05,121.62,291.35,21.8,17.77,9.45,9.7,5.82,14.3,,,,,13.62,83.5,0.3,135.0,0.0,0.0,7.0,975.0,,243.0,289.75,13.65,68.58,47.62,57.7,10.2,2.03,36.25,2.15,5.15,,,,,14.55,83.0,0.38,227.75,0.0,0.0,3.0,993.0,,440.0,752.0,191.72,163.43,242.95,61.38,12.53,,37.55,13.0,14.08,,,,,12.05,78.75,0.3,318.0,0.0,0.0,11.0,966.25,,431.25,644.0,51.18,55.35,71.05,21.18,9.95,6.7,1.78,5.22,62.25,,,,,14.3,78.0,0.3,268.75,0.0,0.0,5.0,986.0,,586.0,,189.08,114.18,214.4,52.32,19.3,4.42,4.25,7.02,270.23,,,,,13.02,84.0,1.1,68.0,0.0,0.0,8.0,980.75,,251.75,325.5,16.62,43.8,36.83,40.72,38.35,2.11,4.22,0.3,2.08,,,,,12.52,82.25,0.7,78.75,0.0,0.0,9.0,987.0,,205.18,403.08,11.01,14.98,16.95,17.0,14.96,1.31,15.22,1.06,7.83,1.9,,2.67,0.96,30.1,29.74,,,0.0,0.0,,996.5,,82.54,165.08,7.14,18.3,15.28,46.15,14.8,0.7,89.28,3.89,5.87,5.58,,4.13,5.95,,,4.11,275.44,0.0,0.0,28.7,,
2024-12-18 21:00:00,365.03,518.01,156.58,150.44,207.23,,,4.59,23.28,,,,,,,,,,,,0,,,,193.7,374.88,13.46,43.51,34.08,38.45,20.47,3.82,12.83,2.06,2.88,1.9,,1.3,1.79,,90.96,0.53,75.62,,0,18.1,,-0.17,389.85,642.68,22.56,32.5,55.09,63.57,52.38,6.02,29.61,0.32,,,,0.01,0.16,11.56,90.15,,151.35,0.0,0.0,,,,864.0,,426.4,112.45,406.72,27.65,24.38,2.41,11.12,8.05,23.6,,,,,13.4,86.25,0.25,137.5,0.0,0.0,7.0,975.0,,268.0,312.25,13.48,68.6,47.2,57.92,11.67,2.2,23.38,1.65,3.05,,,,,14.08,82.0,0.4,182.5,0.0,0.0,3.0,993.0,,511.0,792.0,279.17,157.95,311.12,73.5,15.02,,45.8,15.0,15.75,,,,,11.75,82.5,0.3,317.25,0.0,0.0,11.0,966.5,,495.25,728.0,91.78,53.68,103.15,22.52,12.72,8.01,1.55,6.45,76.0,,,,,13.75,82.25,0.3,268.0,0.0,0.0,5.0,986.0,,610.0,,132.8,126.9,175.45,68.65,23.08,4.08,4.47,5.92,455.7,,,,,12.95,83.75,1.1,68.0,0.0,0.0,8.0,978.5,,276.0,365.25,76.38,34.6,80.53,42.6,39.6,2.9,4.22,0.38,3.12,,,,,12.1,82.25,0.82,55.25,0.0,0.0,9.0,987.0,,221.68,415.82,9.8,15.35,16.13,16.48,15.08,1.88,15.2,1.06,7.62,2.0,,2.64,0.97,30.1,29.72,,,0.0,0.0,,996.5,,,,,,,,,,,,,,,,,,,,,,0.0,,,
2024-12-18 22:00:00,384.82,536.72,138.29,135.58,184.62,,,4.26,18.25,,,,,,,,,,,,0,,,,184.8,389.78,14.26,45.92,36.03,37.12,18.62,4.56,11.78,2.05,2.9,1.86,,1.35,1.74,,93.06,0.53,151.36,,0,18.1,,-0.17,419.97,622.43,22.85,32.64,55.46,63.56,53.9,6.78,29.95,0.18,,,,0.08,0.11,10.9,91.64,,151.28,0.0,0.0,,,,737.0,,422.7,118.85,406.95,21.65,30.88,7.76,9.5,8.32,29.8,,,,,13.3,87.0,0.2,148.0,0.0,0.0,7.0,975.0,,271.0,315.75,17.23,60.38,46.1,54.85,12.78,2.28,13.1,0.05,0.12,,,,,13.52,82.0,0.28,221.75,0.0,0.0,3.0,993.25,,740.0,,438.3,160.38,454.18,87.35,23.15,,49.47,24.3,19.2,,,,,11.65,85.25,0.3,320.5,0.0,0.0,11.0,966.25,,524.25,744.75,138.48,48.72,138.52,22.28,13.68,7.83,1.25,7.42,84.65,,,,,13.48,84.25,0.3,268.0,0.0,0.0,5.0,986.0,,670.0,,138.52,106.95,169.5,67.18,21.55,4.06,4.1,6.32,,,,,,12.78,84.0,0.57,68.0,0.0,0.0,8.0,978.25,,320.75,422.25,125.08,31.35,118.38,44.45,41.72,3.86,4.1,0.55,4.4,,,,,11.78,85.0,0.8,52.75,0.0,0.0,9.0,987.0,,332.92,443.52,9.36,14.98,15.57,16.24,15.94,1.43,16.06,1.15,7.76,1.96,,2.7,0.96,30.1,29.72,,,0.0,0.0,,996.5,,,,,,,,,,,,,,,,,,,,,,0.0,,,
2024-12-18 23:00:00,366.65,496.86,202.01,134.67,235.94,,,4.22,17.34,,,,,,,,,,,,0,,,,234.8,418.0,11.47,37.45,29.24,37.17,20.19,5.5,12.29,2.05,2.95,1.85,,1.25,1.78,,94.38,0.6,115.83,,0,17.8,,-0.17,448.71,615.5,22.12,32.49,54.81,63.52,53.55,6.48,29.7,0.22,,,,0.02,0.15,10.36,92.36,,151.19,0.0,0.0,,,,623.0,963.0,331.78,118.0,332.6,19.4,32.62,6.84,9.07,15.42,47.5,,,,,13.1,87.5,0.22,139.5,0.0,0.0,7.0,975.0,,251.0,295.5,20.9,50.08,43.65,57.65,12.4,2.47,9.48,1.08,1.8,,,,,13.05,81.25,0.32,232.5,0.0,0.0,3.0,993.0,,907.0,,350.9,167.65,374.9,108.35,26.45,,50.8,26.32,19.58,,,,,11.38,86.75,0.32,323.5,0.0,0.0,10.5,966.0,,507.5,715.0,174.1,51.0,168.68,22.78,13.55,8.56,1.37,8.25,87.78,,,,,13.5,85.5,0.3,268.25,0.0,0.0,5.0,986.0,,616.0,,200.95,102.95,218.2,65.03,20.65,3.36,4.12,4.95,389.58,,,,,12.28,84.75,0.3,68.0,0.0,0.0,8.0,979.0,,354.75,469.25,84.98,29.65,84.85,39.8,41.25,3.85,4.08,0.6,5.32,,,,,11.42,88.0,0.72,102.0,0.0,0.0,9.0,987.0,,321.63,433.63,9.08,14.73,15.17,16.08,16.5,1.37,11.24,1.02,7.6,2.05,,2.66,0.95,30.1,29.72,,,0.0,0.0,,996.5,,,,,,,,,,,,,,,,,,,,,,0.0,,,
2024-12-19 00:00:00,343.52,491.15,173.42,118.74,204.06,,,4.53,20.03,,,,,,,,,,,,0,,,,198.8,430.65,13.12,39.59,31.73,37.8,23.64,6.32,12.2,2.0,2.88,1.95,,1.32,1.87,,94.93,0.51,275.91,,0,17.62,,-0.17,413.18,549.32,22.16,32.16,54.18,63.71,52.68,6.0,29.09,0.31,,,,0.03,0.1,9.97,92.95,,151.36,0.0,0.0,,,,644.0,970.0,279.75,110.7,286.08,21.0,30.25,6.19,7.65,17.0,48.48,,,,,12.65,88.75,0.3,138.25,0.0,0.0,7.0,975.0,,259.0,296.5,24.35,49.4,46.05,51.38,13.18,1.89,9.5,3.85,5.85,,,,,12.6,85.25,0.28,251.0,0.0,0.0,3.0,993.0,,843.0,,313.25,145.98,332.28,106.68,24.03,,43.92,25.9,19.27,,,,,11.08,87.5,0.5,301.75,0.0,0.0,10.5,966.0,,525.25,711.25,210.65,50.0,197.82,22.0,14.17,8.9,1.4,8.98,88.35,,,,,13.28,87.0,0.3,268.75,0.0,0.0,5.0,986.0,,550.0,,99.4,98.1,133.02,57.8,11.43,1.95,4.03,5.42,314.73,,,,,12.0,86.25,0.32,68.0,0.0,0.0,8.0,979.0,,332.75,439.5,63.75,23.25,64.18,36.3,40.42,3.38,3.9,0.6,5.68,,,,,11.28,88.0,0.68,115.75,0.0,0.0,9.0,987.0,,294.05,388.82,9.24,14.72,15.35,16.23,19.11,1.04,11.7,2.59,6.84,5.86,,3.75,2.88,30.1,29.76,,,0.0,0.0,,996.5,,,,,,,,,,,,,,,,,,,,,,0.0,,,
2024-12-19 01:00:00,335.98,469.45,132.11,101.46,161.3,,,4.13,15.52,,,,,,,,,,,,0,,,,206.3,430.05,10.37,35.81,27.48,37.0,23.96,5.93,12.15,1.99,2.86,1.9,,1.26,1.72,,94.93,0.46,161.05,,0,17.5,,-0.17,405.22,525.8,22.02,31.97,54.05,63.6,52.06,5.53,28.68,0.44,,,,0.04,0.14,9.69,93.11,,151.34,0.0,0.0,,,,612.0,923.0,243.68,97.75,250.12,21.48,30.25,5.58,7.9,16.9,45.8,,,,,12.42,90.0,0.28,142.25,0.0,0.0,7.0,975.0,,242.5,273.5,30.38,58.42,55.75,50.25,13.78,1.74,9.1,4.28,6.68,,,,,12.38,86.0,0.25,171.75,0.0,0.0,3.0,993.0,,795.0,,316.5,129.9,326.32,108.45,21.62,,26.7,25.4,19.0,,,,,10.95,88.5,0.38,320.0,0.0,0.0,10.75,966.0,,513.5,681.5,240.32,49.28,221.58,21.8,7.15,8.27,2.7,9.68,88.25,,,,,13.12,88.25,0.3,268.0,0.0,0.0,5.0,986.0,,497.0,827.0,86.48,76.32,110.9,48.62,9.25,2.82,3.7,4.53,319.47,,,,,12.3,85.25,0.57,68.0,0.0,0.0,8.0,981.0,,302.75,395.25,98.68,19.85,90.8,32.4,41.68,3.62,4.2,0.55,5.48,,,,,11.18,88.0,0.72,123.25,0.0,0.0,9.0,987.0,,277.4,393.7,8.55,14.2,14.48,15.78,19.0,0.55,12.75,2.63,6.93,5.76,,3.71,2.94,30.1,29.75,,,0.0,0.0,,996.5,,,,,,,,,,,,,,,,,,,,,,0.0,,,
2024-12-19 02:00:00,300.57,423.79,137.6,102.15,166.24,,,3.66,14.42,,,,,,,,,,,,0,,,,236.3,400.85,12.13,40.42,31.36,38.6,27.3,5.74,12.65,1.98,2.9,1.88,,1.31,1.74,,94.93,0.4,221.16,,0,17.48,,-0.17,393.85,503.9,22.28,32.43,54.56,63.54,51.48,5.11,28.41,0.44,,,,0.08,0.14,9.39,93.43,,151.32,0.0,0.0,,,,576.0,856.0,195.3,93.8,206.8,21.4,,,9.4,19.27,53.65,,,,,12.25,90.75,0.22,151.0,0.0,0.0,7.0,975.0,,235.5,268.0,31.6,49.7,52.1,45.4,13.5,1.68,10.1,4.27,6.75,,,,,11.9,86.0,0.35,273.5,0.0,0.0,3.0,993.0,,727.0,956.0,326.7,131.8,335.8,114.3,,,26.83,25.42,18.9,,,,,10.85,88.75,0.42,272.5,0.0,0.0,10.25,965.75,,486.0,640.5,262.5,48.6,239.22,22.48,7.4,7.28,1.58,9.93,88.88,,,,,13.02,89.75,0.3,268.5,0.0,0.0,5.0,986.0,,553.0,884.0,81.9,71.9,104.9,52.1,9.9,2.69,4.77,4.55,430.95,,,,,12.05,85.25,0.42,68.0,0.0,0.0,8.0,982.0,,294.5,392.5,100.2,18.4,91.2,34.8,41.7,3.57,4.2,0.57,5.4,,,,,10.82,88.0,0.78,108.0,0.0,0.0,9.0,987.0,,239.48,351.78,8.21,13.66,13.98,15.49,19.65,0.88,12.02,2.6,6.85,5.8,,3.62,2.89,30.1,29.75,,,0.0,0.0,,996.5,,,,,,,,,,,,,,,,,,,,,,0.0,,,
2024-12-19 03:00:00,269.54,394.5,132.86,96.26,159.15,,,3.32,14.94,,,,,,,,,,,,0,,,,216.9,393.32,11.73,38.95,30.26,37.31,26.68,5.37,12.29,1.97,2.9,1.89,,1.31,1.73,,94.93,0.36,120.05,,0,17.25,,-0.17,400.41,513.47,23.45,32.26,55.7,63.62,50.86,4.66,29.3,0.39,,,,0.04,0.12,8.94,93.91,0.34,151.32,0.0,0.0,,,,548.0,806.0,229.45,95.3,237.27,23.4,9.0,5.26,8.3,18.18,65.97,,,,,12.12,91.75,0.3,144.0,0.0,0.0,7.0,975.0,,242.5,279.5,44.3,68.22,72.25,63.02,11.3,2.02,9.52,4.92,11.92,,,,,12.08,86.0,0.42,299.5,0.0,0.0,3.0,992.5,,520.0,683.0,268.92,102.02,273.12,71.28,7.3,,30.58,22.02,20.0,,,,,10.32,87.75,0.3,229.0,0.0,0.0,8.0,965.0,,452.25,590.5,272.5,46.75,246.4,22.92,6.9,6.06,1.62,9.55,90.7,,,,,12.75,90.0,0.3,268.75,0.0,0.0,5.0,986.0,,449.0,716.0,68.03,73.22,94.1,42.15,7.02,1.6,4.97,4.15,293.88,,,,,11.6,86.5,0.45,68.0,0.0,0.0,8.0,982.0,,289.5,379.25,45.68,15.85,45.55,26.45,40.55,2.67,4.42,0.52,5.18,,,,,10.48,88.0,0.8,74.75,0.0,0.0,9.0,987.0,,234.08,431.92,8.66,12.48,13.7,15.32,20.6,1.28,12.7,2.62,6.92,5.72,,3.72,2.89,30.1,29.73,,,0.0,0.0,,996.5,,,,,,,,,,,,,,,,,,,,,,0.0,,,
2024-12-19 04:00:00,244.69,368.2,130.74,88.64,153.47,,,3.24,16.37,,,,,,,,,,,,0,,,,219.5,368.1,11.38,38.25,29.6,37.51,26.87,4.82,11.81,2.01,2.94,1.88,,1.32,1.78,,94.95,0.7,106.48,,0,17.5,,-0.17,386.03,493.9,23.07,32.15,55.23,63.65,50.62,4.28,29.9,0.11,,,,0.04,0.17,8.66,94.14,0.59,53.92,0.0,0.0,,,,535.0,788.0,339.0,90.5,323.65,25.4,19.8,5.04,8.48,14.52,51.45,,,,,11.98,92.25,0.22,145.75,0.0,0.0,7.0,975.0,,265.25,315.25,53.9,74.9,83.65,51.85,12.32,2.0,9.95,1.88,5.82,,,,,11.6,86.0,0.32,148.25,0.0,0.0,3.5,992.25,,537.0,707.0,315.35,90.45,304.6,69.8,9.85,,25.58,21.52,18.52,,,,,10.2,90.0,0.3,229.0,0.0,0.0,8.0,965.0,,421.0,545.5,270.35,46.95,244.78,22.78,6.38,5.84,1.48,8.72,94.38,,,,,12.65,90.0,0.3,268.0,0.0,0.0,5.0,986.0,,395.0,624.0,40.42,80.22,75.55,37.78,4.82,1.11,4.8,3.08,169.62,,,,,11.1,87.75,0.32,68.0,0.0,0.0,8.0,981.5,,279.0,364.25,42.32,15.72,42.8,30.3,40.33,2.42,4.32,0.5,4.97,,,,,10.27,88.0,0.78,103.0,0.0,0.0,9.0,987.0,,269.2,471.37,9.01,12.07,13.8,15.35,20.98,1.38,11.14,2.57,7.11,5.69,,3.74,2.82,30.1,29.7,,,0.0,0.0,,996.5,,,,,,,,,,,,,,,,,,,,,,0.0,,,
2024-12-19 05:00:00,269.54,374.78,184.94,83.42,194.89,,,3.68,18.27,,,,,,,,,,,,0,,,,159.3,348.6,10.47,37.64,28.53,36.59,28.94,4.2,11.92,2.03,2.89,1.86,,1.29,1.81,,94.98,0.77,157.82,,0,17.55,,-0.16,372.18,472.4,22.12,32.17,54.49,63.6,50.56,4.02,29.65,0.34,,,,0.05,0.1,8.46,94.23,0.15,37.95,0.0,0.0,,,,557.0,843.0,382.0,83.4,354.92,24.2,21.7,3.61,8.5,14.22,45.08,,,,,11.92,93.25,0.2,149.5,0.0,0.0,7.0,975.0,,275.0,324.5,58.4,64.62,81.92,43.08,11.6,2.12,10.18,0.0,0.15,,,,,11.35,86.0,0.4,155.25,0.0,0.0,3.25,993.0,,560.0,742.0,372.85,79.28,345.02,71.3,10.72,,28.45,22.6,17.9,,,,,10.12,91.0,0.3,229.0,0.0,0.0,8.75,965.0,,432.0,548.25,267.52,48.1,243.1,21.6,6.98,6.26,6.35,8.12,96.2,,,,,12.55,90.0,0.3,268.25,0.0,0.0,5.0,986.0,,365.0,566.0,56.65,72.7,84.72,45.88,5.48,1.9,4.75,4.0,118.7,,,,,10.72,89.5,0.3,68.0,0.0,0.0,8.0,979.75,,268.5,355.0,45.6,16.0,45.55,29.7,39.62,2.25,3.85,0.5,4.88,,,,,10.0,88.0,0.72,80.75,0.0,0.0,9.0,987.25,,263.25,452.98,9.0,11.53,13.46,15.2,21.52,1.58,15.06,2.57,7.02,5.86,,3.73,2.96,30.1,29.66,,,0.0,0.0,,996.5,,,,,,,,,,,,,,,,,,,,,,0.0,,,
2024-12-19 06:00:00,285.21,401.08,223.37,74.76,221.34,,,3.84,16.95,,,,,,,,,,,,0,,,,202.5,359.68,10.4,35.08,27.12,37.75,27.22,4.52,12.66,1.98,2.88,1.94,,1.27,1.81,,94.98,0.67,74.57,,0,17.5,,-0.15,371.66,461.87,22.22,32.39,54.52,63.56,50.3,4.02,29.06,0.29,,,,0.03,0.17,8.4,94.37,,37.95,0.0,0.0,,,,548.0,825.0,407.3,87.15,377.52,24.32,22.48,3.95,9.38,13.38,42.2,,,,,11.75,94.75,0.22,142.5,0.0,0.0,7.0,975.0,,268.5,315.0,64.82,65.18,87.32,48.9,11.85,2.3,9.6,0.0,0.12,,,,,11.3,86.0,0.4,204.75,0.0,0.0,3.0,993.25,,570.0,763.0,349.42,76.08,324.48,84.48,12.48,,24.9,23.5,17.6,,,,,10.15,91.5,0.3,310.5,0.0,0.0,10.25,965.75,,493.75,645.5,271.48,46.62,245.48,21.5,7.53,6.33,13.6,7.98,96.92,,,,,12.35,90.0,0.3,268.5,0.0,0.0,5.0,986.0,,357.0,593.0,116.5,64.3,128.95,50.78,6.82,2.26,4.88,4.72,176.82,,,,,10.6,90.0,0.82,68.0,0.0,0.0,8.0,979.0,,263.75,353.0,68.25,13.48,62.62,28.72,40.3,2.18,4.03,0.45,4.65,,,,,9.93,88.0,0.75,112.0,0.0,0.0,9.0,987.75,,256.02,500.68,9.03,11.54,13.49,15.22,22.36,1.16,15.72,2.6,6.99,5.77,,3.64,2.92,30.1,29.6,,,0.0,0.0,,996.5,,,,,,,,,,,,,,,,,,,,,,0.0,,,
2024-12-19 07:00:00,272.24,385.28,283.52,88.96,277.95,,,4.05,17.07,,,,,,,,,,,,0,,,,240.5,389.58,9.63,35.12,26.5,37.08,26.52,4.57,12.14,1.95,2.87,1.9,,1.24,1.78,,94.98,0.86,103.04,,0,26.3,,-0.12,379.04,484.74,22.62,32.28,54.9,63.71,51.23,4.16,29.11,0.34,,,,0.04,0.15,8.48,94.75,0.16,37.95,0.0,0.0,5.28,,,537.0,823.0,400.1,83.18,369.38,23.95,21.65,4.73,8.42,13.78,44.1,,,,,11.82,97.0,0.25,140.25,0.0,0.0,11.25,975.0,,259.25,303.75,61.22,53.1,78.08,51.6,11.08,2.41,10.4,1.4,4.2,,,,,11.12,86.0,0.35,137.5,0.0,0.0,6.25,994.25,,655.0,849.0,331.38,106.28,325.77,102.48,12.32,,38.58,23.5,16.82,,,,,10.35,92.0,0.3,321.25,0.0,0.0,12.25,966.75,,546.75,724.0,270.0,47.45,244.78,21.28,7.65,5.94,15.68,8.25,97.98,,,,,12.7,90.0,0.52,255.75,0.0,0.0,14.0,986.0,,437.0,708.0,96.48,65.97,113.55,53.15,6.5,2.42,4.8,4.05,167.28,,,,,10.62,90.25,0.78,68.0,0.0,0.0,15.0,978.5,,265.25,351.5,118.9,13.58,103.9,33.62,41.38,2.67,4.2,0.5,4.7,,,,,9.8,88.0,0.7,114.0,0.0,0.0,16.25,988.0,,251.6,568.8,9.49,12.26,14.28,15.7,22.34,0.86,22.46,1.69,7.74,1.86,,0.97,0.45,30.1,29.65,,,0.0,0.0,,996.5,,,,,,,,,,,,,,,,,,,,,,0.0,,,
2024-12-19 08:00:00,269.96,430.28,322.61,101.06,316.09,,,4.74,19.42,,,,,,,,,,,,0,,,,278.9,407.83,8.58,32.62,24.33,36.06,27.35,4.88,12.73,1.96,2.92,1.86,,1.28,1.75,,94.96,0.82,66.99,,0,58.55,,-0.04,385.35,528.83,22.51,32.56,55.06,63.65,51.54,4.18,28.92,0.26,,,,0.04,0.08,9.7,94.5,0.05,37.99,0.0,0.0,24.24,,,,,348.92,86.28,329.72,24.28,16.4,5.52,8.3,11.35,43.18,,,,,12.18,94.75,0.2,168.0,0.0,0.0,30.0,975.0,,306.0,368.0,65.1,65.85,87.85,60.18,12.75,2.81,10.68,6.02,17.02,,,,,12.42,86.0,0.65,90.0,0.0,0.0,23.0,995.75,,716.0,931.0,374.45,172.0,396.5,108.65,12.47,,44.9,22.42,16.05,,,,,11.0,91.25,0.55,251.5,0.0,0.0,32.75,966.5,,650.5,766.0,268.98,49.22,244.85,21.85,14.6,5.4,15.15,8.38,100.68,,,,,14.05,89.0,0.5,18.5,0.0,0.0,48.25,986.0,,433.0,627.0,107.75,67.43,123.48,53.05,6.75,3.22,5.9,3.85,130.98,,,,,11.28,89.0,0.4,68.0,0.0,0.0,47.5,979.0,,281.75,404.25,140.0,19.65,124.28,32.38,42.12,3.02,4.7,0.5,4.72,,,,,10.95,88.0,0.72,102.5,0.0,0.0,63.5,988.5,,255.77,592.88,10.02,12.21,14.65,16.0,22.9,1.65,23.21,1.73,7.71,1.91,,0.93,0.46,30.1,29.82,,,0.0,0.0,,996.5,,,,,,,,,,,,,,,,,,,,,,0.0,,,
2024-12-19 09:00:00,371.1,515.66,238.09,215.8,308.46,,,5.09,22.44,,,,,,,,,,,,0,,,,278.5,624.98,11.86,38.33,30.03,36.89,30.05,3.71,12.8,1.96,2.91,1.96,,1.33,1.75,,90.3,0.82,245.68,,0,112.38,,0.06,398.88,694.7,22.08,32.12,54.31,63.11,50.79,4.24,28.58,0.2,,,,0.06,0.15,12.08,92.48,0.12,38.61,0.0,0.0,44.45,,,706.0,,257.25,111.08,267.75,16.32,14.15,4.55,12.0,11.3,47.25,,,,,13.05,91.0,0.25,172.0,0.0,0.0,56.75,975.0,,331.5,420.5,72.08,108.22,116.1,68.42,14.4,3.55,12.75,6.6,21.92,,,,,14.5,85.5,0.55,142.25,0.0,0.0,45.75,997.0,,823.0,,179.95,294.18,302.8,105.12,13.02,,57.42,21.7,15.78,,,,,12.5,81.0,1.5,254.5,0.0,0.0,75.25,966.0,,743.5,931.0,236.12,55.82,221.65,21.48,23.1,3.38,7.38,8.43,102.08,,,,,15.68,77.0,1.18,148.75,0.0,0.0,102.25,986.0,,574.0,,149.3,103.6,176.52,51.42,9.65,5.27,12.12,6.0,174.48,,,,,13.65,83.5,0.68,65.25,0.0,0.0,100.25,980.75,,303.5,466.25,147.7,52.38,147.95,37.05,42.78,3.28,5.9,0.52,4.9,,,,,14.1,85.5,0.7,133.75,0.0,0.0,139.0,989.0,,,,,,,,,,32.0,1.66,7.64,1.86,,0.97,0.45,30.1,30.02,,,0.0,0.0,,996.5,,,,,,,,,,,,,,,,,,,,,,0.0,,,
2024-12-19 10:00:00,476.59,681.64,56.53,255.35,181.63,,,3.37,27.7,,,,,,,,,,,,0,,,,195.7,509.3,6.32,24.91,18.15,35.54,23.97,1.21,12.08,2.13,2.81,1.82,,1.25,1.72,,58.72,1.39,260.63,,0,155.5,,0.15,463.32,678.9,22.28,32.34,54.49,54.61,47.74,4.19,28.84,0.2,,,,0.04,0.11,14.72,78.27,0.5,38.48,0.0,0.0,65.91,,,761.0,,107.2,194.7,190.98,9.07,12.48,2.84,19.1,9.9,38.08,,,,,14.35,83.0,0.4,165.75,0.0,0.0,80.25,975.0,,415.0,549.0,69.68,181.05,152.93,80.53,15.92,4.35,18.1,8.0,28.48,,,,,17.05,79.5,0.75,183.75,0.0,0.0,66.75,996.75,,810.0,,60.5,241.0,177.45,99.8,13.52,4.81,71.3,20.05,15.08,,,,,14.68,66.5,2.55,221.0,0.0,0.0,115.5,966.0,,604.75,865.5,168.12,74.15,176.15,20.98,24.32,1.54,3.68,8.02,99.72,,,,,17.95,57.5,2.72,149.25,0.0,0.0,158.0,986.0,,799.0,,70.42,225.28,177.08,56.6,12.98,5.38,27.3,7.9,242.95,,,,,16.62,66.0,0.7,50.5,0.0,0.0,158.25,978.75,,342.75,544.0,49.6,167.15,129.2,44.02,43.75,3.17,23.78,0.62,6.1,,,,,17.3,75.25,1.27,200.25,0.0,0.0,223.5,989.0,,,,,,,,,,32.75,1.7,7.74,1.88,,0.95,0.48,30.1,30.12,,,0.0,0.0,,996.5,,,,,,,,,,,,,,,,,,,,,,0.0,,,
2024-12-19 11:00:00,388.79,533.11,18.19,116.97,76.95,,,2.63,75.58,,,,,,,,,,,,0,,,,,,9.29,37.59,27.55,37.16,7.2,0.88,12.38,,,,,,,,46.36,1.59,262.88,,0,187.48,,0.19,474.9,642.55,22.38,32.41,54.78,52.32,39.98,3.71,30.25,0.18,,,,0.01,0.14,16.88,66.56,0.88,99.86,0.0,0.0,83.47,,,658.0,998.0,40.02,203.58,140.98,9.82,8.68,0.93,19.52,6.78,23.98,,,,,16.0,69.5,0.52,177.5,0.0,0.0,94.25,975.0,,429.25,612.25,23.2,132.38,89.28,80.82,15.78,3.07,108.9,6.92,25.68,,,,,19.88,61.25,1.12,199.25,0.0,0.0,90.5,996.0,,552.0,763.0,21.7,160.88,103.08,85.1,14.62,3.73,46.37,16.52,13.2,,,,,16.12,58.75,2.88,232.5,0.0,0.0,162.25,966.0,,441.5,628.0,95.92,77.12,119.0,21.55,12.3,0.77,7.88,7.0,92.92,,,,,19.15,51.5,3.02,145.5,0.0,0.0,200.25,986.0,,691.0,,13.02,119.45,74.1,44.58,10.18,1.61,53.42,6.0,202.55,,,,,17.85,58.0,0.7,53.25,0.0,0.0,215.25,980.25,,383.25,590.5,8.25,63.32,40.38,34.83,45.85,1.54,113.2,0.55,6.05,,,,,19.7,53.0,1.68,224.5,0.0,0.0,255.0,988.75,,,,,,,,,,45.5,1.68,7.66,1.84,,0.98,0.45,30.1,30.4,,,0.0,0.0,,996.5,,,,,,,,,,,,,,,,,,,,,,0.0,,,
2024-12-19 12:00:00,299.15,425.01,6.98,74.09,45.07,,,2.14,109.75,,,,,,,,,,,,0,,,,,,10.9,43.1,31.79,36.41,,1.5,11.64,,,,,,,,38.1,1.85,274.76,,0,191.08,,0.16,348.42,513.45,23.16,32.74,55.89,47.61,43.36,3.15,36.69,0.11,,,,0.04,0.14,18.25,62.15,0.9,80.72,0.0,0.0,95.8,,,449.0,669.0,26.4,136.3,94.08,16.38,5.8,0.71,18.12,5.68,13.02,,,,,17.18,58.5,0.78,168.0,0.0,0.0,103.75,975.0,,399.5,519.75,11.55,78.45,51.05,75.18,15.75,2.1,174.35,0.7,2.95,,,,,21.3,50.25,1.1,203.0,0.0,0.0,110.0,995.5,,439.0,688.0,15.82,103.48,67.88,78.25,10.28,2.85,86.93,12.88,11.4,,,,,17.17,53.25,3.32,234.0,0.0,0.0,194.5,966.0,,322.75,466.0,42.32,80.12,77.02,22.9,7.87,0.33,15.3,6.0,82.48,,,,,20.0,46.25,3.25,137.0,0.0,0.0,211.0,986.0,,395.0,680.0,2.67,60.45,33.65,38.52,7.82,0.26,87.5,3.28,113.58,,,,,18.47,53.25,0.72,54.25,0.0,0.0,225.5,980.75,,348.0,490.25,5.45,38.65,24.98,35.5,43.55,1.1,150.72,0.45,5.05,,,,,20.8,46.0,1.95,234.5,0.0,0.0,187.25,988.0,,,,,,,,,,45.31,0.85,7.66,0.88,,1.72,1.51,30.1,30.51,,,0.0,0.0,,996.5,,,,,,,,,,,,,,,,,,,,,,0.0,,,
2024-12-19 13:00:00,182.54,272.12,3.21,54.88,31.8,,,1.87,118.22,,,,,,,,,,,,0,,,,48.5,224.25,9.41,42.35,30.18,35.28,9.8,,,1.77,2.88,1.08,,0.87,1.14,,36.06,1.7,270.78,,0,149.82,,0.07,245.12,346.79,23.93,30.66,54.79,42.54,51.9,1.72,37.46,0.15,,,,0.02,0.12,19.58,56.34,1.0,100.19,0.0,0.0,176.78,,,290.0,447.0,21.42,110.45,76.28,19.4,2.88,0.14,9.18,4.9,7.6,,,,,17.82,51.75,0.88,170.25,0.0,0.0,152.75,975.0,,268.0,378.75,8.4,69.78,43.9,71.97,14.88,1.81,191.72,0.0,0.12,,,,,21.52,45.0,0.98,217.75,0.0,0.0,86.25,994.25,,298.0,508.0,13.12,85.35,55.82,74.22,5.48,2.56,127.15,11.18,9.3,,,,,17.42,50.0,3.6,246.0,0.0,0.0,168.0,966.0,,237.25,342.5,7.4,81.7,49.47,22.97,11.1,0.26,27.3,4.28,63.88,,,,,20.5,44.5,2.9,163.5,0.0,0.0,192.25,985.25,,310.0,534.0,2.12,59.0,33.1,39.05,6.78,0.12,99.25,2.22,60.35,,,,,19.18,48.0,0.7,60.75,0.0,0.0,240.5,980.5,,244.5,337.0,4.68,34.8,22.32,35.08,42.58,0.9,159.5,0.4,4.15,,,,,20.82,43.75,2.05,233.25,0.0,0.0,188.25,988.0,,,,,,,,,,46.19,0.87,7.67,0.86,,1.7,1.47,30.1,30.56,,,0.0,0.0,,996.5,,,,,,,,,,,,,,,,,,,,,,0.0,,,
2024-12-19 14:00:00,121.68,210.42,2.76,38.59,22.76,,,1.62,112.26,,,,,,,,,,,,0,,,,61.4,220.85,,,,,6.48,1.94,11.53,1.61,2.41,1.06,,0.83,1.06,,31.22,1.86,272.74,,0,87.52,,-0.04,220.34,294.29,24.38,30.41,54.66,43.66,45.3,1.58,37.64,0.25,,,,0.07,0.1,19.72,54.96,0.98,119.71,0.0,0.0,99.54,,,222.0,364.0,18.27,97.85,66.78,21.78,10.4,0.9,7.62,4.08,8.45,,,,,18.48,49.0,0.78,164.0,0.0,0.0,86.5,975.0,,236.5,304.0,6.28,67.28,40.95,62.18,13.85,1.65,185.3,0.0,0.08,,,,,21.55,43.0,0.82,224.5,0.0,0.0,71.0,993.25,,246.0,428.0,10.92,77.2,50.02,80.8,9.47,2.25,71.42,9.3,7.95,,,,,17.65,48.5,3.28,259.25,0.0,0.0,155.5,966.0,,207.75,300.75,7.3,113.5,66.3,21.0,6.7,0.07,44.92,3.42,47.48,,,,,20.6,41.5,3.1,174.25,0.0,0.0,158.25,985.0,,206.0,418.0,1.75,56.85,31.67,50.88,6.62,,100.43,1.7,39.42,,,,,19.38,45.25,0.75,57.0,0.0,0.0,192.25,977.0,,201.5,283.0,6.1,35.17,23.65,36.6,41.58,0.75,151.98,0.38,3.45,,,,,20.75,43.0,1.88,238.5,0.0,0.0,186.0,987.0,,,,,,,,,,65.12,0.87,7.59,0.86,,1.7,1.45,30.1,30.44,,,0.0,0.0,,996.5,,,,,,,,,,,,,,,,,,,,,,0.0,,,
2024-12-19 15:00:00,108.42,192.67,2.65,39.79,23.32,,,1.63,117.68,,,,,,,,,,,,0,,,,59.4,199.98,,,,,4.87,1.53,12.74,1.52,2.35,1.06,,0.8,1.02,,32.73,2.02,284.23,,0,59.65,,-0.1,194.8,292.03,23.82,30.26,54.18,54.96,44.84,1.43,41.26,0.11,,,,0.06,0.2,19.34,54.84,0.74,74.87,0.0,0.0,61.34,,,196.0,315.0,17.3,87.75,62.12,27.22,12.3,1.1,8.7,3.9,8.12,,,,,17.92,50.0,0.68,180.75,0.0,0.0,60.5,975.0,,158.0,236.25,5.45,57.3,34.92,61.0,11.43,1.66,164.98,0.15,0.38,,,,,21.38,43.0,0.6,226.0,0.0,0.0,48.5,992.25,,179.0,326.0,8.85,76.38,47.52,93.3,10.18,2.17,49.73,8.88,6.82,,,,,17.23,49.75,2.75,266.0,0.0,0.0,83.0,965.75,,153.0,235.25,6.45,133.98,76.53,17.27,7.45,0.11,49.98,2.25,30.15,,,,,20.2,43.25,2.92,163.25,0.0,0.0,90.25,985.0,,177.0,326.0,1.67,56.2,30.88,50.3,5.3,1.03,97.55,1.52,28.42,,,,,19.3,45.25,0.7,64.25,0.0,0.0,120.75,976.0,,174.5,266.75,5.68,38.88,25.28,35.5,40.45,0.81,133.48,0.32,2.88,,,,,20.75,40.25,1.68,240.5,0.0,0.0,135.25,987.0,,,,,,,,,,,0.86,7.64,0.84,,1.62,1.38,30.1,30.16,,,0.0,0.0,,996.5,,,,,,,,,,,,,,,,,,,,,,0.0,,,
2024-12-19 16:00:00,142.56,206.82,3.06,59.62,34.2,,,1.72,86.0,,,,,,,,,,,,0,,,,82.5,194.6,16.91,35.93,32.86,46.99,9.31,1.53,12.0,1.54,2.44,1.08,,0.8,1.03,,37.17,1.18,278.81,,0,32.42,,-0.15,178.37,247.15,23.84,30.1,53.97,61.74,44.87,1.28,34.98,0.39,,,,0.07,0.18,18.18,63.68,0.12,61.99,0.0,0.0,27.98,,,168.0,296.0,18.95,86.48,61.42,26.75,7.85,1.22,8.25,13.75,5.05,,,,,17.12,54.5,0.3,165.25,0.0,0.0,33.5,975.0,,156.5,214.25,5.6,52.75,32.6,60.3,11.48,1.54,149.65,1.82,4.42,,,,,20.35,47.75,0.45,246.5,0.0,0.0,27.5,992.0,,196.0,365.0,17.62,118.05,77.03,97.3,9.62,2.52,35.9,9.9,6.65,,,,,16.42,53.75,1.82,263.75,0.0,0.0,33.75,965.0,,155.0,243.0,8.62,128.07,75.12,18.08,6.48,0.22,37.98,1.9,25.72,,,,,19.5,46.0,1.27,116.0,0.0,0.0,34.75,986.0,,166.0,357.0,3.22,63.7,36.52,47.4,4.8,1.1,78.55,1.27,34.48,,,,,18.5,47.75,0.72,53.0,0.0,0.0,51.5,976.0,,139.25,225.5,6.05,64.82,39.42,37.02,40.2,1.14,96.05,0.3,2.58,,,,,19.58,47.75,0.75,164.5,0.0,0.0,66.0,987.0,,,,,,,,,,,0.88,7.6,0.86,,1.77,1.41,30.1,29.91,,,0.0,0.0,,996.5,,,,,,,,,,,,,,,,,,,,,,0.0,,,
2024-12-19 17:00:00,152.77,217.29,22.27,134.22,89.63,,,2.09,26.7,,,,,,,,,,,,0,,,,79.1,190.9,13.64,29.89,26.99,46.98,11.44,1.62,12.16,1.75,3.75,1.29,,0.99,1.36,,59.72,0.63,94.52,,0,15.68,,-0.15,202.59,324.14,24.28,30.32,54.42,61.79,45.08,1.42,31.46,0.13,,,,0.07,0.11,15.64,74.03,0.1,62.0,0.0,0.0,3.72,,,178.0,327.0,27.5,101.95,76.6,23.8,7.35,2.25,6.82,14.55,4.47,,,,,15.72,62.5,0.2,145.25,0.0,0.0,11.25,975.0,,160.0,215.25,5.58,52.08,32.28,60.47,11.25,1.6,133.48,1.9,4.68,,,,,18.45,56.0,0.32,230.5,0.0,0.0,7.25,992.0,,215.0,471.0,16.55,120.22,77.55,94.0,9.07,2.84,41.08,11.1,7.2,,,,,15.15,59.5,0.68,261.75,0.0,0.0,11.25,965.0,,161.0,273.0,15.15,119.28,75.78,19.15,5.72,1.18,5.85,1.78,25.42,,,,,16.92,58.0,0.3,102.25,0.0,0.0,7.5,986.0,,183.0,415.0,6.2,106.72,61.82,46.97,4.65,1.7,25.78,1.52,61.62,,,,,16.98,54.75,0.8,53.0,0.0,0.0,13.25,976.5,,146.5,234.0,5.4,73.38,43.45,39.7,39.75,1.34,40.85,0.3,2.5,,,,,16.75,64.5,0.68,99.75,0.0,0.0,18.75,987.0,,,,,,,,,,,,,,,,,,,,,,0.0,,,,,,,,,,,,,,,,,,,,,,,,0.0,,,
2024-12-19 18:00:00,163.32,251.02,154.12,147.12,203.72,,,2.93,18.64,,,,,,,,,,,,0,,,,86.5,189.9,11.57,27.29,23.92,47.57,6.66,2.07,13.31,2.26,8.39,1.93,,1.37,2.26,,72.96,0.8,69.49,,0,16.27,,-0.13,245.05,375.9,24.36,30.41,54.82,61.64,45.38,1.84,31.13,0.25,,,,0.05,0.08,13.84,82.52,0.05,62.0,0.0,0.0,,,,299.0,536.0,76.88,116.92,124.6,21.6,9.7,4.69,6.3,5.6,3.52,,,,,14.55,71.75,0.22,135.25,0.0,0.0,7.0,975.0,,175.0,236.25,4.75,59.98,35.75,62.02,11.28,1.73,87.88,2.17,5.58,,,,,16.58,65.75,0.28,220.0,0.0,0.0,3.0,992.0,,257.0,525.0,53.05,165.5,130.9,79.82,9.75,4.07,28.7,11.7,8.18,,,,,13.7,66.5,0.32,291.75,0.0,0.0,8.75,965.25,,196.25,374.5,71.38,111.0,117.1,19.0,7.53,3.7,3.82,2.15,31.18,,,,,15.3,68.0,0.3,108.25,0.0,0.0,5.0,986.0,,261.0,625.0,39.85,115.4,93.8,38.98,5.82,2.89,5.32,2.42,135.57,,,,,15.92,60.5,0.3,53.0,0.0,0.0,7.0,980.75,,156.5,260.5,21.2,78.1,58.8,40.38,39.15,1.63,5.4,0.3,3.15,,,,,14.55,78.75,0.72,73.5,0.0,0.0,8.75,987.0,,,,,,,,,,,,,,,,,,,,,,0.0,,,,,,,,,,,,,,,,,,,,,,,,0.0,,,
2024-12-19 19:00:00,189.23,316.21,260.88,161.34,298.02,,,4.04,22.2,,,,,,,,,,,,0,,,,77.0,189.48,15.22,36.36,31.72,46.53,2.95,2.7,11.62,3.29,18.34,3.47,,2.22,4.32,,77.73,0.76,54.7,,0,17.17,,-0.12,299.85,490.75,23.86,30.48,54.38,61.68,46.36,2.68,30.97,0.25,,,,0.06,0.11,12.91,87.6,0.05,61.99,0.0,0.0,,,,406.0,646.0,142.0,112.05,175.1,19.3,12.12,6.3,5.7,3.58,6.1,,,,,14.15,76.25,0.28,138.75,0.0,0.0,7.0,975.0,,221.0,282.75,4.95,67.58,39.98,58.92,11.72,1.96,58.38,2.78,6.7,,,,,15.48,72.75,0.3,218.0,0.0,0.0,3.0,993.0,,346.0,682.0,126.9,175.58,197.38,64.47,13.48,5.23,2.05,20.1,9.98,,,,,13.02,70.5,0.3,321.75,0.0,0.0,8.0,965.0,,270.25,529.25,187.52,117.7,215.08,17.9,10.65,6.74,3.78,3.02,49.8,,,,,14.68,73.0,0.3,109.75,0.0,0.0,5.0,986.0,,427.0,875.0,87.15,102.78,125.52,44.22,9.3,4.07,5.12,3.78,243.65,,,,,14.82,66.0,1.05,53.0,0.0,0.0,7.0,981.0,,158.0,246.75,60.72,61.05,81.85,38.93,39.7,2.18,4.08,0.3,2.78,,,,,13.58,84.0,0.72,66.75,0.0,0.0,9.0,987.0,,,,,,,,,,,,,,,,,,,,,,0.0,,,,,,,,,,,,,,,,,,,,,,,,0.0,,,
2024-12-19 20:00:00,208.62,384.84,316.29,150.52,337.18,,,4.32,20.92,,,,,,,,,,,,0,,,,86.2,215.15,16.71,38.6,34.11,47.22,18.13,4.4,13.92,5.77,27.06,4.8,,3.31,6.96,,81.9,0.91,213.82,,0,17.3,,-0.12,362.47,538.12,24.11,30.41,54.42,61.72,47.38,3.6,30.92,0.24,,,,0.02,0.08,12.32,90.15,0.05,62.0,0.0,0.0,,,,526.0,851.0,212.82,115.9,234.58,18.7,15.7,5.04,6.8,3.58,8.95,,,,,13.9,78.5,0.3,136.75,0.0,0.0,7.0,975.0,,244.0,316.25,7.07,72.35,44.22,63.9,12.48,2.02,44.62,1.75,4.32,,,,,14.82,76.0,0.45,130.0,0.0,0.0,3.0,993.0,,451.0,799.0,190.02,167.85,243.8,69.15,14.3,,,23.68,12.18,,,,,12.68,73.25,0.3,321.75,0.0,0.0,8.0,965.0,,355.0,582.0,332.25,115.6,331.6,18.88,13.18,7.14,3.47,4.65,64.53,,,,,14.25,76.5,0.3,112.5,0.0,0.0,5.0,986.0,,553.0,,159.48,86.7,175.78,47.02,15.0,5.37,5.85,5.95,296.95,,,,,13.85,72.5,1.05,53.0,0.0,0.0,7.0,981.0,,191.0,273.75,131.02,50.15,133.2,41.55,40.5,3.16,4.32,0.3,2.85,,,,,12.95,83.5,0.7,65.75,0.0,0.0,9.0,987.0,,,,,,,,,,,,,,,,,,,,,,0.0,,,,,,,,,,,,,,,,,,,,,,,,0.0,,,
2024-12-19 21:00:00,226.68,381.26,274.83,137.55,296.6,,,4.27,18.98,,,,,,,,,,,,0,,,,150.8,484.9,17.98,39.9,35.84,48.1,18.61,4.44,10.95,13.22,40.96,7.26,,4.84,11.72,,87.54,0.8,82.67,,0,17.27,,-0.14,354.91,579.8,24.94,30.32,55.36,61.65,48.67,4.64,32.0,0.32,,,,,0.14,11.78,91.87,0.1,61.98,0.0,0.0,,,,367.0,594.0,246.02,109.95,258.52,17.95,19.45,6.22,6.52,3.4,9.55,,,,,13.72,80.75,0.25,133.75,0.0,0.0,7.0,975.0,,243.0,321.5,10.82,94.35,58.9,68.88,11.43,2.65,17.18,1.35,3.05,,,,,14.9,77.5,0.7,111.5,0.0,0.0,3.0,993.0,,472.0,780.0,335.22,175.85,365.5,71.53,15.02,,11.18,23.08,14.0,,,,,12.35,76.5,0.3,321.75,0.0,0.0,8.0,965.0,,431.25,663.5,448.8,112.48,424.72,15.8,14.5,8.64,6.1,5.78,77.75,,,,,14.0,79.25,0.3,110.75,0.0,0.0,5.0,986.0,,707.0,,209.32,81.03,213.28,51.3,18.98,6.45,6.52,10.38,413.0,,,,,13.4,77.0,0.9,53.0,0.0,0.0,7.0,980.75,,256.0,361.5,149.32,38.17,141.7,45.35,41.3,3.73,4.05,0.4,3.4,,,,,12.55,82.0,0.78,61.5,0.0,0.0,9.0,987.0,,,,,,,,,,,,,,,,,,,,,,0.0,,,,,,,,,,,,,,,,,,,,,,,,0.0,,,
2024-12-19 22:00:00,253.79,410.73,329.58,122.0,333.0,,,4.89,19.65,,,,,,,,,,,,0,,,,201.1,492.18,16.48,37.14,33.16,47.49,19.95,5.67,12.88,17.16,51.71,9.83,,5.71,17.22,,90.09,0.64,137.93,,0,17.18,,-0.14,376.85,557.15,24.48,30.53,54.96,61.57,49.87,5.53,32.6,0.38,,,,0.03,0.17,11.38,92.91,0.2,62.0,0.0,0.0,,,,509.0,843.0,258.45,102.95,265.02,19.7,21.7,5.9,7.58,4.03,12.18,,,,,13.45,82.25,0.2,156.25,0.0,0.0,7.0,975.0,,344.0,420.0,53.95,104.35,99.22,74.18,11.25,3.99,12.12,1.7,3.92,,,,,14.85,79.75,0.62,91.0,0.0,0.0,3.25,993.25,,500.0,802.0,409.08,164.7,420.4,89.2,16.35,,25.2,22.02,13.88,,,,,12.45,77.25,0.6,277.0,0.0,0.0,9.25,965.5,,537.75,820.75,,123.1,490.45,17.48,14.48,7.74,5.1,6.42,86.82,,,,,14.08,79.0,0.3,109.25,0.0,0.0,5.0,986.0,,749.0,,225.48,85.42,228.78,65.15,19.0,7.18,6.0,11.95,444.88,,,,,13.18,80.0,1.02,53.0,0.0,0.0,7.0,978.5,,313.0,436.5,144.25,32.67,134.68,42.22,42.0,3.99,4.28,0.48,3.97,,,,,12.25,82.0,0.72,58.25,0.0,0.0,9.0,987.25,,,,,,,,,,,,,,,,,,,,,,0.0,,,,,,,,,,,,,,,,,,,,,,,,0.0,,,
2024-12-19 23:00:00,304.17,464.29,396.28,112.7,382.12,,,6.43,26.02,,,,,,,,,,,,0,,,,185.7,518.0,15.52,33.86,30.63,47.44,21.61,5.83,12.24,16.36,49.79,9.75,,5.35,17.49,,91.17,0.88,70.34,,0,17.1,,-0.14,385.62,558.3,24.12,30.72,54.91,61.32,50.68,6.16,32.13,0.31,,,,0.02,0.16,11.09,93.48,,61.99,0.0,0.0,,,,539.0,863.0,117.22,86.35,141.25,19.8,20.7,2.59,8.78,4.8,16.6,,,,,13.1,83.5,0.18,158.25,0.0,0.0,7.0,975.0,,478.0,626.0,105.72,106.6,142.65,81.98,11.92,5.48,11.75,0.62,2.9,,,,,14.75,83.0,0.52,103.75,0.0,0.0,3.5,993.5,,572.0,875.0,186.98,149.22,231.45,100.62,12.2,5.51,30.58,19.38,12.68,,,,,12.35,74.5,0.52,216.75,0.0,0.0,9.75,965.75,,625.25,926.0,,128.78,493.0,16.68,11.15,5.2,3.4,7.42,87.42,,,,,13.7,80.0,0.3,100.25,0.0,0.0,5.0,986.0,,724.0,,199.88,76.88,203.4,66.95,16.42,4.16,6.6,14.38,348.42,,,,,12.92,81.5,0.8,53.0,0.0,0.0,7.0,978.0,,368.0,478.5,133.95,30.58,125.18,42.25,41.95,3.92,3.82,0.5,4.15,,,,,12.08,82.75,0.78,61.25,0.0,0.0,9.0,987.25,,,,,,,,,,,,,,,,,,,,,,0.0,,,,,,,,,,,,,,,,,,,,,,,,0.0,,,
2024-12-20 00:00:00,389.44,595.23,387.36,96.07,365.98,,,6.55,27.77,,,,,,,,,,,,0,,,,148.8,399.7,16.23,36.55,32.64,47.26,24.02,4.34,12.71,12.03,35.51,7.1,,3.82,12.38,,92.28,0.78,107.41,,0,17.15,,-0.15,396.92,518.34,23.81,30.76,54.45,61.56,50.88,6.55,31.62,0.2,,,,0.03,0.1,10.88,93.88,,62.02,0.0,0.0,,,,408.0,652.0,71.77,70.95,96.1,20.92,15.32,1.42,8.38,3.55,9.8,,,,,12.78,84.0,0.22,153.25,0.0,0.0,7.0,975.0,,472.0,642.5,96.78,84.75,123.82,75.18,12.35,4.57,11.38,7.75,37.2,,,,,14.25,83.0,0.32,191.0,0.0,0.0,3.0,993.0,,526.0,733.0,168.48,136.15,209.15,100.92,7.78,4.72,31.75,17.73,12.12,,,,,11.75,77.75,0.35,323.25,0.0,0.0,10.5,966.0,,511.0,700.75,474.67,129.15,461.22,17.68,9.53,3.92,3.2,7.68,83.78,,,,,13.32,82.0,0.3,90.75,0.0,0.0,5.0,986.0,,665.0,,177.8,69.88,181.72,62.88,11.87,3.1,14.58,11.25,267.15,,,,,12.85,81.5,0.7,53.0,0.0,0.0,7.0,978.0,,377.5,472.0,138.3,23.58,125.02,39.55,42.38,4.34,4.05,0.52,4.32,,,,,11.92,85.0,0.8,85.25,0.0,0.0,8.5,987.25,,,,,,,,,,,,,,,,,,,,,,0.0,,,,,,,,,,,,,,,,,,,,,,,,0.0,,,
2024-12-20 01:00:00,495.66,714.76,341.78,81.72,321.28,,,6.02,24.39,,,,,,,,,,,,0,,,,151.2,369.88,16.3,34.77,31.75,48.06,26.28,3.21,12.31,7.8,21.15,4.48,,2.41,7.24,,88.98,0.8,101.54,,0,17.25,,-0.15,425.55,536.65,23.52,30.3,53.96,61.57,50.98,6.64,31.05,0.17,,,,0.11,0.15,10.58,94.32,,61.99,0.0,0.0,,,,327.0,503.0,75.75,89.9,109.38,22.0,12.02,0.94,6.5,2.62,7.72,,,,,12.58,84.75,0.25,160.0,0.0,0.0,7.0,975.0,,430.0,577.5,133.15,66.5,143.45,67.68,12.8,5.14,12.7,8.78,39.85,,,,,13.78,82.5,0.25,196.5,0.0,0.0,3.0,993.0,,480.0,664.0,104.15,140.9,159.72,102.45,5.55,3.77,37.7,15.75,10.88,,,,,11.75,76.75,0.5,281.0,0.0,0.0,9.5,965.25,,440.0,593.75,417.52,123.8,405.38,17.08,3.1,2.9,4.1,7.18,78.5,,,,,13.4,82.0,0.3,86.75,0.0,0.0,5.0,986.0,,578.0,945.0,143.78,60.55,149.1,60.02,10.12,2.3,15.3,9.42,212.05,,,,,12.5,83.25,0.72,53.0,0.0,0.0,7.0,978.5,,376.75,479.0,212.42,21.28,184.0,40.47,44.2,5.2,4.2,0.65,5.1,,,,,11.8,88.0,0.72,73.0,0.0,0.0,9.0,987.0,,,,,,,,,,,,,,,,,,,,,,0.0,,,,,,,,,,,,,,,,,,,,,,,,0.0,,,
2024-12-20 02:00:00,530.05,701.06,269.72,77.02,260.18,,,5.01,21.16,,,,,,,,,,,,0,,,,117.12,291.25,15.62,34.12,30.85,47.91,23.88,2.22,12.39,4.93,10.46,2.57,,1.49,3.67,,90.14,0.76,87.72,,0,16.77,,-0.15,404.6,539.55,24.77,30.08,54.73,61.66,51.08,6.67,30.94,0.39,,,,,0.13,10.28,94.67,,62.0,0.0,0.0,,,,286.0,432.0,50.9,79.3,82.8,22.6,,0.74,5.9,2.52,6.28,,,,,12.58,84.25,0.22,151.5,0.0,0.0,7.0,975.0,,485.0,638.0,154.8,68.4,162.3,62.8,13.7,5.8,20.18,11.78,44.9,,,,,13.62,82.0,0.35,134.5,0.0,0.0,3.25,993.0,,418.0,566.0,117.2,134.4,166.6,104.2,,3.53,25.42,14.45,9.95,,,,,11.68,77.75,0.45,268.0,0.0,0.0,10.0,965.75,,378.5,516.75,344.5,120.62,344.22,17.45,1.2,1.96,3.78,6.6,71.6,,,,,13.62,81.0,0.32,83.5,0.0,0.0,5.0,986.0,,506.0,809.0,106.6,54.6,115.8,47.2,8.4,1.56,26.73,7.12,170.42,,,,,12.28,84.25,0.78,53.0,0.0,0.0,7.0,981.0,,367.25,474.0,252.0,11.1,210.8,40.9,45.1,5.82,4.65,0.8,6.9,,,,,11.68,88.0,0.75,72.25,0.0,0.0,9.0,987.0,,,,,,,,,,,,,,,,,,,,,,0.0,,,,,,,,,,,,,,,,,,,,,,,,0.0,,,
2024-12-20 03:00:00,471.65,618.9,196.58,70.87,197.44,,,4.06,17.74,,,,,,,,,,,,0,,,,109.7,274.98,18.23,37.08,34.54,48.64,25.5,2.06,12.23,,,,,,,,92.99,0.78,115.52,,0,17.15,,-0.15,413.2,547.15,24.43,30.3,54.77,61.63,51.07,6.58,30.85,0.23,,,,0.05,0.11,10.16,94.82,0.1,61.99,0.0,0.0,,,,279.0,417.0,64.0,88.18,98.95,21.6,7.48,1.44,5.32,2.17,5.62,,,,,12.42,85.5,0.25,167.5,0.0,0.0,7.0,975.0,,526.75,711.0,139.05,52.95,141.8,73.65,15.43,5.31,22.18,11.48,43.2,,,,,13.4,82.0,0.32,133.5,0.0,0.0,3.0,993.0,,345.0,458.0,86.35,116.88,132.12,64.78,4.53,3.1,12.65,13.18,9.1,,,,,11.42,79.5,0.52,253.75,0.0,0.0,10.25,966.0,,324.5,433.75,267.42,120.0,281.23,17.75,0.28,1.96,2.9,5.9,61.45,,,,,13.32,82.5,0.3,84.0,0.0,0.0,5.0,986.0,,422.0,660.0,60.55,47.02,74.12,41.98,4.6,0.6,22.1,6.12,125.8,,,,,12.15,85.0,0.92,50.75,0.0,0.0,7.0,981.0,,379.0,485.25,284.27,19.4,241.42,38.65,46.2,5.97,5.72,0.9,9.6,,,,,11.52,88.0,0.8,68.0,0.0,0.0,9.0,987.0,,,,,,,,,,,,,,,,,,,,,,0.0,,,,,,,,,,,,,,,,,,,,,,,,0.0,,,
2024-12-20 04:00:00,367.24,487.26,148.77,69.12,157.7,,,3.4,17.53,,,,,,,,,,,,0,,,,120.77,231.27,17.02,37.17,33.6,48.69,30.55,1.98,12.29,,,,,,,,94.39,0.75,183.59,,0,17.1,,-0.14,389.72,494.05,24.76,30.52,55.23,61.52,51.06,6.49,30.78,0.22,,,,0.07,0.1,9.9,95.02,0.35,61.92,0.0,0.0,,,,284.0,418.0,62.62,85.98,96.52,23.62,13.72,1.43,6.42,2.25,6.18,,,,,12.15,86.5,0.2,168.0,0.0,0.0,7.0,975.0,,471.0,612.75,132.0,54.95,136.4,65.78,15.48,4.98,33.52,4.62,18.68,,,,,13.2,81.75,0.35,168.75,0.0,0.0,3.0,993.0,,327.0,433.0,59.25,106.45,104.58,63.0,5.28,2.93,19.8,11.78,8.1,,,,,11.32,80.5,0.45,149.5,0.0,0.0,9.75,965.75,,329.0,425.5,215.5,113.5,235.55,18.58,,1.69,3.28,5.0,53.32,,,,,13.45,82.0,0.48,131.5,0.0,0.0,5.0,986.0,,412.0,609.0,46.3,45.12,61.65,37.65,3.82,0.31,13.05,5.15,94.85,,,,,11.9,85.0,0.95,42.0,0.0,0.0,7.0,981.5,,387.0,492.25,287.6,16.15,242.38,40.92,46.42,5.57,6.25,0.98,11.5,,,,,11.48,88.0,0.85,140.0,0.0,0.0,9.0,987.0,,,,,,,,,,,,,,,,,,,,,,0.0,,,,,,,,,,,,,,,,,,,,,,,,0.0,,,
2024-12-20 05:00:00,307.68,424.45,102.1,77.97,124.42,,,2.85,15.7,,,,,,,,,,,,0,,,,117.93,255.55,15.4,33.98,30.59,46.86,25.1,1.93,12.36,,,,,,,,94.25,0.66,115.15,,0,16.9,,-0.14,401.75,509.34,25.04,30.86,55.83,61.5,50.99,6.32,32.0,0.19,,,,0.02,0.08,9.68,95.33,0.35,62.02,0.0,0.0,,,,280.0,407.0,81.15,85.55,111.45,24.67,14.7,1.53,6.1,2.82,6.93,,,,,12.1,88.0,0.25,155.75,0.0,0.0,7.0,975.0,,450.0,545.75,124.28,57.6,131.65,61.0,15.05,4.82,33.05,0.18,1.08,,,,,13.15,81.0,0.38,166.25,0.0,0.0,3.0,993.0,,323.0,425.0,64.47,100.65,105.8,63.8,5.42,3.09,9.45,11.68,7.78,,,,,11.22,80.75,0.62,148.75,0.0,0.0,10.0,966.0,,322.0,407.5,168.82,108.18,194.78,19.05,0.55,1.86,2.98,4.68,44.7,,,,,13.6,79.0,0.62,343.75,0.0,0.0,5.0,986.0,,385.0,571.0,54.7,47.88,69.95,40.08,3.58,1.93,12.22,4.7,84.12,,,,,12.0,86.5,0.8,42.0,0.0,0.0,7.0,981.25,,380.5,479.5,259.75,14.05,218.65,40.2,46.15,4.88,8.6,1.02,12.25,,,,,11.35,88.0,0.72,91.5,0.0,0.0,9.0,987.0,,,,,,,,,,,,,,,,,,,,,,0.0,,,,,,,,,,,,,,,,,,,,,,,,0.0,,,
2024-12-20 06:00:00,300.62,400.7,51.24,92.33,90.74,,,2.48,62.46,,,,,,,,,,,,0,,,,121.5,275.9,15.27,33.95,30.47,47.38,40.14,,11.7,,,,,,,,94.9,0.48,118.2,,0,17.3,,-0.14,436.78,546.65,24.81,30.75,55.69,61.56,50.53,5.9,33.38,0.26,,,,0.02,0.1,9.86,95.48,0.68,62.01,0.0,0.0,,,,274.0,409.0,86.6,86.98,116.62,24.78,13.6,1.54,5.92,2.7,5.9,,,,,12.1,88.0,0.2,151.25,0.0,0.0,7.0,975.0,,457.25,548.75,131.8,50.52,134.25,66.12,14.58,5.17,21.62,0.12,0.8,,,,,13.1,82.0,0.38,163.75,0.0,0.0,3.0,993.75,,340.0,433.0,50.85,96.32,92.52,72.25,5.42,3.2,26.7,11.5,7.93,,,,,10.98,82.25,0.45,258.25,0.0,0.0,10.0,966.0,,379.0,471.0,131.12,112.32,166.35,18.75,0.7,1.84,8.5,4.62,38.58,,,,,13.45,80.5,0.62,320.67,0.0,0.0,5.0,986.0,,387.0,563.0,62.18,64.35,84.75,56.8,4.5,1.8,7.7,5.08,84.1,,,,,12.28,85.5,0.82,42.0,0.0,0.0,7.0,979.0,,359.25,447.25,200.22,10.92,168.62,36.95,44.62,3.85,10.28,1.02,12.35,,,,,11.28,88.0,0.75,124.25,0.0,0.0,9.0,987.75,,,,,,,,,,,,,,,,,,,,,,0.0,,,,,,,,,,,,,,,,,,,,,,,,0.0,,,
2024-12-20 07:00:00,256.88,349.57,74.23,92.01,109.4,,,2.51,88.78,,,,,,,,,,,,0,,,,,,,,,,,,,,,,,,,,,,,,0,,,,387.12,503.84,25.05,30.33,55.24,61.58,50.59,5.47,33.65,0.39,,,,0.02,0.26,10.34,95.44,0.79,62.0,0.0,0.0,7.97,,,283.0,444.0,116.2,83.68,138.98,24.9,13.42,2.28,6.22,2.42,6.22,,,,,12.28,88.0,0.25,168.5,0.0,0.0,10.25,975.0,,435.75,502.75,121.93,55.35,128.5,73.2,13.85,4.89,21.82,0.9,3.15,,,,,12.95,86.0,0.48,152.5,0.0,0.0,5.75,994.25,,404.0,522.0,73.05,106.45,115.82,87.1,5.03,3.55,34.0,11.7,7.85,,,,,11.22,82.75,0.62,297.5,0.0,0.0,10.75,966.0,,372.25,470.75,119.45,105.82,153.35,19.9,5.95,2.34,10.65,4.5,35.0,,,,,14.2,77.0,0.9,116.25,0.0,0.0,15.75,986.0,,388.0,567.0,72.45,57.0,89.2,58.88,4.55,1.94,6.2,5.8,86.02,,,,,12.22,84.5,0.88,21.25,0.0,0.0,13.75,978.0,,325.25,401.25,171.48,23.08,151.65,36.62,43.85,3.13,13.75,0.92,11.82,,,,,12.02,88.0,0.98,144.5,0.0,0.0,15.5,988.0,,,,,,,,,,,,,,,,,,,,,,0.0,,,,,,,,,,,,,,,,,,,,,,,,0.0,,,
2024-12-20 08:00:00,251.87,360.29,160.39,110.9,189.45,,,2.9,65.52,,,,,,,,,,,,0,,,,,,,,,,,,,,,,,,,,,,,,0,,,,375.05,544.71,23.56,29.57,53.34,61.8,50.73,5.43,33.2,0.22,,,,0.06,0.1,11.58,94.11,0.1,62.0,0.0,0.0,24.42,,,322.0,517.0,131.37,83.73,151.3,24.03,12.95,2.52,6.1,2.77,5.77,,,,,12.8,86.0,0.3,185.67,0.0,0.0,27.67,975.0,,401.5,465.0,105.22,51.48,112.82,67.62,12.95,4.65,22.83,11.45,37.42,,,,,13.32,86.0,0.5,152.25,0.0,0.0,22.0,995.25,,493.0,693.0,152.25,123.18,189.08,87.92,7.53,4.19,35.72,12.05,7.68,,,,,11.98,79.5,0.65,255.5,0.0,0.0,32.25,966.0,,388.5,528.5,134.98,107.68,167.0,19.98,8.45,3.08,4.8,4.35,33.33,,,,,15.58,70.5,0.75,236.5,0.0,0.0,52.0,986.0,,506.0,694.0,60.05,63.62,82.7,58.15,3.88,2.08,5.85,5.32,68.92,,,,,12.7,83.25,0.72,58.0,0.0,0.0,49.5,978.5,,303.25,399.5,160.82,23.28,143.18,36.48,43.4,3.02,16.38,0.85,11.2,,,,,13.05,87.0,0.8,88.5,0.0,0.0,68.0,988.0,,,,,,,,,,,,,,,,,,,,,,0.0,,,,,,,,,,,,,,,,,,,,,,,,0.0,,,
2024-12-20 09:00:00,270.26,417.83,113.48,231.71,215.35,,,2.98,45.73,,,,,,,,,,,,0,,,,,,,,,,,,,,,,,,,,,,,,0,,,,389.34,576.22,23.72,30.13,53.72,61.68,50.48,5.35,32.34,0.11,,,,0.03,0.16,13.71,87.07,0.21,62.05,0.0,0.0,40.16,,,397.0,638.0,98.85,106.12,136.7,21.62,13.18,2.41,6.02,1.98,6.92,,,,,13.65,81.5,0.28,189.25,0.0,0.0,53.25,975.0,,384.0,464.75,70.58,95.45,108.15,71.58,12.7,4.05,21.18,11.82,34.8,,,,,15.6,83.0,0.42,197.5,0.0,0.0,42.75,996.5,,511.0,847.0,83.75,151.12,148.8,96.05,10.05,4.02,33.4,12.32,7.35,,,,,13.48,71.0,1.15,246.5,0.0,0.0,80.0,965.75,,437.75,626.5,154.25,117.5,187.92,18.85,9.4,3.34,3.4,4.65,33.28,,,,,17.32,61.25,1.42,287.5,0.0,0.0,104.25,986.0,,480.0,693.0,50.95,76.82,82.32,57.88,3.92,2.3,5.55,5.32,56.0,,,,,14.6,76.0,0.78,59.25,0.0,0.0,105.75,978.5,,304.25,413.5,150.02,83.5,166.4,38.35,43.58,3.27,12.12,0.8,10.78,,,,,16.08,83.75,0.75,125.0,0.0,0.0,157.25,988.5,,,,,,,,,,,,,,,,,,,,,,0.0,,,,,,,,,,,,,,,,,,,,,,,,0.0,,,
2024-12-20 10:00:00,308.07,422.77,32.0,161.19,111.73,,,2.55,37.92,,,,,,,,,,,,0,,,,,,,,,,,,,,,,,,,,,,,,0,,,,379.22,598.75,24.91,30.57,55.4,57.56,49.23,4.84,31.89,0.09,,,,0.04,0.12,16.4,75.31,0.13,62.02,0.0,0.0,57.28,,,416.0,641.0,47.22,107.48,95.52,21.7,13.05,1.66,5.65,2.25,7.7,,,,,15.02,73.0,0.35,175.75,0.0,0.0,73.5,975.0,,393.0,510.5,40.78,111.42,92.45,77.9,11.38,3.54,37.15,9.18,27.38,,,,,18.4,72.0,0.4,198.75,0.0,0.0,62.25,996.0,,454.0,658.0,31.62,145.45,102.92,87.28,13.2,3.82,21.95,12.3,6.95,,,,,15.32,62.75,1.27,245.75,0.0,0.0,117.0,965.5,,483.0,706.0,139.05,131.38,182.92,18.27,68.2,2.4,6.5,4.85,32.83,,,,,18.95,54.0,1.45,152.5,0.0,0.0,152.75,986.0,,495.0,,22.58,84.78,63.45,44.5,3.32,2.26,8.23,5.0,49.88,,,,,16.8,67.5,0.7,57.75,0.0,0.0,170.5,981.0,,309.0,431.25,62.38,158.4,135.0,39.98,44.42,2.6,15.78,0.78,10.35,,,,,19.35,65.5,1.18,205.5,0.0,0.0,251.0,988.25,,212.6,431.33,5.02,10.06,9.43,12.84,14.2,1.48,31.94,1.65,7.63,1.99,,0.97,0.45,30.1,30.08,,,0.0,0.0,,996.5,,,,,,,,,,,,,,,,,,,,,,0.0,,,
2024-12-20 11:00:00,272.8,383.91,18.76,160.56,100.64,,,2.71,50.31,,,,,,,,,,,,0,,,,154.77,348.67,11.7,28.7,24.78,46.49,19.55,1.6,49.19,2.81,3.11,,,0.89,1.5,,46.03,0.5,163.32,,0,185.93,,0.2,337.88,457.6,25.44,30.45,55.86,52.58,49.84,4.11,32.02,0.15,,,,0.05,0.21,18.5,66.45,0.39,53.49,0.0,0.0,77.48,,,300.0,486.0,21.62,108.68,75.32,25.18,11.92,1.61,8.9,4.03,6.8,,,,,16.25,66.25,0.48,192.5,0.0,0.0,83.0,975.0,,388.0,494.25,27.25,121.28,86.68,81.5,10.28,3.27,85.3,7.12,21.3,,,,,20.8,58.75,0.6,155.25,0.0,0.0,84.5,995.75,,437.0,617.0,20.05,128.98,84.82,69.8,15.2,3.64,45.17,12.5,7.7,,,,,16.3,59.5,1.72,253.0,0.0,0.0,163.25,965.5,,415.5,646.0,104.98,139.72,159.65,17.95,58.2,1.87,11.88,4.72,33.0,,,,,20.23,50.25,1.6,253.25,0.0,0.0,180.75,986.0,,514.0,831.0,9.68,103.02,62.65,45.7,2.48,2.46,33.17,4.2,53.58,,,,,19.32,56.25,0.55,86.0,0.0,0.0,207.25,981.5,,287.5,417.25,8.35,75.0,46.7,33.28,43.9,1.14,82.38,0.72,8.35,,,,,21.3,49.25,1.35,195.75,0.0,0.0,260.25,988.0,,205.25,427.72,27.11,186.51,121.55,75.94,16.49,1.18,45.0,1.67,7.61,1.77,,0.96,0.47,30.1,30.15,,,0.0,0.0,,996.5,,,,,,,,,,,,,,,,,,,,,,0.0,,,
2024-12-20 12:00:00,261.64,431.39,8.6,113.68,67.46,,,2.46,85.54,,,,,,,,,,,,0,,,,126.8,310.7,12.72,27.27,24.85,48.32,16.44,,48.12,,,,,,,,42.56,0.59,80.81,,0,179.1,,0.16,269.27,392.13,25.58,30.48,56.07,47.62,45.5,3.3,35.14,0.18,,,,0.02,0.09,19.93,63.58,0.66,12.88,0.0,0.0,97.0,,,361.0,559.0,19.77,87.85,63.4,24.8,12.8,1.92,6.5,5.25,5.48,,,,,17.52,60.5,0.4,205.25,0.0,0.0,90.0,975.0,,360.0,454.75,18.05,129.4,83.52,82.52,10.88,3.22,137.5,4.32,13.38,,,,,21.85,53.0,0.7,150.0,0.0,0.0,102.0,994.25,,406.0,606.0,9.7,105.6,64.2,68.65,16.55,3.04,65.35,12.12,8.1,,,,,17.2,55.75,1.75,250.0,0.0,0.0,188.25,966.0,,331.25,513.75,61.1,145.93,127.3,20.02,22.2,1.08,25.5,4.5,32.83,,,,,21.1,47.0,1.85,262.5,0.0,0.0,201.0,986.0,,480.0,830.0,3.95,73.02,42.05,40.48,3.3,1.7,62.82,3.68,51.88,,,,,20.5,52.0,0.55,89.25,0.0,0.0,221.5,982.0,,229.0,339.75,6.98,57.7,36.35,35.15,45.1,0.91,133.78,0.6,6.85,,,,,22.22,45.25,1.38,151.5,0.0,0.0,189.5,987.25,,192.55,333.55,19.75,138.8,90.06,58.6,18.19,0.61,45.76,0.86,7.69,0.84,,1.74,1.42,30.1,30.16,,,0.0,0.0,,996.5,,,,,,,,,,,,,,,,,,,,,,0.0,,,
2024-12-20 13:00:00,224.03,343.86,4.1,63.96,37.36,,,2.15,105.08,,,,,,,,,,,,0,,,,,,,,,,,,,,,,,,,,,,,,0,,,,270.0,366.72,23.62,30.03,53.61,43.27,42.06,2.65,38.02,0.21,,,,0.02,0.07,21.32,58.94,0.68,70.59,0.0,0.0,144.14,,,253.0,384.0,13.18,43.65,33.8,33.2,13.98,0.78,13.55,3.92,4.03,,,,,18.58,55.75,0.4,212.0,0.0,0.0,162.0,975.0,,370.0,465.25,11.1,102.18,63.38,80.58,9.75,2.78,185.72,3.32,9.43,,,,,21.98,50.25,0.65,140.25,0.0,0.0,85.5,993.25,,294.0,445.0,7.38,69.4,43.0,68.65,13.28,2.38,88.52,9.85,6.62,,,,,17.5,54.25,2.15,279.0,0.0,0.0,190.5,966.0,,235.75,349.25,26.65,149.18,101.0,19.2,18.73,1.14,40.28,3.82,30.12,,,,,21.28,47.5,1.98,295.25,0.0,0.0,173.5,985.75,,311.0,614.0,1.15,40.6,22.52,40.58,2.55,0.7,81.45,2.85,37.25,,,,,20.8,50.5,0.8,79.0,0.0,0.0,232.25,980.75,,206.0,316.75,9.4,97.98,59.75,37.0,62.15,0.86,111.08,0.55,5.78,,,,,21.95,45.0,1.35,136.5,0.0,0.0,193.25,987.0,,187.2,257.32,13.66,81.38,54.51,38.65,17.05,0.52,45.81,0.86,7.65,0.86,,1.72,1.46,30.1,30.25,,,0.0,0.0,,996.5,,,,,,,,,,,,,,,,,,,,,,0.0,,,
2024-12-20 14:00:00,206.0,277.29,3.07,42.71,25.21,,,1.92,101.17,,,,,,,,,,,,0,,,,102.4,273.68,15.29,36.98,32.1,46.92,14.6,2.32,49.1,1.96,2.81,1.85,,1.33,1.76,,41.59,0.92,88.72,,0,82.72,,-0.06,285.34,388.2,24.58,30.78,55.46,37.6,38.34,2.3,39.25,0.29,,,,0.03,0.08,21.52,58.96,0.68,67.84,0.0,0.0,90.29,,,185.0,290.0,12.48,35.52,28.92,33.88,14.53,0.43,14.78,2.3,2.38,,,,,19.6,50.75,0.38,224.0,0.0,0.0,80.25,975.0,,311.0,420.25,7.6,96.22,57.35,76.25,9.6,2.5,176.02,3.62,14.42,,,,,21.68,52.0,1.05,94.0,0.0,0.0,70.5,992.5,,193.0,274.0,5.7,52.38,32.62,73.08,11.97,2.07,114.62,7.2,5.22,,,,,17.8,52.75,1.95,264.75,0.0,0.0,175.0,965.25,,252.25,384.75,,,,,,,63.1,3.05,18.25,,,,,21.4,47.0,1.65,275.75,0.0,0.0,137.25,985.0,,196.0,327.0,1.0,48.15,26.4,65.72,4.25,0.62,85.68,1.92,38.22,,,,,20.45,53.25,0.75,76.5,0.0,0.0,175.5,977.0,,215.25,313.25,8.12,100.9,60.28,39.88,64.22,0.99,140.2,0.48,4.97,,,,,21.9,44.5,1.45,137.5,0.0,0.0,178.5,986.5,,148.2,192.32,28.01,88.08,69.58,48.42,17.23,0.26,37.56,0.86,7.64,0.85,,1.7,1.48,30.1,30.16,,,0.0,0.0,,996.5,,,,,,,,,,,,,,,,,,,,,,0.0,,,
2024-12-20 15:00:00,135.98,222.98,2.89,38.37,22.76,,,1.75,88.6,,,,,,,,,,,,0,,,,123.12,268.33,11.76,28.61,24.78,46.32,11.79,1.04,49.32,2.02,2.87,1.85,,1.27,1.81,,44.65,1.17,89.87,,0,57.55,,-0.08,301.58,423.55,24.05,30.69,54.75,38.17,38.06,1.92,39.39,0.11,,,,0.09,0.16,21.07,59.64,0.67,65.82,0.0,0.0,58.39,,,146.0,224.0,11.98,38.72,30.35,35.67,14.18,0.46,16.1,3.32,2.33,,,,,18.75,52.0,0.3,198.0,0.0,0.0,58.25,975.0,,248.0,350.5,5.72,76.0,45.05,72.35,20.27,2.28,164.2,2.3,17.27,,,,,21.42,53.75,0.88,94.5,0.0,0.0,48.25,992.0,,172.0,241.0,8.45,67.12,42.75,88.42,10.25,2.0,128.12,5.72,4.47,,,,,17.72,50.0,1.42,275.0,0.0,0.0,96.75,965.5,,222.0,342.25,3.0,63.85,36.45,4.75,11.05,1.11,55.6,2.88,25.55,,,,,20.72,49.75,1.75,288.75,0.0,0.0,80.25,985.0,,223.0,383.0,2.0,41.72,22.82,64.58,3.28,0.47,82.72,1.98,51.55,,,,,19.85,53.75,0.72,56.75,0.0,0.0,110.25,976.0,,249.75,362.25,5.3,66.92,39.95,40.4,47.45,1.37,167.15,0.4,4.82,,,,,21.55,46.25,1.45,123.5,0.0,0.0,123.25,986.0,,,,,,,,,,,,,,,,,,,,,,0.0,,,,,,,,,,,,,,,,,,,,,,,,0.0,,,
2024-12-20 16:00:00,115.75,187.69,3.01,44.32,26.02,,,1.78,73.26,,,,,,,,,,,,0,,,,125.1,227.18,13.94,33.32,29.05,46.99,11.0,1.18,49.73,2.04,2.86,1.86,,1.25,1.8,,47.92,0.91,94.81,,0,32.22,,-0.12,235.52,299.35,24.81,30.51,55.38,39.47,37.94,1.3,31.05,50.0,,,,50.0,37.53,19.98,62.11,0.2,24.01,0.0,0.0,26.98,,,142.0,249.0,14.97,62.28,45.22,32.9,12.02,1.01,10.9,4.28,2.75,,,,,17.9,55.75,0.28,195.25,0.0,0.0,33.25,975.0,,196.0,279.75,4.3,53.25,31.88,66.68,15.5,2.17,148.98,2.42,18.3,,,,,20.8,58.5,0.75,127.5,0.0,0.0,26.25,991.0,,151.0,234.0,11.38,115.62,70.85,92.55,10.4,2.58,85.58,5.78,6.15,,,,,16.77,57.25,1.68,315.25,0.0,0.0,37.25,965.25,,216.25,332.0,4.58,54.68,32.83,8.43,10.02,1.23,35.65,2.65,21.42,,,,,19.98,51.5,1.5,286.25,0.0,0.0,34.0,985.25,,189.0,344.0,0.5,42.0,22.52,60.08,2.2,0.35,72.6,1.45,26.22,,,,,18.7,57.0,0.57,66.5,0.0,0.0,49.25,976.25,,232.25,358.0,7.9,59.28,37.95,38.78,43.08,1.37,101.15,0.45,4.3,,,,,20.12,54.5,0.78,99.75,0.0,0.0,64.0,986.0,,,,,,,,,,,,,,,,,,,,,,0.0,,,,,,,,,,,,,,,,,,,,,,,,0.0,,,
2024-12-20 17:00:00,139.46,224.49,3.5,81.24,46.06,,,2.08,43.79,,,,,,,,,,,,0,,,,105.82,256.5,13.53,32.71,28.39,46.49,11.2,1.47,49.36,1.98,2.93,1.87,,1.34,1.8,,57.78,0.84,94.73,,0,17.02,,-0.13,198.0,268.46,25.04,30.72,55.88,44.09,38.4,1.6,23.57,25.21,,,,33.35,25.1,17.5,70.62,0.08,24.02,0.0,0.0,3.91,,,200.0,398.0,19.58,88.65,63.15,26.75,11.38,1.62,8.57,5.08,4.08,,,,,17.02,61.25,0.38,168.25,0.0,0.0,11.75,975.0,,200.0,274.75,4.97,53.12,32.33,62.82,14.45,2.1,127.07,2.28,7.28,,,,,19.45,63.5,0.57,82.75,0.0,0.0,7.5,992.0,,221.0,373.0,16.35,142.95,89.28,93.78,8.73,2.82,56.0,6.28,7.88,,,,,15.6,62.75,1.48,316.5,0.0,0.0,12.25,966.0,,214.5,346.75,7.02,49.68,32.12,9.43,9.3,1.72,17.98,2.88,23.75,,,,,18.82,55.75,1.4,271.75,0.0,0.0,8.0,985.75,,173.0,302.0,2.25,55.42,31.28,56.18,1.45,1.14,38.58,1.55,25.52,,,,,16.55,66.75,0.82,67.0,0.0,0.0,13.0,976.75,,203.5,322.5,5.22,57.42,34.83,39.78,39.58,1.32,45.42,0.4,3.92,,,,,17.35,72.25,0.8,75.75,0.0,0.0,19.0,986.0,,,,,,,,,,,,,,,,,,,,,,0.0,,,,,,,,,,,,,,,,,,,,,,,,0.0,,,
2024-12-20 18:00:00,171.58,286.87,22.08,128.62,86.45,,,2.55,22.74,,,,,,,,,,,,0,,,,138.9,254.7,13.95,34.87,29.89,46.93,8.24,1.64,49.3,1.91,2.84,1.88,,1.27,1.75,,68.16,0.82,75.66,,0,16.42,,-0.13,203.45,348.58,23.74,29.96,53.78,61.55,38.5,1.86,21.39,0.18,,,,0.06,0.34,16.06,76.63,0.1,24.02,0.0,0.0,,,,266.0,509.0,34.98,108.72,86.35,24.05,15.08,2.56,9.88,4.4,6.5,,,,,15.95,65.75,0.2,187.25,0.0,0.0,7.0,975.0,,189.0,270.75,5.12,58.0,34.95,62.38,16.1,2.24,88.4,2.45,10.65,,,,,18.0,69.75,0.65,81.25,0.0,0.0,3.5,992.0,,219.0,371.0,76.9,165.35,150.45,79.6,9.65,3.83,14.0,6.88,8.18,,,,,14.35,68.5,0.65,311.0,0.0,0.0,10.0,966.0,,247.75,420.75,9.62,49.12,33.95,9.9,7.87,2.12,4.7,3.02,27.65,,,,,17.68,62.25,0.8,260.5,0.0,0.0,5.0,986.0,,215.0,400.0,5.05,57.45,34.65,40.83,1.05,1.63,19.73,1.88,33.88,,,,,15.12,75.0,0.88,66.25,0.0,0.0,7.0,980.25,,179.0,266.5,5.72,60.42,36.8,38.8,39.15,1.36,16.12,0.4,3.82,,,,,15.7,81.0,0.78,81.25,0.0,0.0,8.75,987.0,,,,,,,,,,,,,,,,,,,,,,0.0,,,,,,,,,,,,,,,,,,,,,,,,0.0,,,
2024-12-20 19:00:00,216.34,342.12,73.25,140.24,134.18,,,3.18,21.8,,,,,,,,,,,,0,,,,141.88,290.3,14.69,36.18,31.18,47.8,8.18,2.05,49.39,2.0,2.88,2.0,,1.3,1.77,,69.22,0.84,89.48,,0,18.18,,-0.12,240.08,466.52,24.18,30.29,54.36,61.57,38.78,2.2,21.44,0.18,,,,0.03,0.1,14.62,82.46,0.2,23.99,0.0,0.0,,,,313.0,599.0,70.7,106.98,114.22,23.4,20.68,3.4,8.5,12.78,9.05,,,,,15.35,70.0,0.28,186.25,0.0,0.0,7.0,975.0,,205.0,280.0,6.02,61.62,37.65,63.8,17.1,2.23,74.65,2.75,24.95,,,,,17.65,69.5,0.55,95.25,0.0,0.0,3.5,992.0,,244.0,432.0,128.78,159.57,189.58,63.75,13.68,4.81,,8.5,10.68,,,,,13.8,71.5,0.68,320.25,0.0,0.0,10.0,966.0,,297.75,477.5,13.65,48.15,36.7,9.88,7.8,2.97,2.62,3.7,46.02,,,,,17.25,63.75,0.98,264.0,0.0,0.0,5.0,986.0,,276.0,433.0,4.7,65.82,38.83,37.15,1.12,1.86,15.5,1.85,34.58,,,,,15.1,74.5,0.6,60.0,0.0,0.0,7.0,981.0,,182.75,263.0,6.5,50.65,32.22,37.05,38.88,1.48,8.78,0.32,4.7,,,,,14.8,84.0,0.78,74.5,0.0,0.0,9.0,987.0,,,,,,,,,,,,,,,,,,,,,,0.0,,,,,,,,,,,,,,,,,,,,,,,,0.0,,,
2024-12-20 20:00:00,254.42,359.78,64.37,133.12,123.15,,,3.32,19.91,,,,,,,,,,,,0,,,,137.52,293.3,16.56,39.9,34.69,47.24,10.04,2.66,49.46,1.98,2.87,1.88,,1.28,1.8,,66.6,0.81,81.54,,0,18.62,,-0.12,277.9,623.17,24.46,30.3,54.74,61.54,39.24,2.66,21.34,0.29,,,,0.02,0.17,13.94,84.9,0.25,24.02,0.0,0.0,,,,375.0,655.0,59.18,107.2,104.98,23.2,17.77,2.27,7.4,8.2,10.72,,,,,15.6,68.75,0.35,185.0,0.0,0.0,7.0,975.0,,223.0,293.0,6.98,70.8,42.18,65.78,13.3,2.38,49.9,2.6,20.6,,,,,16.73,74.25,0.55,140.5,0.0,0.0,3.0,992.75,,328.0,541.0,131.22,150.72,186.8,64.75,13.13,5.07,,10.1,13.92,,,,,13.42,73.5,0.72,316.5,0.0,0.0,10.0,966.0,,321.0,531.75,19.5,50.05,42.48,9.4,8.57,2.56,2.45,4.62,72.6,,,,,17.0,63.75,0.92,262.5,0.0,0.0,5.0,986.0,,306.0,519.0,5.42,62.8,37.83,37.9,1.35,1.83,12.0,2.28,32.02,,,,,14.75,76.0,0.72,68.0,0.0,0.0,7.0,981.25,,192.0,270.0,6.98,49.62,32.05,35.38,38.72,1.51,6.28,0.4,5.42,,,,,14.08,83.75,0.82,87.5,0.0,0.0,9.0,987.0,,,,,,,,,,,,,,,,,,,,,,0.0,,,,,,,,,,,,,,,,,,,,,,,,0.0,,,
2024-12-20 21:00:00,255.53,373.88,86.64,119.33,133.96,,,3.57,20.51,,,,,,,,,,,,0,,,,150.02,324.03,19.71,47.11,41.09,48.07,10.97,1.62,49.0,2.01,2.91,1.88,,1.28,1.79,,67.83,0.76,83.07,,0,17.73,,-0.14,317.15,529.5,24.34,30.31,54.65,61.55,40.24,3.79,22.29,0.22,,,,0.04,0.25,13.52,86.4,0.63,30.44,0.0,0.0,,,,328.0,565.0,53.85,97.72,95.55,22.9,15.4,1.8,11.72,6.92,8.52,,,,,15.25,71.75,0.3,187.0,0.0,0.0,7.0,975.0,,266.0,317.0,7.5,75.95,46.52,68.2,13.1,2.5,38.45,2.65,13.88,,,,,16.38,75.75,0.5,158.75,0.0,0.0,3.0,993.0,,353.0,544.0,91.6,125.12,141.0,69.78,10.5,4.14,18.45,10.6,14.08,,,,,13.08,75.5,0.65,316.0,0.0,0.0,10.0,966.0,,307.5,487.75,23.88,49.88,45.9,9.6,7.88,2.14,3.3,4.72,81.75,,,,,16.55,66.0,0.98,271.75,0.0,0.0,5.0,986.0,,323.0,520.0,4.5,60.18,35.65,40.05,1.8,1.85,9.52,2.42,22.98,,,,,14.12,79.25,0.75,58.75,0.0,0.0,7.0,980.75,,190.25,268.75,10.07,54.52,37.2,35.12,38.92,1.84,4.28,0.32,5.32,,,,,13.95,83.0,0.8,76.25,0.0,0.0,9.0,987.0,,,,,,,,,,,,,,,,,,,,,,0.0,,,,,,,,,,,,,,,,,,,,,,,,0.0,,,
2024-12-20 22:00:00,253.19,383.84,68.53,101.36,109.62,,,3.37,19.08,,,,,,,,,,,,0,,,,120.08,297.38,20.19,44.66,40.17,47.05,10.01,0.78,48.3,2.02,2.93,1.9,,1.29,1.8,,70.5,0.83,92.29,,0,17.92,,-0.16,344.92,493.45,25.14,30.57,55.63,61.7,40.67,4.0,22.56,0.34,,,,0.06,0.19,12.86,88.39,0.45,109.29,0.0,0.0,,,,294.0,509.0,44.15,90.25,83.65,23.75,13.68,1.22,10.9,5.92,7.85,,,,,14.88,74.0,0.3,183.0,0.0,0.0,7.0,975.0,,261.0,326.25,9.12,75.08,47.38,67.38,12.65,2.48,26.0,2.72,13.02,,,,,15.78,78.75,0.55,172.0,0.0,0.0,3.0,993.0,,285.0,426.0,81.72,116.88,128.65,70.8,7.72,3.88,20.32,10.9,12.62,,,,,12.55,78.75,0.57,322.0,0.0,0.0,10.25,966.0,,291.0,435.5,26.5,48.35,47.28,10.07,6.85,1.96,2.55,4.58,82.15,,,,,16.25,67.75,0.75,277.5,0.0,0.0,5.0,986.0,,342.0,510.0,6.95,67.95,41.8,54.5,2.9,1.74,5.7,2.45,22.42,,,,,13.82,81.5,0.8,65.5,0.0,0.0,7.0,978.25,,204.75,292.0,12.2,49.95,36.48,35.7,39.0,2.09,3.95,0.38,5.7,,,,,13.55,82.75,0.8,86.0,0.0,0.0,9.0,987.0,,,,,,,,,,,,,,,,,,,,,,0.0,,,,,,,,,,,,,,,,,,,,,,,,0.0,,,
2024-12-20 23:00:00,267.2,349.8,69.19,83.75,100.82,,,3.34,17.96,,,,,,,,,,,,0,,,,109.87,295.8,19.24,40.03,36.93,48.95,12.44,0.38,48.52,2.0,2.83,1.87,,1.29,1.77,,70.48,0.79,72.63,,0,17.67,,-0.18,342.58,472.83,23.76,29.94,53.85,61.52,40.4,3.72,21.78,0.59,,,,0.05,0.1,12.28,90.2,0.55,108.96,0.0,0.0,,,,258.0,406.0,41.38,81.85,77.1,26.0,11.62,0.96,7.2,3.78,5.42,,,,,14.5,76.75,0.28,187.0,0.0,0.0,7.0,975.0,,252.0,312.0,11.28,68.6,45.65,65.12,13.08,2.44,17.82,1.15,4.4,,,,,15.3,81.5,0.68,154.5,0.0,0.0,3.0,992.75,,305.0,428.0,78.7,113.92,124.52,85.45,6.28,3.35,32.9,10.07,11.28,,,,,12.48,79.75,0.82,320.75,0.0,0.0,9.75,966.0,,273.5,386.0,27.45,49.78,48.82,9.8,5.85,1.88,2.15,4.4,76.6,,,,,15.32,73.0,0.57,263.25,0.0,0.0,5.0,986.0,,312.0,487.0,4.97,59.4,35.62,60.08,2.42,1.26,7.88,2.28,24.3,,,,,13.78,81.5,0.8,70.0,0.0,0.0,7.0,978.0,,219.0,306.75,17.75,47.32,39.6,35.05,39.15,2.09,4.05,0.4,5.9,,,,,13.28,82.5,0.98,90.5,0.0,0.0,9.0,987.0,,,,,,,,,,,,,,,,,,,,,,0.0,,,,,,,,,,,,,,,,,,,,,,,,0.0,,,
2024-12-21 00:00:00,226.0,324.41,43.03,76.32,75.61,,,2.83,15.13,,,,,,,,,,,,0,,,,109.7,263.3,17.72,37.98,34.61,48.9,15.4,1.87,48.85,2.02,2.93,1.92,,1.33,1.82,,72.39,0.78,89.46,,0,17.55,,-0.19,315.85,413.26,24.58,30.22,54.7,61.73,40.06,3.35,21.7,0.4,,,,0.04,0.15,12.29,89.88,0.77,109.49,0.0,0.0,,,,218.0,367.0,41.57,68.13,69.97,24.33,8.93,0.72,9.17,3.3,5.8,,,,,14.1,78.33,0.3,182.67,0.0,0.0,7.0,975.0,,229.0,283.75,13.18,53.42,39.12,62.15,12.42,1.61,11.65,2.68,9.12,,,,,14.3,83.0,0.4,210.25,0.0,0.0,3.0,992.0,,266.0,366.0,48.65,109.62,97.85,89.95,5.1,2.66,34.07,8.88,10.27,,,,,12.3,79.75,0.65,314.75,0.0,0.0,10.0,965.75,,242.75,343.5,27.82,47.4,47.85,10.4,5.4,1.45,2.8,4.5,69.62,,,,,15.75,70.75,0.98,284.75,0.0,0.0,5.0,986.0,,251.0,377.0,5.42,49.52,30.8,55.0,8.23,1.01,10.4,1.95,20.3,,,,,13.7,81.0,0.7,64.5,0.0,0.0,7.0,978.0,,235.5,322.5,16.98,48.58,39.6,35.83,39.4,1.87,3.98,0.4,5.58,,,,,13.4,83.0,1.12,73.75,0.0,0.0,9.0,987.0,,,,,,,,,,,,,,,,,,,,,,0.0,,,,,,,,,,,,,,,,,,,,,,,,0.0,,,
2024-12-21 01:00:00,174.89,281.18,22.18,64.1,52.14,,,2.37,14.24,,,,,,,,,,,,0,,,,75.95,257.6,19.27,36.95,35.32,48.74,16.89,2.24,47.69,2.01,2.86,1.94,,1.36,1.75,,70.32,0.85,88.44,,0,17.5,,-0.19,286.43,379.65,24.24,30.44,54.62,61.6,39.7,2.94,21.28,0.27,,,,0.03,0.18,12.0,89.84,0.5,84.66,0.0,0.0,,,,213.0,357.0,30.1,67.88,60.65,25.65,4.78,0.52,8.5,2.25,4.38,,,,,13.85,79.25,0.28,202.0,0.0,0.0,7.0,975.0,,210.25,253.5,12.52,48.38,35.98,60.4,13.12,1.12,14.0,2.95,9.35,,,,,14.0,82.0,0.35,224.0,0.0,0.0,3.0,992.0,,263.0,349.0,38.62,106.5,87.9,95.7,3.7,2.35,29.9,7.78,8.9,,,,,11.95,81.5,0.65,309.25,0.0,0.0,10.0,966.0,,223.5,314.25,27.32,47.05,47.22,11.1,4.4,0.93,5.5,4.0,61.5,,,,,15.7,69.0,1.1,292.5,0.0,0.0,5.0,986.0,,243.0,360.0,2.7,41.48,23.62,52.82,9.2,0.83,13.2,1.7,18.58,,,,,13.2,82.75,0.72,58.0,0.0,0.0,7.0,978.25,,217.5,301.5,8.8,42.45,29.75,33.12,39.3,1.54,5.0,0.4,4.9,,,,,13.2,83.0,0.82,110.5,0.0,0.0,9.0,987.0,,,,,,,,,,,,,,,,,,,,,,0.0,,,,,,,,,,,,,,,,,,,,,,,,0.0,,,
2024-12-21 02:00:00,148.65,242.46,10.62,49.52,34.98,,,2.08,14.06,,,,,,,,,,,,0,,,,69.38,227.08,20.14,37.06,36.08,49.92,18.6,2.85,48.78,1.96,2.93,1.92,,1.32,1.78,,71.1,0.82,96.14,,0,16.4,,-0.2,255.05,333.4,23.89,30.19,54.19,61.7,39.09,2.54,20.9,0.2,,,,0.04,0.24,11.36,91.09,0.64,87.32,0.0,0.0,,,,211.0,340.0,25.8,70.5,58.5,25.6,,0.52,7.23,2.22,5.68,,,,,13.6,80.75,0.3,199.25,0.0,0.0,7.0,975.0,,189.75,228.0,11.0,44.2,32.4,48.5,12.8,1.18,11.15,2.98,6.98,,,,,13.68,82.0,0.32,240.75,0.0,0.0,3.0,992.0,,248.0,329.0,33.2,98.7,79.7,98.1,,2.29,38.08,7.2,8.32,,,,,11.62,83.5,0.5,320.75,0.0,0.0,10.25,965.75,,212.75,283.25,23.72,47.6,44.6,10.68,4.25,0.86,4.38,3.52,51.75,,,,,15.1,70.75,0.82,265.0,0.0,0.0,5.0,986.0,,229.0,342.0,1.7,33.1,19.0,45.2,8.5,0.8,14.17,1.52,17.15,,,,,12.72,85.5,0.68,58.0,0.0,0.0,7.0,981.25,,180.75,256.25,10.5,37.9,28.7,31.8,38.9,1.43,3.88,0.38,4.2,,,,,12.78,83.25,0.82,111.0,0.0,0.0,9.0,987.0,,,,,,,,,,,,,,,,,,,,,,0.0,,,,,,,,,,,,,,,,,,,,,,,,0.0,,,
2024-12-21 03:00:00,134.11,226.58,10.76,41.42,30.77,,,1.99,14.12,,,,,,,,,,,,0,,,,77.6,214.58,19.02,34.73,33.93,48.85,18.23,1.32,49.55,1.98,2.91,1.96,,1.33,1.82,,75.07,0.68,99.04,,0,15.42,,-0.2,236.22,294.85,23.72,30.09,53.82,61.68,38.92,2.21,20.79,0.42,,,,0.06,0.12,10.73,92.6,0.38,43.45,0.0,0.0,,,,266.0,436.0,45.02,65.72,71.47,23.95,10.95,1.04,6.15,2.12,4.0,,,,,13.2,82.0,0.3,212.5,0.0,0.0,6.75,975.0,,183.5,218.25,11.42,49.08,35.35,62.3,11.6,1.19,9.68,2.82,5.7,,,,,13.5,81.5,0.32,240.5,0.0,0.0,3.0,992.0,,244.0,329.0,22.9,83.6,63.02,62.25,3.48,2.32,22.1,6.88,8.38,,,,,11.35,84.75,0.45,312.75,0.0,0.0,10.75,966.0,,211.0,279.25,21.88,44.3,41.38,11.6,3.72,0.87,3.48,3.02,43.32,,,,,14.6,72.5,0.52,268.75,0.0,0.0,5.0,986.0,,326.0,472.0,46.55,50.32,64.58,35.25,8.68,0.89,4.4,1.82,23.58,,,,,12.2,87.5,1.1,58.0,0.0,0.0,7.0,981.0,,165.75,235.0,17.55,24.88,27.5,25.35,39.15,1.41,3.58,0.3,3.65,,,,,12.25,88.0,0.82,103.25,0.0,0.0,9.0,987.0,,,,,,,,,,,,,,,,,,,,,,0.0,,,,,,,,,,,,,,,,,,,,,,,,0.0,,,
2024-12-21 04:00:00,170.04,219.35,31.92,39.6,46.98,,,2.08,15.65,,,,,,,,,,,,0,,,,88.22,199.38,18.33,29.58,30.64,48.68,17.7,1.52,49.65,1.9,2.85,1.91,,1.29,1.82,,81.95,0.46,113.87,,0,16.42,,-0.19,220.45,283.7,24.34,30.6,54.74,61.5,38.84,1.96,20.77,0.04,,,,0.05,0.11,10.36,93.16,0.4,44.42,0.0,0.0,,,,242.0,388.0,40.6,70.2,70.15,29.0,15.2,1.0,5.8,2.6,4.15,,,,,12.85,84.5,0.3,200.0,0.0,0.0,7.0,975.0,,183.0,208.0,15.68,52.4,40.62,50.6,11.52,1.14,9.15,2.05,4.15,,,,,13.08,81.0,0.3,274.0,0.0,0.0,3.0,992.0,,257.0,356.0,51.45,86.68,88.28,55.3,4.35,2.36,19.58,6.55,8.07,,,,,11.02,85.5,0.32,305.0,0.0,0.0,10.5,966.0,,207.0,280.5,20.1,42.85,39.12,12.28,3.35,0.85,3.48,2.75,37.67,,,,,13.82,76.25,0.48,255.75,0.0,0.0,5.0,986.0,,312.0,549.0,30.45,49.55,51.1,31.5,8.98,1.03,3.9,1.92,48.62,,,,,11.98,88.75,0.72,58.0,0.0,0.0,7.0,981.5,,155.0,215.5,21.95,22.15,29.65,28.18,38.02,1.44,3.65,0.3,3.38,,,,,11.7,88.0,0.8,73.0,0.0,0.0,9.0,987.0,,,,,,,,,,,,,,,,,,,,,,0.0,,,,,,,,,,,,,,,,,,,,,,,,0.0,,,
2024-12-21 05:00:00,184.22,238.82,42.94,34.22,53.1,,,2.09,15.98,,,,,,,,,,,,0,,,,89.15,186.58,18.07,32.18,31.81,48.51,20.25,1.61,48.52,2.02,2.95,1.84,,1.28,1.85,,86.08,0.46,253.41,,0,16.88,,-0.18,222.58,287.94,24.9,31.08,56.08,61.47,39.07,1.75,22.02,0.17,,,,0.03,0.24,10.34,92.59,0.62,130.1,0.0,0.0,,,,213.0,331.0,35.1,51.87,56.23,28.73,16.43,1.06,7.33,2.57,3.6,,,,,12.87,85.0,0.33,227.33,0.0,0.0,6.67,975.0,,160.5,184.75,23.8,47.12,44.4,50.12,11.4,1.1,9.0,0.45,0.95,,,,,12.68,85.75,0.35,306.5,0.0,0.0,3.0,992.0,,252.0,393.0,49.18,84.28,84.72,60.55,6.12,2.46,12.55,6.9,8.12,,,,,11.08,86.5,0.57,314.5,0.0,0.0,10.0,966.0,,205.0,271.0,19.05,41.62,37.65,12.82,2.9,0.92,2.48,2.45,33.0,,,,,13.48,78.5,0.55,212.25,0.0,0.0,5.0,986.0,,271.0,409.0,24.98,49.0,46.38,32.1,8.55,1.23,4.15,2.05,43.72,,,,,11.6,90.0,0.62,58.0,0.0,0.0,7.0,981.75,,158.75,224.25,18.08,27.5,29.32,29.25,37.95,1.32,3.85,0.3,3.18,,,,,11.65,88.0,0.92,74.0,0.0,0.0,9.0,987.0,,,,,,,,,,,,,,,,,,,,,,0.0,,,,,,,,,,,,,,,,,,,,,,,,0.0,,,
2024-12-21 06:00:00,183.16,236.83,48.01,31.04,55.54,,,2.16,16.16,,,,,,,,,,,,0,,,,95.38,184.8,18.99,31.77,32.34,48.98,17.26,1.6,49.92,1.96,2.9,1.87,,1.32,1.74,,88.61,0.54,329.84,,0,17.4,,-0.17,239.15,321.67,24.81,30.34,55.14,61.7,39.35,1.53,22.74,0.16,,,,0.03,0.14,10.29,92.26,0.73,122.95,0.0,0.0,,,,278.0,420.0,48.08,50.92,66.18,28.65,15.55,1.34,7.75,2.17,3.92,,,,,12.72,85.75,0.32,216.0,0.0,0.0,7.0,975.0,,158.25,182.5,18.48,48.02,40.52,51.25,11.2,1.08,8.8,0.0,0.0,,,,,12.45,86.0,0.35,320.25,0.0,0.0,3.0,993.0,,339.0,437.0,43.55,87.2,81.72,75.15,5.38,2.54,24.5,8.27,8.9,,,,,11.08,85.0,0.62,312.5,0.0,0.0,10.0,966.0,,206.25,266.75,19.0,40.97,37.22,12.92,2.9,0.99,3.25,2.4,30.58,,,,,13.08,81.75,0.3,207.0,0.0,0.0,5.25,986.0,,266.0,428.0,24.6,58.78,51.28,44.3,9.28,1.16,4.03,2.02,33.58,,,,,11.3,91.0,0.68,58.0,0.0,0.0,7.0,979.25,,173.75,256.0,12.2,37.78,30.0,29.95,38.05,1.27,4.4,0.3,2.98,,,,,12.15,88.0,1.0,93.25,0.0,0.0,9.0,987.0,,,,,,,,,,,,,,,,,,,,,,0.0,,,,,,,,,,,,,,,,,,,,,,,,0.0,,,
2024-12-21 07:00:00,183.17,269.92,46.39,28.93,53.1,,,2.09,16.96,,,,,,,,,,,,0,,,,68.38,178.05,15.11,26.62,26.32,47.05,16.3,1.22,50.32,1.98,2.94,1.91,,1.32,1.77,,85.77,0.74,28.79,,0,27.42,,-0.14,251.4,333.15,24.36,30.48,55.0,61.46,39.36,1.36,22.25,0.3,,,,0.03,0.27,10.45,91.58,0.82,161.2,0.0,0.0,5.53,,,316.0,462.0,59.18,60.25,80.03,28.1,15.9,1.56,6.72,3.62,4.42,,,,,12.68,86.5,0.38,219.0,0.0,0.0,10.25,975.0,,152.5,175.75,18.8,45.95,39.67,54.0,10.72,1.14,9.57,0.0,0.02,,,,,12.15,86.0,0.3,252.0,0.0,0.0,5.75,993.5,,337.0,426.0,53.38,90.25,91.1,92.52,5.32,2.51,36.3,8.83,8.3,,,,,10.98,85.25,0.7,310.75,0.0,0.0,11.5,966.0,,220.0,298.0,21.68,41.72,39.83,13.23,4.3,1.44,3.15,2.45,29.92,,,,,13.62,81.5,0.62,254.5,0.0,0.0,15.0,986.0,,245.0,392.0,31.72,57.0,56.12,52.28,8.88,1.22,4.32,1.9,25.7,,,,,11.18,91.75,0.65,58.0,0.0,0.0,14.25,978.5,,172.75,267.25,12.75,32.48,27.65,29.88,38.05,1.25,4.12,0.22,2.62,,,,,11.98,88.0,0.82,103.5,0.0,0.0,16.0,988.0,,,,,,,,,,,,,,,,,,,,,,0.0,,,,,,,,,,,,,,,,,,,,,,,,0.0,,,
2024-12-21 08:00:00,173.25,268.31,59.43,40.73,69.96,,,2.24,17.6,,,,,,,,,,,,0,,,,102.78,189.12,10.86,18.0,18.33,46.29,14.38,0.04,48.02,2.04,2.89,1.9,,1.36,1.75,,74.26,0.8,49.38,,0,72.3,,-0.02,238.12,321.95,24.14,30.6,54.66,61.52,39.08,1.33,21.61,0.19,,,,0.03,0.4,11.12,90.17,0.77,157.76,0.0,0.0,18.14,,,284.0,439.0,59.12,71.97,86.2,27.72,14.0,1.53,6.2,3.62,4.53,,,,,12.9,85.25,0.38,234.25,0.0,0.0,28.0,975.0,,131.25,139.25,32.15,45.52,50.3,48.52,11.18,1.46,9.45,2.0,3.08,,,,,12.6,86.0,0.25,240.5,0.0,0.0,21.5,994.25,,315.0,410.0,60.7,101.68,103.28,97.58,5.8,2.79,33.2,8.82,7.8,,,,,11.62,82.5,0.88,313.75,0.0,0.0,48.5,966.0,,286.5,393.25,34.02,41.8,49.9,12.98,5.3,1.88,4.1,2.68,30.8,,,,,15.15,74.0,0.62,236.0,0.0,0.0,51.5,986.0,,248.0,399.0,31.08,58.62,56.4,52.32,9.32,1.33,5.1,1.82,28.3,,,,,11.8,91.0,0.7,58.0,0.0,0.0,50.75,978.0,,163.5,280.75,18.7,33.83,33.22,30.32,38.42,1.34,6.95,0.28,2.28,,,,,13.0,87.5,0.88,90.0,0.0,0.0,69.5,988.0,,,,,,,,,,,,,,,,,,,,,,0.0,,,,,,,,,,,,,,,,,,,,,,,,0.0,,,
2024-12-21 09:00:00,202.92,320.78,39.81,98.44,84.77,,,2.42,17.3,,,,,,,,,,,,0,,,,123.1,231.58,14.96,32.83,29.63,47.14,17.63,2.18,48.88,1.94,2.88,1.88,,1.32,1.84,,58.7,0.73,74.63,,0,137.22,,0.1,255.88,340.68,23.8,30.37,54.18,61.68,38.91,1.33,21.08,0.15,,,,0.03,0.16,13.59,81.15,1.45,166.86,0.0,0.0,30.0,,,288.0,459.0,48.9,86.78,85.88,25.65,14.5,1.6,6.75,2.68,4.62,,,,,13.82,80.75,0.55,220.5,0.0,0.0,47.5,975.5,,136.25,148.25,25.18,50.72,47.52,57.9,9.57,1.53,15.62,3.08,3.9,,,,,14.65,84.75,0.28,267.5,0.0,0.0,40.75,996.0,,332.0,465.0,69.08,134.32,127.22,105.98,7.0,3.32,7.08,9.1,8.22,,,,,13.4,73.5,1.0,311.5,0.0,0.0,116.75,966.0,,314.5,444.25,40.9,45.18,57.3,11.9,7.0,1.74,4.8,2.88,31.17,,,,,17.95,58.5,1.17,261.5,0.0,0.0,127.5,986.0,,291.0,946.0,29.82,68.65,60.78,52.4,9.4,1.61,6.9,2.12,29.0,,,,,14.12,80.75,0.75,58.0,0.0,0.0,126.75,978.25,,170.75,283.5,21.92,73.43,56.9,33.67,39.52,1.54,15.78,0.22,2.05,,,,,15.92,81.5,1.65,74.25,0.0,0.0,198.5,988.0,,,,,,,,,,,,,,,,,,,,,,0.0,,,,,,,,,,,,,,,,,,,,,,,,0.0,,,
2024-12-21 10:00:00,275.84,392.19,17.42,120.32,78.18,,,2.27,12.24,,,,,,,,,,,,0,,,,136.02,259.77,15.76,33.8,30.79,47.9,18.9,1.47,49.47,1.96,2.94,1.9,,1.24,1.76,,43.11,1.03,94.58,,0,183.25,,0.18,274.0,353.0,24.1,30.28,54.14,61.75,38.73,1.32,20.8,,,,,,,15.55,72.13,1.15,176.05,0.0,0.0,37.1,,,312.0,497.0,29.02,91.4,72.1,23.5,14.25,1.33,6.75,2.05,4.7,,,,,15.2,70.5,0.68,242.75,0.0,0.0,60.0,975.0,,181.25,236.0,13.1,53.28,39.0,62.32,8.75,1.46,43.45,3.15,3.5,,,,,17.3,76.5,0.43,281.0,0.0,0.0,57.5,996.25,,371.0,563.0,32.1,133.1,96.85,103.32,10.45,3.07,20.65,9.32,8.22,,,,,15.78,60.0,1.1,304.75,0.0,0.0,157.5,965.25,,301.75,434.5,36.45,48.55,55.45,11.05,19.12,1.54,7.62,3.32,30.18,,,,,19.7,48.0,1.78,282.0,0.0,0.0,178.75,986.0,,382.0,603.0,20.55,75.7,56.98,42.75,9.57,1.82,18.55,2.2,47.45,,,,,17.2,65.75,0.78,78.25,0.0,0.0,206.75,981.0,,196.5,313.0,17.02,80.42,56.62,31.28,41.3,1.48,46.28,0.28,1.65,,,,,19.23,57.25,1.72,90.0,0.0,0.0,315.75,988.5,,,,,,,,,,,,,,,,,,,,,,0.0,,,,,,,,,,,,,,,,,,,,,,,,0.0,,,
2024-12-21 11:00:00,233.49,378.6,7.18,79.48,48.12,,,2.17,45.3,,,,,,,,,,,,0,,,,139.5,286.92,13.79,31.58,28.01,46.23,31.18,1.37,48.68,1.92,2.91,1.9,,1.31,1.8,,35.48,1.24,117.31,,0,216.88,,0.24,,,,,,,,,,,,,,,,,,,,,0.0,,,,273.0,440.0,22.1,77.58,59.22,24.28,13.65,0.94,6.58,2.42,4.47,,,,,16.73,57.25,0.62,216.75,0.0,0.0,68.75,975.0,,238.0,290.75,9.32,54.55,36.55,66.65,7.88,1.43,83.52,3.02,3.28,,,,,20.35,58.75,0.43,234.25,0.0,0.0,82.0,996.0,,279.0,458.0,18.85,98.62,67.4,71.85,14.68,2.49,4.0,8.02,7.4,,,,,17.2,51.75,1.45,308.0,0.0,0.0,241.5,965.75,,260.25,401.5,28.95,51.48,50.92,9.3,28.0,1.2,16.58,3.25,28.55,,,,,20.85,42.75,2.02,281.75,0.0,0.0,217.0,986.0,,405.0,676.0,7.5,59.85,37.95,36.48,9.88,1.37,46.75,2.25,75.03,,,,,19.55,53.25,0.75,72.0,0.0,0.0,267.25,981.5,,206.25,297.5,10.38,70.78,46.08,32.4,43.62,1.52,86.98,0.28,1.25,,,,,21.02,46.5,1.95,103.75,0.0,0.0,291.5,988.0,,,,,,,,,,,,,,,,,,,,,,0.0,,,,,,,,,,,,,,,,,,,,,,,,0.0,,,
2024-12-21 12:00:00,149.46,266.8,3.48,47.87,28.3,,,1.7,78.18,,,,,,,,,,,,0,,,,118.02,255.72,15.86,37.12,32.64,46.86,,0.93,49.04,2.04,2.91,1.86,,1.29,1.74,,33.34,1.21,100.72,,0,208.02,,0.2,,,,,0.0,,,0.0,,,,,,,,,,,,0.0,0.0,,,,219.0,385.0,13.35,52.25,38.7,27.02,14.68,0.69,8.68,3.15,3.92,,,,,17.9,51.25,0.6,227.5,0.0,0.0,76.5,975.0,,229.75,275.25,6.9,55.52,35.1,67.3,8.2,1.24,134.95,2.08,2.42,,,,,21.42,48.25,0.7,121.0,0.0,0.0,107.25,994.75,,205.0,354.0,11.05,81.35,52.28,66.72,15.7,2.14,,6.92,6.9,,,,,17.77,48.75,2.02,277.25,0.0,0.0,273.75,966.0,,231.5,364.75,18.65,52.95,43.32,8.82,24.87,1.0,31.62,3.22,27.02,,,,,21.5,41.5,2.2,283.75,0.0,0.0,230.0,985.5,,262.0,493.0,1.88,36.98,21.22,34.28,11.5,0.78,75.53,1.55,49.35,,,,,20.4,47.75,0.75,58.75,0.0,0.0,269.75,981.5,,214.5,315.25,7.32,51.3,33.25,37.45,44.58,1.37,145.52,0.28,1.65,,,,,22.1,41.0,1.85,122.25,0.0,0.0,166.0,987.5,,,,,,,,,,,,,,,,,,,,,,0.0,,,,,,,,,,,,,,,,,,,,,,,,0.0,,,
2024-12-21 13:00:00,130.2,235.26,2.74,41.24,24.16,,,1.6,101.32,,,,,,,,,,,,0,,,,96.52,263.58,15.14,34.07,30.44,48.05,,0.82,48.54,1.96,2.89,1.9,,1.31,1.79,,30.24,1.29,93.09,,0,159.43,,0.11,195.73,339.76,,,0.0,,37.86,1.02,24.56,16.81,,,,16.69,16.75,21.92,46.43,1.75,129.71,0.0,0.0,177.28,,,179.0,296.0,13.48,51.88,38.7,29.22,14.75,0.55,10.18,3.97,4.22,,,,,18.92,46.5,0.57,208.75,0.0,0.0,170.75,975.0,,207.0,252.75,6.12,58.55,36.12,66.95,7.88,1.23,160.67,1.58,4.82,,,,,21.92,46.0,0.55,237.5,0.0,0.0,75.75,993.75,,193.0,316.0,6.5,74.92,45.08,67.72,15.85,2.02,9.25,6.1,7.38,,,,,18.4,46.75,2.17,309.75,0.0,0.0,220.0,965.5,,203.5,334.5,11.2,51.25,36.33,9.62,18.9,0.86,47.6,2.98,26.4,,,,,22.02,40.25,2.3,276.5,0.0,0.0,218.75,985.25,,199.0,326.0,0.65,35.83,19.58,34.95,11.32,0.64,84.12,1.55,21.4,,,,,20.42,47.75,0.72,68.75,0.0,0.0,272.75,981.75,,182.5,282.0,6.4,41.72,27.38,38.48,45.72,1.22,173.55,0.3,1.92,,,,,22.05,39.5,2.0,121.0,0.0,0.0,178.75,987.0,,,,,,,,,,,,,,,,,,,,,,0.0,,,,,,,,,,,,,,,,,,,,,,,,0.0,,,
2024-12-21 14:00:00,132.27,223.65,2.52,32.16,19.16,,,1.54,103.56,,,,,,,,,,,,0,,,,82.0,213.25,16.55,36.75,33.0,46.8,1.89,0.84,49.2,1.92,2.8,1.97,,1.27,1.76,,28.77,1.53,117.69,,0,79.37,,-0.03,22.5,0.05,25.58,3.12,13.26,59.91,37.83,0.92,25.06,0.18,,,,0.05,0.11,21.87,46.62,1.93,136.34,0.0,0.0,102.76,,,170.0,311.0,11.98,42.58,32.42,29.5,17.57,0.79,11.7,4.32,4.88,,,,,19.92,43.5,0.62,223.25,0.0,0.0,76.5,975.0,,184.5,230.0,6.28,56.85,35.23,64.18,7.78,1.13,183.62,1.32,5.42,,,,,21.72,45.25,0.62,185.0,0.0,0.0,65.0,993.0,,164.0,311.0,6.38,72.25,43.72,73.68,19.03,1.84,50.72,5.2,7.95,,,,,18.08,47.25,2.7,308.5,0.0,0.0,188.0,965.5,,154.75,265.75,8.02,48.2,32.15,10.28,19.88,0.66,56.55,2.6,24.5,,,,,21.68,39.5,2.65,275.25,0.0,0.0,167.5,985.0,,168.0,285.0,1.5,41.22,23.12,55.6,13.5,0.57,90.0,1.05,13.28,,,,,20.48,48.25,0.7,64.5,0.0,0.0,212.0,977.75,,154.5,241.75,4.55,34.92,22.28,37.85,46.1,1.12,189.45,0.25,2.2,,,,,21.75,40.0,2.05,100.75,0.0,0.0,198.75,987.0,,,,,,,,,,,,,,,,,,,,,,0.0,,,,,,,,,,,,,,,,,,,,,,,,0.0,,,
2024-12-21 15:00:00,118.9,175.5,2.52,21.37,13.41,,,1.44,99.92,,,,,,,,,,,,0,,,,82.78,169.82,16.62,37.68,33.55,46.86,1.89,1.0,48.88,2.0,2.86,1.93,,1.3,1.79,,31.64,1.32,99.2,,0,59.55,,-0.07,148.86,219.81,24.31,3.68,26.92,63.54,37.82,0.86,25.15,0.26,,,,,0.08,21.48,47.75,1.66,141.98,0.0,0.0,58.48,,,136.0,246.0,13.78,39.22,31.98,30.45,18.92,0.7,11.7,2.45,2.38,,,,,18.95,45.5,0.62,188.0,0.0,0.0,54.0,975.0,,177.0,227.0,4.95,57.47,34.58,60.4,14.5,1.08,187.72,1.15,7.52,,,,,21.6,44.25,0.7,118.0,0.0,0.0,43.5,993.0,,152.0,232.0,7.58,76.4,46.82,90.58,17.27,1.8,46.6,4.25,5.9,,,,,17.62,48.25,2.8,311.5,0.0,0.0,107.75,965.0,,122.25,209.75,6.68,47.28,30.58,11.12,18.75,0.82,62.6,2.15,22.62,,,,,21.2,42.0,2.05,290.5,0.0,0.0,98.75,985.0,,163.0,300.0,2.2,40.9,23.55,59.45,14.02,0.47,90.65,1.02,11.92,,,,,20.18,48.5,0.72,59.0,0.0,0.0,131.75,976.0,,149.75,233.0,4.97,26.08,17.9,36.72,46.72,0.96,173.02,0.18,2.25,,,,,21.58,40.25,2.05,82.0,0.05,0.05,141.25,987.0,,,,,,,,,,,,,,,,,,,,,,0.0,,,,,,,,,,,,,,,,,,,,,,,,0.0,,,
2024-12-21 16:00:00,111.3,160.72,2.76,27.33,16.77,,,1.46,92.22,,,,,,,,,,,,0,,,,96.32,180.1,15.05,33.36,29.98,48.16,1.89,1.3,49.27,1.94,2.92,1.92,,1.3,1.74,,35.97,1.2,114.17,,0,34.1,,-0.1,140.06,209.42,,,,,38.27,0.82,23.92,0.37,,,,0.04,0.3,20.35,52.63,1.71,142.98,0.0,0.0,28.19,,,128.0,222.0,12.32,46.3,34.78,29.42,15.78,0.8,10.52,2.38,3.52,,,,,18.2,48.5,0.48,201.75,0.0,0.0,32.5,975.0,,133.5,179.25,4.92,46.4,28.67,58.25,16.23,1.1,166.02,1.15,3.4,,,,,20.92,48.25,0.57,137.0,0.0,0.0,28.0,993.0,,129.0,208.0,12.58,98.22,62.45,90.9,16.38,1.97,16.17,3.92,5.32,,,,,16.9,51.5,2.2,308.5,0.0,0.0,40.5,965.0,,151.5,264.75,7.28,47.42,31.18,11.15,22.35,0.88,47.32,2.02,22.75,,,,,20.35,44.5,2.02,278.75,0.0,0.0,40.25,985.0,,146.0,289.0,1.42,37.88,21.35,55.55,13.65,0.45,80.85,0.82,12.6,,,,,19.15,52.0,0.65,51.75,0.0,0.0,55.0,976.25,,126.75,192.5,5.95,27.3,19.35,35.45,45.08,0.99,145.35,0.18,1.62,,,,,20.6,44.0,1.57,77.0,8.6,6.45,72.33,987.0,,,,,,,,,,,,,,,,,,,,,,0.0,,,,,,,,,,,,,,,,,,,,,,,,0.0,,,
2024-12-21 17:00:00,104.16,153.07,17.05,77.84,55.14,,,1.74,49.76,,,,,,,,,,,,0,,,,99.32,178.6,13.88,35.12,29.97,46.9,8.78,1.4,49.73,2.0,2.89,1.89,,1.3,1.87,,53.02,0.48,77.67,,0,15.75,,-0.1,138.25,234.92,,,,,38.27,0.9,21.7,0.08,,,,0.05,0.19,17.1,67.09,0.33,133.08,0.0,0.0,4.0,,,134.0,284.0,34.9,94.28,78.22,27.1,13.88,2.25,7.58,2.33,2.98,,,,,16.75,55.75,0.2,193.75,0.0,0.0,11.75,975.0,,122.0,165.25,4.47,43.32,26.65,54.15,14.6,1.01,131.2,1.12,2.5,,,,,19.23,56.5,0.45,115.5,0.0,0.0,8.0,993.0,,138.0,237.0,18.2,143.65,91.2,85.48,14.48,2.49,,4.25,5.5,,,,,15.58,56.75,1.15,314.25,0.0,0.0,12.25,965.5,,151.0,261.75,8.0,47.32,31.67,11.3,11.15,1.2,24.0,2.08,21.65,,,,,18.68,50.5,0.98,271.25,0.0,0.0,8.25,985.25,,143.0,296.0,1.38,48.3,26.8,52.42,11.0,0.95,56.35,0.8,17.12,,,,,16.9,61.25,0.42,50.5,0.0,0.0,13.75,977.0,,126.5,256.25,5.45,32.33,21.62,35.45,39.83,1.12,69.55,0.15,1.72,,,,,,,,,,0.0,,,,,,,,,,,,,,,,,,,,,,,,0.0,,,,,,,,,,,,,,,,,,,,,,,,0.0,,,
2024-12-21 18:00:00,183.96,280.59,232.36,175.42,281.98,,,3.68,33.55,,,,,,,,,,,,0,,,,108.0,180.25,17.75,39.89,35.64,48.83,17.86,1.2,49.66,1.95,2.85,1.8,,1.39,1.76,,71.71,0.78,63.26,,0,15.98,,-0.11,183.0,361.0,,,,,38.68,1.31,21.46,0.59,,,,0.03,0.08,14.6,78.28,0.67,133.0,0.0,0.0,,,,378.0,614.0,149.52,118.6,185.02,23.88,20.9,5.1,6.88,2.95,12.22,,,,,14.92,67.25,0.22,147.25,0.0,0.0,7.0,975.0,,113.0,156.25,5.42,47.32,29.6,48.4,12.52,1.11,69.2,1.23,2.42,,,,,16.98,69.5,0.4,198.0,0.0,0.0,3.25,993.0,,167.0,309.0,137.05,160.6,196.7,77.85,11.82,4.22,65.45,5.78,6.25,,,,,13.65,65.75,0.3,322.5,0.0,0.0,9.0,965.25,,173.5,319.0,12.38,46.8,34.98,11.35,7.43,2.47,4.47,2.2,21.28,,,,,16.3,62.0,0.3,270.0,0.0,0.0,5.0,986.0,,152.0,254.0,2.22,51.38,29.12,37.62,9.65,1.31,32.83,1.02,21.38,,,,,15.08,69.0,0.3,51.0,0.0,0.0,7.0,980.5,,120.0,218.25,5.9,38.78,25.38,33.75,38.2,1.32,27.42,0.18,1.95,,,,,14.4,79.75,0.68,44.25,0.0,0.0,9.0,987.0,,,,,,,,,,,,,,,,,,,,,,0.0,,,,,,,,,,,,,,,,,,,,,,,,0.0,,,
2024-12-21 19:00:00,211.87,375.96,320.98,170.88,351.9,,,4.33,26.62,,,,,,,,,,,,0,,,,115.62,235.68,17.55,37.98,34.46,47.9,11.86,1.67,48.4,1.98,2.92,1.86,,1.28,1.78,,80.23,0.68,120.3,,0,17.2,,-0.11,219.75,541.0,,,,,39.77,2.04,21.57,0.23,,,,0.05,0.13,13.31,84.88,,133.08,0.0,0.0,,,,463.0,804.0,186.52,114.0,211.9,22.92,25.72,5.15,6.43,3.52,14.7,,,,,14.38,72.5,0.3,138.5,0.0,0.0,7.0,975.0,,146.0,183.0,4.95,58.45,35.15,53.85,13.08,1.43,62.45,2.17,4.25,,,,,15.98,74.0,0.55,102.5,0.0,0.0,3.25,993.25,,257.0,779.0,214.05,157.55,257.2,68.2,14.02,5.16,7.6,8.32,8.1,,,,,12.95,70.0,0.3,322.0,0.0,0.0,8.0,965.0,,240.0,440.5,39.22,44.35,55.52,11.2,7.68,4.28,3.28,2.9,28.12,,,,,15.48,68.0,0.3,270.0,0.0,0.0,5.0,986.0,,246.0,373.0,25.55,78.92,62.78,35.45,11.15,2.36,6.48,1.9,47.4,,,,,14.2,73.5,0.3,51.0,0.0,0.0,7.0,981.75,,136.0,195.0,4.95,39.28,24.9,32.12,38.3,1.48,9.9,0.22,2.35,,,,,13.52,84.0,0.7,53.75,0.0,0.0,9.0,987.25,,,,,,,,,,,,,,,,,,,,,,0.0,,,,,,,,,,,,,,,,,,,,,,,,0.0,,,
2024-12-21 20:00:00,254.44,432.49,398.54,174.66,415.79,,,5.43,36.38,,,,,,,,,,,,0,,,,119.4,255.35,15.77,34.3,31.06,47.88,8.93,2.39,49.43,2.04,2.94,1.87,,1.34,1.85,,84.38,0.55,180.54,,0,17.9,,-0.08,246.38,436.0,,,,,40.62,3.08,20.98,0.12,,,,0.06,0.3,12.76,87.32,0.25,133.12,0.0,0.0,,,,493.0,892.0,174.72,103.6,196.82,25.95,17.37,4.28,7.32,3.6,16.4,,,,,14.02,75.5,0.28,143.75,0.0,0.0,7.0,975.0,,185.75,244.75,7.95,62.7,39.92,52.7,11.62,1.44,25.05,2.17,9.72,,,,,15.25,77.25,0.5,203.25,0.0,0.0,3.0,994.0,,312.0,705.0,338.02,167.9,364.22,67.72,14.6,,38.67,11.0,11.65,,,,,12.72,73.5,0.3,322.0,0.0,0.0,8.0,965.0,,362.75,569.5,61.9,49.88,76.82,10.42,7.9,5.32,3.05,4.42,38.17,,,,,15.15,70.25,0.3,270.0,0.0,0.0,5.0,986.0,,432.0,664.0,51.05,78.52,83.28,42.45,12.8,3.1,3.78,4.78,93.72,,,,,13.78,77.0,0.3,51.0,0.0,0.0,7.0,982.0,,146.5,207.0,28.05,40.45,44.32,31.45,38.78,1.95,4.68,0.2,3.15,,,,,12.95,83.75,0.82,58.5,0.0,0.0,9.0,988.0,,,,,,,,,,,,,,,,,,,,,,0.0,,,,,,,,,,,,,,,,,,,,,,,,0.0,,,
2024-12-21 21:00:00,344.91,540.02,427.96,149.51,427.52,,,6.04,28.34,,,,,,,,,,,,0,,,,116.72,309.47,16.9,37.44,33.65,47.88,14.95,3.78,50.42,1.98,2.86,1.87,,1.31,1.79,,86.65,0.54,190.23,,0,17.73,,-0.08,279.5,482.75,,,,,42.2,4.33,20.84,0.2,,,,0.07,0.19,12.13,89.74,0.33,133.0,0.0,0.0,,,,496.0,824.0,190.98,92.4,204.52,26.52,20.15,4.53,8.7,6.25,20.88,,,,,13.78,78.25,0.28,136.5,0.0,0.0,7.0,975.0,,213.0,261.25,12.32,62.52,43.28,52.82,11.93,1.6,12.7,2.32,11.32,,,,,14.68,81.25,0.42,232.0,0.0,0.0,3.0,994.5,,533.0,947.0,369.65,149.65,379.8,72.78,16.32,,43.4,13.12,13.7,,,,,12.48,75.75,0.3,322.75,0.0,0.0,9.25,965.75,,427.0,631.75,90.48,52.97,101.72,10.62,8.82,6.22,3.3,6.15,48.22,,,,,14.52,74.25,0.3,270.0,0.0,0.0,5.0,986.0,,541.0,840.0,55.88,75.15,85.4,43.03,13.0,3.09,3.98,5.48,103.48,,,,,13.42,79.0,0.3,51.25,0.0,0.0,7.0,982.0,,186.75,259.75,17.68,40.55,35.95,34.65,39.75,2.08,3.95,0.3,4.55,,,,,12.38,82.5,0.8,71.5,0.0,0.0,9.0,988.0,,,,,,,,,,,,,,,,,,,,,,0.0,,,,,,,,,,,,,,,,,,,,,,,,0.0,,,
2024-12-21 22:00:00,369.24,577.96,395.16,136.71,394.1,,,5.87,26.22,,,,,,,,,,,,0,,,,162.2,336.38,18.16,37.38,34.64,48.22,13.46,3.42,48.99,1.95,2.88,1.9,,1.32,1.77,,89.17,0.42,163.26,,0,17.77,,-0.1,305.0,501.0,,,,,43.37,5.18,20.78,0.16,,,,0.04,0.19,11.67,91.24,0.33,133.0,0.0,0.0,,,,517.0,815.0,193.85,88.92,204.9,26.9,23.35,4.6,6.68,12.32,29.0,,,,,13.5,80.25,0.3,136.0,0.0,0.0,7.0,975.0,,210.0,252.75,13.35,55.6,40.42,51.02,12.38,1.76,10.28,2.48,13.95,,,,,14.02,83.0,0.35,216.5,0.0,0.0,3.0,995.0,,483.0,863.0,368.28,130.3,368.68,77.0,16.92,,51.32,13.1,15.52,,,,,12.02,78.75,0.3,324.0,0.0,0.0,11.0,967.0,,458.25,667.75,113.95,54.25,121.48,10.5,8.65,5.51,3.1,7.18,54.65,,,,,14.18,76.75,0.32,270.5,0.0,0.0,5.0,986.0,,459.0,758.0,62.25,81.18,93.8,59.05,14.22,2.75,3.72,4.38,97.88,,,,,13.02,81.25,0.88,51.0,0.0,0.0,7.0,978.75,,197.5,263.25,39.58,35.25,50.95,32.85,39.72,2.28,3.75,0.35,5.95,,,,,11.98,82.25,0.78,89.0,0.0,0.0,9.0,988.0,,,,,,,,,,,,,,,,,,,,,,0.0,,,,,,,,,,,,,,,,,,,,,,,,0.0,,,
2024-12-21 23:00:00,400.68,570.13,382.05,120.83,374.84,,,5.74,24.04,,,,,,,,,,,,0,,,,159.3,363.9,19.4,41.45,37.82,46.56,18.76,3.47,49.51,2.01,2.87,1.93,,1.31,1.79,,90.57,0.48,207.13,,0,17.37,,-0.11,334.25,490.0,,,,,43.81,5.62,21.0,0.36,,,,0.03,0.08,11.09,92.09,1.0,133.0,0.0,0.0,,,,515.0,856.0,228.02,82.5,229.2,26.68,24.2,4.0,6.4,14.15,35.33,,,,,13.15,81.75,0.3,134.0,0.0,0.0,7.0,975.0,,212.0,253.75,15.42,55.8,42.22,50.3,13.05,1.93,13.45,2.82,18.32,,,,,13.7,82.25,0.3,267.25,0.0,0.0,3.0,994.25,,525.0,914.0,303.1,114.7,307.77,95.28,17.35,,70.4,13.92,16.3,,,,,11.55,81.75,0.3,324.0,0.0,0.0,11.0,967.0,,441.0,635.75,122.0,53.25,127.55,10.82,8.15,4.87,3.5,7.82,58.15,,,,,13.82,78.25,0.3,270.5,0.0,0.0,5.0,986.0,,328.0,531.0,31.72,69.08,62.55,60.1,12.08,1.51,3.9,3.48,65.72,,,,,12.42,83.75,1.1,51.0,0.0,0.0,7.0,978.0,,204.5,268.75,64.55,33.38,70.22,37.05,40.75,2.9,4.47,0.45,7.28,,,,,11.72,85.25,0.7,102.25,0.0,0.0,9.0,988.0,,,,,,,,,,,,,,,,,,,,,,0.0,,,,,,,,,,,,,,,,,,,,,,,,0.0,,,
2024-12-22 00:00:00,335.07,535.18,328.33,102.99,321.84,,,5.23,21.02,,,,,,,,,,,,0,,,,117.7,362.4,18.93,38.31,35.77,47.71,18.87,2.93,48.68,2.04,2.87,1.88,,1.29,1.8,,92.48,0.7,244.11,,0,17.38,,-0.12,338.75,482.0,,,,,44.23,5.78,21.8,0.3,,,,0.02,0.17,10.58,92.95,0.33,133.0,0.0,0.0,,,,448.0,747.0,244.0,86.32,244.28,27.42,24.17,3.06,6.65,10.25,20.42,,,,,12.82,82.75,0.22,137.0,0.0,0.0,7.0,975.0,,223.0,263.25,18.82,48.38,41.05,51.8,12.1,1.67,47.8,3.28,18.0,,,,,13.5,82.0,0.35,184.25,0.0,0.0,3.25,994.0,,531.0,830.0,275.18,132.38,294.5,107.55,16.77,,51.1,13.98,17.4,,,,,11.22,83.25,0.3,324.0,0.0,0.0,11.0,966.0,,396.5,549.0,123.48,54.25,129.25,10.72,8.03,4.16,3.18,8.02,62.0,,,,,13.35,81.25,0.3,270.0,0.0,0.0,5.0,986.0,,320.0,470.0,135.82,75.9,150.78,56.4,11.67,1.8,3.95,3.7,72.05,,,,,12.18,85.0,1.1,51.0,0.0,0.0,7.0,978.0,,240.75,316.25,75.72,27.6,76.28,36.0,40.98,3.13,4.1,0.5,9.43,,,,,11.35,88.0,0.78,71.0,0.0,0.0,9.0,988.0,,,,,,,,,,,,,,,,,,,,,,0.0,,,,,,,,,,,,,,,,,,,,,,,,0.0,,,
2024-12-22 01:00:00,289.12,433.88,267.69,85.9,263.38,,,4.55,19.53,,,,,,,,,,,,0,,,,82.42,357.82,18.91,34.34,33.64,49.53,22.67,3.02,48.68,1.98,2.94,1.92,,1.34,1.82,,93.66,0.64,203.2,,0,17.3,,-0.14,328.0,455.0,,,,,44.43,5.62,22.16,0.12,,,,0.06,0.15,10.26,93.34,,133.0,0.0,0.0,,,,417.0,694.0,159.45,69.62,166.52,28.25,20.2,2.32,6.5,9.05,19.1,,,,,12.58,84.0,0.25,137.0,0.0,0.0,7.0,975.0,,210.25,248.75,26.58,49.55,47.95,52.6,13.38,1.6,37.3,3.6,21.9,,,,,13.05,82.25,0.28,222.5,0.0,0.0,3.0,993.25,,508.0,759.0,291.08,113.88,297.2,111.9,16.75,,57.0,15.77,17.92,,,,,11.15,84.75,0.3,323.0,0.0,0.0,11.0,966.0,,377.0,517.75,119.22,51.08,124.08,11.12,5.5,4.04,4.2,7.82,61.95,,,,,13.0,83.0,0.3,270.0,0.0,0.0,5.0,986.0,,357.0,773.0,236.02,68.92,228.6,59.62,17.5,2.51,3.9,4.58,122.35,,,,,12.18,86.25,0.92,51.0,0.0,0.0,7.0,978.25,,239.25,315.25,69.18,21.68,67.75,34.05,40.65,3.07,4.1,0.6,10.45,,,,,11.05,88.0,0.8,52.25,0.0,0.0,9.0,988.0,,,,,,,,,,,,,,,,,,,,,,0.0,,,,,,,,,,,,,,,,,,,,,,,,0.0,,,
2024-12-22 02:00:00,270.88,369.7,202.89,73.94,204.35,,,3.96,16.88,,,,,,,,,,,,0,,,,122.4,332.52,17.94,32.72,31.98,48.91,22.32,3.25,49.07,1.99,2.89,1.87,,1.27,1.78,,94.46,0.84,80.89,,0,17.77,,-0.15,311.25,431.0,,,,,43.9,5.12,22.6,0.12,,,,0.04,0.12,10.26,92.33,,133.08,0.0,0.0,,,,456.0,683.0,156.9,58.8,159.2,29.2,,2.34,11.6,8.57,27.92,,,,,12.5,85.75,0.3,139.5,0.0,0.0,7.0,975.0,,218.0,268.5,20.9,55.3,46.6,59.0,13.6,1.68,26.65,3.9,27.08,,,,,13.0,86.0,0.35,279.75,0.0,0.0,3.0,993.25,,509.0,681.0,239.6,98.7,247.3,125.5,,,4.5,17.32,17.35,,,,,11.0,85.75,0.3,324.0,0.0,0.0,11.0,966.25,,389.0,512.75,112.65,51.5,118.98,11.08,4.88,3.47,3.32,7.65,61.32,,,,,12.85,84.75,0.3,270.0,0.0,0.0,5.0,986.0,,453.0,901.0,256.8,61.0,240.7,53.0,19.4,2.77,4.07,5.28,217.85,,,,,12.05,86.25,1.1,51.0,0.0,0.0,7.0,980.75,,238.0,305.5,78.8,20.0,74.7,34.1,41.3,3.23,4.2,0.6,10.5,,,,,10.92,88.0,0.75,51.75,0.0,0.0,9.0,987.5,,,,,,,,,,,,,,,,,,,,,,0.0,,,,,,,,,,,,,,,,,,,,,,,,0.0,,,
2024-12-22 03:00:00,201.34,295.86,106.88,74.68,126.68,,,3.22,15.82,,,,,,,,,,,,0,,,,110.7,343.2,18.4,36.22,34.23,47.96,24.24,2.45,48.96,1.97,2.92,1.88,,1.25,1.77,,94.9,0.85,257.4,,0,17.62,,-0.15,293.5,404.0,,,,,43.47,4.61,21.72,0.39,,,,0.06,0.22,10.1,92.3,,133.0,0.0,0.0,,,,423.0,655.0,219.42,43.72,201.65,26.55,12.08,3.62,7.95,8.07,18.65,,,,,12.48,87.25,0.28,140.75,0.0,0.0,7.0,975.0,,204.75,251.5,29.3,47.8,49.22,57.4,12.6,1.64,21.85,3.85,25.9,,,,,12.68,84.75,0.3,253.5,0.0,0.0,3.0,993.0,,476.0,650.0,401.72,96.98,378.08,74.6,8.85,,,16.88,17.65,,,,,11.0,86.5,0.3,324.0,0.0,0.0,11.0,966.75,,363.25,471.5,104.05,50.32,111.38,11.32,4.72,3.33,3.8,7.5,60.25,,,,,13.15,85.0,0.3,270.0,0.0,0.0,5.0,986.0,,449.0,909.0,105.08,58.98,116.52,41.68,12.82,1.89,4.12,4.58,175.25,,,,,11.82,86.5,1.1,51.0,0.0,0.0,7.0,981.0,,240.5,316.75,78.18,18.85,73.55,29.98,41.12,3.05,3.85,0.6,10.5,,,,,11.05,88.0,0.78,55.25,0.0,0.0,9.0,987.0,,,,,,,,,,,,,,,,,,,,,,0.0,,,,,,,,,,,,,,,,,,,,,,,,0.0,,,
2024-12-22 04:00:00,188.24,269.7,146.15,78.24,160.37,,,3.51,18.56,,,,,,,,,,,,0,,,,124.0,307.05,18.13,32.81,32.2,48.66,25.12,2.31,48.88,1.98,2.87,1.95,,1.3,1.76,,94.93,0.58,194.3,,0,17.1,,-0.16,279.75,368.0,,,,,42.52,4.18,21.0,0.25,,,,0.08,0.1,9.88,92.61,,133.0,0.0,0.0,,,,418.0,641.0,258.65,43.8,233.48,29.4,23.9,3.94,7.62,7.68,28.42,,,,,12.4,88.25,0.28,142.5,0.0,0.0,7.0,975.0,,187.0,231.75,42.18,50.88,61.35,46.92,11.72,1.53,14.12,2.88,19.45,,,,,12.72,86.0,0.3,212.25,0.0,0.0,3.0,992.5,,456.0,685.0,418.4,84.1,384.82,75.7,11.82,,0.3,18.05,17.73,,,,,10.95,87.25,0.3,323.0,0.0,0.0,10.0,966.0,,336.5,434.0,103.0,49.95,110.32,11.25,5.6,3.62,3.72,7.35,59.32,,,,,13.0,85.25,0.3,270.25,0.0,0.0,5.0,986.0,,427.0,653.0,73.95,67.15,95.82,36.98,11.5,1.94,4.95,3.28,170.68,,,,,11.8,87.0,1.1,51.0,0.0,0.0,7.0,981.0,,235.0,300.0,57.88,15.65,55.38,29.05,40.72,2.54,4.18,0.6,10.5,,,,,11.12,88.0,0.8,68.0,0.0,0.0,9.0,987.0,,,,,,,,,,,,,,,,,,,,,,0.0,,,,,,,,,,,,,,,,,,,,,,,,0.0,,,
2024-12-22 05:00:00,220.27,333.7,238.96,103.12,249.02,,,4.11,19.25,,,,,,,,,,,,0,,,,100.63,292.3,18.47,33.96,33.08,48.66,25.03,1.91,47.87,1.94,2.9,1.87,,1.33,1.77,,94.93,0.76,153.64,,0,17.4,,-0.16,267.5,350.0,,,,,42.04,3.84,21.04,0.36,,,,0.08,0.15,9.85,93.01,,133.08,0.0,0.0,,,,382.0,592.0,283.0,37.7,250.3,31.15,29.12,4.78,7.7,11.65,38.48,,,,,12.58,89.0,0.28,139.75,0.0,0.0,7.0,975.0,,183.0,226.5,47.27,46.98,62.65,47.12,11.95,1.6,13.25,2.17,14.2,,,,,12.6,86.0,0.32,228.5,0.0,0.0,3.0,992.25,,480.0,704.0,468.55,84.28,426.1,81.82,14.35,,0.1,22.38,18.35,,,,,11.05,88.5,0.48,314.5,0.0,0.0,10.0,966.0,,323.75,412.25,111.68,50.18,117.5,12.2,6.22,3.92,4.25,7.05,59.35,,,,,13.18,86.25,0.32,270.0,0.0,0.0,5.0,986.0,,370.0,570.0,83.65,63.55,101.82,37.98,11.65,1.94,4.75,3.1,177.12,,,,,11.9,86.5,1.1,51.0,0.0,0.0,7.0,981.0,,205.25,260.0,33.25,13.9,34.48,27.35,39.95,1.91,4.28,0.6,10.5,,,,,11.25,88.0,0.8,124.5,0.0,0.0,9.0,987.0,,,,,,,,,,,,,,,,,,,,,,0.0,,,,,,,,,,,,,,,,,,,,,,,,0.0,,,
2024-12-22 06:00:00,269.05,393.39,312.0,112.97,313.66,,,4.41,20.7,,,,,,,,,,,,0,,,,104.37,252.77,15.09,27.75,26.95,48.21,39.63,1.78,49.6,1.88,2.82,1.86,,1.34,1.76,,94.93,0.48,101.47,,0,17.27,,-0.13,268.75,346.0,,,,,41.85,3.64,22.0,0.21,,,,0.05,0.16,9.72,93.34,,133.0,0.0,0.0,,,,441.0,675.0,309.68,41.8,274.05,32.1,29.48,5.9,8.25,13.62,38.42,,,,,12.45,89.75,0.25,150.5,0.0,0.0,7.0,975.0,,187.5,232.75,55.9,45.92,69.9,48.52,11.7,1.7,11.28,1.9,11.72,,,,,12.52,86.0,0.3,237.75,0.0,0.0,3.0,993.0,,516.0,719.0,473.3,84.8,446.25,96.98,16.15,,9.35,23.8,18.65,,,,,10.98,88.25,0.32,311.25,0.0,0.0,9.5,965.5,,312.5,396.75,132.22,50.12,134.15,12.62,6.5,3.86,4.18,6.98,58.7,,,,,13.15,86.75,0.3,270.0,0.0,0.0,5.0,986.0,,364.0,560.0,93.32,65.75,110.85,49.38,11.78,1.82,4.15,2.92,188.52,,,,,11.78,87.0,0.52,51.25,0.0,0.0,7.0,979.25,,169.75,223.5,44.0,12.9,42.62,27.08,39.8,1.86,3.85,0.6,10.5,,,,,11.22,88.0,0.85,68.75,0.0,0.0,8.0,987.0,,,,,,,,,,,,,,,,,,,,,,0.0,,,,,,,,,,,,,,,,,,,,,,,,0.0,,,
2024-12-22 07:00:00,321.72,452.85,449.36,115.3,442.62,,,5.38,22.62,,,,,,,,,,,,0,,,,86.25,241.9,17.83,36.67,34.0,47.56,23.61,1.52,49.68,1.99,2.84,1.92,,1.35,1.77,,94.93,0.55,158.04,,0,26.88,,-0.12,291.75,392.0,,,,,41.61,3.5,21.49,0.31,,,,0.06,0.16,9.46,93.76,0.67,133.0,0.0,0.0,5.67,,,487.0,764.0,315.2,48.02,282.1,31.1,30.75,4.99,8.65,13.92,43.78,,,,,12.52,89.75,0.28,160.5,0.0,0.0,10.5,975.0,,180.75,220.75,57.5,41.92,69.1,47.72,12.22,1.68,11.05,0.15,1.0,,,,,12.2,86.0,0.28,244.25,0.0,0.0,5.25,993.75,,545.0,693.0,408.55,70.65,369.6,127.68,15.65,,3.73,23.78,18.0,,,,,10.92,89.0,0.32,290.0,0.0,0.0,10.75,965.25,,320.5,409.75,152.6,50.18,150.75,12.42,6.48,3.4,4.2,7.12,58.8,,,,,13.25,87.25,0.32,217.75,0.0,0.0,15.25,986.0,,337.0,542.0,92.65,63.45,109.08,55.65,11.02,1.6,4.38,3.08,161.35,,,,,11.48,88.25,0.82,56.5,0.0,0.0,12.5,978.25,,164.75,219.5,24.18,19.32,29.92,25.0,39.55,1.47,4.12,0.6,10.5,,,,,11.1,88.0,0.75,109.75,0.0,0.0,15.25,987.75,,,,,,,,,,,,,,,,,,,,,,0.0,,,,,,,,,,,,,,,,,,,,,,,,0.0,,,
2024-12-22 08:00:00,347.16,514.55,452.55,117.39,433.98,,,5.79,22.25,,,,,,,,,,,,0,,,,115.75,240.62,15.28,26.74,26.63,46.05,25.48,0.52,50.48,2.02,2.93,1.9,,1.29,1.77,,94.38,0.47,61.48,,0,68.22,,-0.02,285.75,371.0,,,,,41.74,3.39,22.06,0.3,,,,0.06,0.21,10.52,93.58,1.33,65.25,0.0,0.0,19.25,,,495.0,790.0,223.92,66.05,217.05,28.48,12.63,2.66,8.3,10.42,29.82,,,,,12.65,89.0,0.28,176.75,0.0,0.0,29.75,975.0,,189.25,222.0,64.4,44.95,76.28,48.92,12.08,1.96,10.92,1.85,10.18,,,,,12.82,86.0,0.35,207.0,0.0,0.0,21.5,994.25,,539.0,715.0,374.32,124.8,371.35,131.22,14.2,,3.6,22.02,17.38,,,,,11.52,88.5,0.38,322.25,0.0,0.0,41.0,965.5,,421.5,545.25,165.32,52.1,162.12,12.22,7.68,3.7,4.03,7.42,59.32,,,,,14.75,78.25,0.88,223.0,0.0,0.0,52.75,986.0,,364.0,580.0,101.7,78.22,124.3,58.42,11.95,2.07,4.45,4.32,137.35,,,,,12.38,87.0,0.45,83.0,0.0,0.0,49.5,979.0,,153.25,214.25,39.3,18.42,41.75,27.7,39.2,1.7,4.68,0.6,10.5,,,,,11.92,88.0,0.75,112.0,0.0,0.0,69.5,988.0,,,,,,,,,,,,,,,,,,,,,,0.0,,,,,,,,,,,,,,,,,,,,,,,,0.0,,,
2024-12-22 09:00:00,378.51,536.93,339.43,231.13,399.24,,,5.48,16.88,,,,,,,,,,,,0,,,,142.9,285.77,16.91,34.4,32.04,47.45,23.22,2.11,49.36,1.91,2.91,1.91,,1.32,1.68,,58.95,0.6,180.1,,0,135.02,,0.08,310.0,428.0,,,,,41.8,3.5,22.2,0.69,,,,0.06,0.38,12.94,86.44,,59.16,0.0,0.0,34.0,,,471.0,769.0,156.2,156.6,210.22,23.2,9.38,2.94,7.7,8.7,21.98,,,,,13.75,84.5,0.22,201.25,0.0,0.0,48.75,975.0,,198.25,246.5,51.8,70.55,79.7,56.95,12.73,2.24,11.85,4.42,16.85,,,,,15.02,84.5,0.3,202.75,0.0,0.0,42.25,995.5,,655.0,857.0,183.65,225.45,269.42,129.98,14.88,4.48,4.0,21.1,16.65,,,,,14.0,70.25,1.23,297.0,0.0,0.0,104.5,965.75,,479.75,659.5,153.8,56.65,155.18,9.95,8.9,1.65,4.03,7.5,60.65,,,,,17.75,53.5,1.7,217.75,0.0,0.0,129.5,986.0,,514.0,780.0,44.2,98.82,88.5,62.48,12.18,2.0,7.15,5.0,133.7,,,,,15.02,74.0,0.68,81.25,0.0,0.0,117.75,978.0,,157.25,231.5,102.28,66.38,118.45,35.28,40.48,2.63,5.52,0.6,10.5,,,,,15.73,83.5,0.75,129.75,0.0,0.0,183.5,988.0,,,,,,,,,,,,,,,,,,,,,,0.0,,,,,,,,,,,,,,,,,,,,,,,,0.0,,,
2024-12-22 10:00:00,311.86,423.98,79.41,265.85,213.71,,,3.21,9.36,,,,,,,,,,,,0,,,,142.6,309.8,16.28,33.54,31.08,48.32,21.56,1.25,48.37,2.0,2.91,1.89,,1.34,1.82,,42.69,0.89,144.52,,0,175.08,,0.15,356.75,474.0,,,,,41.21,3.44,21.72,0.14,,,,0.06,0.15,16.3,70.25,0.33,59.25,0.0,0.0,52.42,,,500.0,819.0,45.48,175.5,130.05,18.9,6.22,0.72,6.72,6.65,18.25,,,,,15.22,68.25,0.3,187.75,0.0,0.0,66.0,975.0,,248.75,314.75,26.05,90.28,69.2,65.32,13.22,2.23,35.3,4.92,17.0,,,,,17.88,76.75,0.35,226.25,0.0,0.0,60.0,996.0,,473.0,670.0,37.15,190.6,131.62,121.48,17.23,3.93,5.07,18.88,14.78,,,,,16.17,56.0,1.45,256.5,0.0,0.0,148.5,965.5,,320.75,473.25,111.5,61.8,123.52,7.92,67.47,1.15,8.0,6.98,56.48,,,,,19.6,45.75,1.5,151.25,0.0,0.0,171.5,986.0,,478.0,727.0,20.75,107.25,73.92,49.65,11.78,2.36,23.42,3.92,104.98,,,,,18.05,60.25,0.68,78.0,0.0,0.0,190.75,980.75,,210.25,306.25,41.88,161.57,120.0,40.02,43.95,2.68,40.0,0.6,10.5,,,,,19.35,59.5,1.08,188.75,0.0,0.0,286.25,988.0,,,,,,,,,,,,,,,,,,,,,,0.0,,,,,,,,,,,,,,,,,,,,,,,,0.0,,,
2024-12-22 11:00:00,194.2,288.0,38.32,143.23,107.36,,,2.5,47.85,,,,,,,,,,,,0,,,,118.07,316.82,17.28,36.28,33.34,47.4,23.16,1.34,48.86,1.93,2.9,1.91,,1.36,1.77,,34.74,0.93,150.54,,0,190.4,,0.16,369.75,482.0,,,,,40.14,3.05,21.89,0.24,,,,0.04,0.09,18.6,60.88,0.59,77.25,0.0,0.0,72.0,,,310.0,498.0,18.62,105.82,71.32,20.25,2.9,0.82,6.78,4.4,10.88,,,,,16.7,59.5,0.35,198.25,0.0,0.0,80.0,975.0,,294.25,372.5,15.58,100.8,66.28,69.32,15.58,2.32,122.9,5.05,20.1,,,,,21.28,54.75,0.5,205.25,0.0,0.0,81.75,995.5,,350.0,505.0,20.7,186.0,115.78,95.88,17.88,4.09,57.2,16.48,13.15,,,,,16.8,54.5,1.78,254.25,0.0,0.0,163.25,965.75,,304.0,465.25,74.3,65.32,95.15,6.25,82.42,1.13,18.95,6.08,50.85,,,,,20.48,43.5,1.92,258.75,0.0,0.0,191.25,986.0,,515.0,808.0,7.75,109.28,64.42,41.8,12.9,2.28,65.42,3.65,101.38,,,,,19.77,51.25,0.57,68.25,0.0,0.0,226.5,981.5,,278.0,382.25,9.55,77.58,49.0,34.08,51.45,1.56,116.7,0.6,10.5,,,,,21.68,43.25,1.35,199.5,0.0,0.0,277.25,988.0,,,,,,,,,,,,,,,,,,,,,,0.0,,,,,,,,,,,,,,,,,,,,,,,,0.0,,,
2024-12-22 12:00:00,215.79,315.58,22.14,140.64,92.82,,,2.43,85.95,,,,,,,,,,,,0,,,,116.18,287.3,18.07,37.16,34.46,47.74,95.1,2.0,48.53,2.0,2.86,1.82,,1.31,1.74,,31.91,1.18,227.7,,0,171.38,,0.11,320.0,405.0,,,,,39.56,2.66,21.56,0.49,,,,0.04,0.16,19.79,55.68,1.08,187.5,0.0,0.0,92.5,,,361.0,577.0,13.18,64.55,45.05,25.1,1.7,0.4,8.78,4.45,9.5,,,,,17.73,51.75,0.38,194.25,0.0,0.0,89.75,975.0,,324.25,396.25,9.15,109.12,65.5,74.42,19.08,2.44,188.4,5.1,19.25,,,,,22.5,47.5,0.57,209.0,0.0,0.0,102.5,994.25,,475.0,659.0,10.25,126.6,75.8,87.25,19.65,3.02,72.28,14.38,11.75,,,,,17.88,49.75,2.02,272.5,0.0,0.0,207.0,966.0,,289.25,460.5,42.15,68.28,70.58,4.5,36.43,0.98,44.98,5.22,45.55,,,,,21.18,41.0,1.9,156.5,0.0,0.0,190.25,985.25,,381.0,654.0,4.5,85.38,49.05,36.78,16.08,1.54,104.1,3.15,85.7,,,,,20.45,46.5,0.8,61.5,0.0,0.0,229.75,982.0,,229.75,323.5,6.4,50.35,31.98,33.48,61.5,1.11,149.5,0.6,10.5,,,,,23.02,39.0,1.32,191.5,0.0,0.0,186.0,987.25,,,,,,,,,,,,,,,,,,,,,,0.0,,,,,,,,,,,,,,,,,,,,,,,,0.0,,,
2024-12-22 13:00:00,239.7,321.51,11.22,102.72,63.76,,,2.16,112.79,,,,,,,,,,,,0,,,,87.72,287.92,17.1,35.08,32.57,48.03,92.95,2.29,49.04,1.97,2.9,1.82,,1.28,1.84,,30.63,1.46,289.3,,0,142.38,,0.05,260.75,391.0,,,,,38.87,2.23,21.65,0.2,,,,0.03,0.17,20.89,54.09,0.92,26.58,0.0,0.0,157.0,,,238.0,392.0,9.28,65.35,42.38,26.82,0.95,0.97,11.75,4.12,6.25,,,,,18.62,48.25,0.38,187.5,0.0,0.0,137.25,975.0,,310.0,391.0,7.15,69.55,42.8,62.22,21.35,1.45,188.28,2.7,9.93,,,,,22.85,42.5,0.6,236.25,0.0,0.0,77.75,993.0,,295.0,495.0,11.58,123.58,75.15,85.08,29.72,2.71,129.85,11.78,10.52,,,,,18.62,47.25,1.95,294.5,0.0,0.0,170.25,966.0,,249.75,384.25,13.1,72.2,49.05,4.38,27.12,0.82,70.0,4.32,41.7,,,,,21.42,41.0,2.2,197.5,0.0,0.0,179.5,985.25,,378.0,613.0,2.68,70.85,39.9,38.6,15.45,1.1,114.7,3.25,83.38,,,,,20.62,45.5,0.62,57.5,0.0,0.0,231.0,981.25,,191.5,316.75,5.72,34.6,23.05,32.78,60.75,0.93,165.2,0.6,10.5,,,,,22.85,39.25,1.42,182.0,0.0,0.0,193.75,987.0,,,,,,,,,,,,,,,,,,,,,,0.0,,,,,,,,,,,,,,,,,,,,,,,,0.0,,,
2024-12-22 14:00:00,194.23,290.64,5.22,83.32,48.57,,,2.02,122.53,,,,,,,,,,,,0,,,,114.28,265.77,14.62,29.46,27.55,46.32,89.72,2.1,48.97,1.97,2.87,1.89,,1.29,1.76,,30.53,1.59,301.59,,0,86.45,,-0.04,240.75,386.0,,,,,38.61,1.95,21.41,0.12,,,,0.08,0.13,21.18,53.48,0.66,153.25,0.0,0.0,104.83,,,227.0,392.0,12.85,66.5,45.9,26.35,15.33,1.22,16.52,4.18,5.1,,,,,19.52,46.25,0.3,199.25,0.0,0.0,78.0,975.0,,202.0,289.0,5.65,64.45,38.85,59.9,20.98,1.43,196.68,1.35,3.95,,,,,22.6,43.5,0.57,235.25,0.0,0.0,68.75,992.0,,261.0,423.0,9.28,100.65,60.92,90.9,34.5,2.34,89.88,9.5,8.95,,,,,18.55,47.0,2.22,301.5,0.0,0.0,138.5,965.75,,229.0,353.0,4.85,61.52,36.67,7.52,26.35,0.68,76.8,3.6,37.98,,,,,21.45,41.0,2.05,185.5,0.0,0.0,142.0,985.0,,180.0,342.0,1.05,50.08,27.5,51.2,17.27,0.36,120.0,1.92,47.05,,,,,21.12,43.75,0.75,46.25,0.0,0.0,207.25,978.25,,167.25,263.75,4.92,34.5,22.38,35.05,54.7,1.01,186.85,0.6,10.5,,,,,22.05,41.75,1.38,199.75,0.0,0.0,195.0,986.75,,,,,,,,29.42,,65.63,0.86,7.78,0.88,,1.63,1.48,30.17,30.51,,,0.0,0.0,,996.5,,,,,,,,,,,,,,,,,,,,,,0.0,,,
2024-12-22 15:00:00,164.1,264.3,2.95,73.68,41.59,,,1.92,116.23,,,,,,,,,,,,0,,,,100.4,252.25,19.17,41.78,37.81,48.68,87.72,1.78,49.27,1.98,2.92,1.9,,1.29,1.83,,31.96,1.58,290.36,,0,60.02,,-0.1,202.0,305.0,,,,,38.32,1.69,21.93,0.36,,,,0.08,0.14,20.48,57.48,0.42,94.67,0.0,0.0,62.84,,,228.0,396.0,12.38,69.6,47.02,25.98,16.0,1.14,14.15,5.08,5.4,,,,,18.55,49.25,0.38,172.25,0.0,0.0,60.5,975.0,,160.0,223.75,4.97,61.32,36.67,59.02,18.3,1.36,186.75,1.05,2.78,,,,,22.18,45.75,0.52,237.5,0.0,0.0,47.75,991.0,,257.0,396.0,10.5,107.5,65.58,106.25,31.8,2.41,75.15,9.15,8.15,,,,,17.9,49.0,2.1,290.25,0.0,0.0,84.75,965.75,,200.75,303.75,4.4,52.22,31.35,10.15,25.5,0.6,76.9,3.15,34.52,,,,,21.02,42.25,1.72,183.75,0.0,0.0,89.25,985.25,,162.0,304.0,1.82,76.82,42.35,57.38,21.4,0.88,130.43,1.75,33.22,,,,,20.55,46.25,0.75,69.75,0.0,0.0,125.75,977.0,,182.0,260.5,4.82,38.35,24.32,35.92,51.15,1.14,174.32,0.6,10.5,,,,,21.8,43.25,1.25,229.0,0.0,0.0,143.0,986.0,,116.9,214.88,29.47,76.95,64.82,55.16,30.35,1.84,66.96,0.88,7.72,0.88,,1.7,1.47,30.16,30.32,,,0.0,0.0,,996.5,,,,,,,,,,,,,,,,,,,,,,0.0,,,
2024-12-22 16:00:00,144.68,230.46,3.4,97.62,54.69,,,1.95,75.46,,,,,,,,,,,,0,,,,113.58,230.88,20.1,39.4,37.3,49.8,87.64,2.16,49.01,1.95,2.87,1.84,,1.34,1.8,,38.88,0.61,227.46,,0,33.02,,-0.16,205.25,341.0,,,,,38.37,1.48,22.73,0.1,,,,0.06,0.14,18.86,64.34,0.44,33.08,0.0,0.0,28.16,,,219.0,366.0,13.85,67.2,46.98,26.12,14.9,1.2,10.88,4.47,5.92,,,,,17.65,52.5,0.2,172.25,0.0,0.0,34.25,975.0,,163.0,219.75,5.42,55.8,34.1,59.98,15.65,1.5,144.45,1.32,3.42,,,,,21.05,53.0,0.48,235.25,0.0,0.0,26.75,991.0,,255.0,478.0,14.98,135.62,84.2,107.02,23.58,2.69,6.6,8.52,8.38,,,,,17.02,52.5,1.48,253.5,0.0,0.0,37.0,965.0,,184.5,281.0,6.02,50.62,31.8,10.42,18.65,0.75,43.4,2.9,31.15,,,,,20.12,45.75,0.9,133.25,0.0,0.0,37.5,985.25,,252.0,511.0,3.05,75.95,42.88,55.32,20.38,0.76,112.65,1.92,51.38,,,,,19.38,49.75,0.75,96.5,0.0,0.0,54.5,976.75,,193.5,282.5,5.08,58.62,35.3,38.08,46.48,1.38,133.5,0.6,10.5,,,,,20.12,49.75,0.9,204.5,0.0,0.0,70.5,986.0,,49.55,205.5,28.78,78.02,65.0,55.74,27.18,2.2,43.38,0.88,7.65,0.84,,1.67,1.42,30.16,30.17,,,0.0,0.0,,996.5,,,,,,,,,,,,,,,,,,,,,,0.0,,,
2024-12-22 17:00:00,139.94,258.05,19.08,155.06,97.94,,,2.17,26.96,,,,,,,,,,,,0,,,,86.53,215.9,17.48,36.06,33.45,48.55,85.84,2.16,49.17,1.93,2.89,1.92,,1.3,1.76,,56.89,0.66,102.99,,0,16.27,,-0.19,209.25,339.0,,,,,38.52,1.46,21.73,,,,,0.06,0.09,16.13,74.01,0.67,33.0,0.0,0.0,6.0,,,200.0,361.0,20.3,94.78,67.0,26.0,11.28,2.05,8.28,3.88,4.72,,,,,16.2,60.0,0.22,156.0,0.0,0.0,11.75,975.0,,162.5,227.25,5.75,54.12,33.47,60.38,14.02,1.42,131.18,1.72,4.4,,,,,19.1,61.25,0.62,213.0,0.0,0.0,7.75,991.0,,254.0,504.0,41.78,173.85,126.35,103.9,15.5,3.69,10.4,11.18,8.4,,,,,15.5,59.25,0.75,315.5,0.0,0.0,12.0,965.75,,176.25,283.75,7.0,50.38,32.5,11.25,8.92,1.08,10.92,2.45,28.8,,,,,17.7,56.0,0.35,61.25,0.0,0.0,8.25,985.75,,244.0,520.0,3.25,96.4,53.9,55.6,17.05,1.5,63.8,1.92,72.9,,,,,17.95,55.25,0.62,43.75,0.0,0.0,13.25,976.0,,190.5,298.5,4.75,74.92,43.72,39.67,41.52,1.62,63.12,0.6,10.5,,,,,17.27,64.5,0.62,122.25,0.0,0.0,20.5,986.25,,15.62,216.72,31.31,75.76,65.7,56.26,24.22,2.48,43.4,0.88,7.68,0.83,,1.67,1.48,30.14,29.99,,,0.0,0.0,,996.5,,,,,,,,,,,,,,,,,,,,,,0.0,,,
2024-12-22 18:00:00,161.38,287.31,48.53,153.32,120.99,,,2.45,17.88,,,,,,,,,,,,0,,,,90.08,211.9,17.26,34.18,32.21,48.84,84.58,1.41,49.01,1.99,2.92,1.88,,1.3,1.8,,73.46,0.58,152.33,,0,15.9,,-0.17,227.25,372.0,,,,,38.76,1.58,21.46,0.46,,,,0.04,0.2,14.33,81.41,0.5,33.0,0.0,0.0,,,,252.0,472.0,59.3,131.15,117.82,21.72,13.98,3.74,6.38,3.25,6.85,,,,,15.05,68.25,0.25,146.0,0.0,0.0,7.0,975.0,,167.0,241.0,4.42,51.7,31.08,61.88,13.85,1.52,126.12,1.92,4.9,,,,,17.68,66.5,0.65,179.25,0.0,0.0,3.0,991.25,,317.0,716.0,56.12,196.55,150.98,102.82,12.0,4.12,99.45,12.78,9.22,,,,,14.0,67.0,0.5,320.25,0.0,0.0,9.75,965.75,,195.25,326.75,14.65,51.05,39.08,11.0,6.27,2.62,3.55,2.28,27.68,,,,,15.48,68.0,0.3,57.0,0.0,0.0,5.0,986.0,,298.0,713.0,4.65,100.15,57.05,44.22,13.18,2.18,27.42,2.33,81.38,,,,,16.98,60.25,0.7,55.0,0.0,0.0,7.0,980.0,,183.75,291.5,30.85,90.35,73.15,41.72,39.42,1.98,10.15,0.6,10.5,,,,,15.0,81.75,0.7,107.75,0.0,0.0,9.0,987.0,,5.75,188.7,41.91,68.04,70.62,60.48,22.05,2.4,25.38,1.08,7.76,1.92,,2.68,0.96,30.14,29.85,,,0.0,0.0,,996.5,,,,,,,,,,,,,,,,,,,,,,0.0,,,
2024-12-22 19:00:00,212.8,325.28,112.23,154.92,173.61,,,2.87,19.14,,,,,,,,,,,,0,,,,122.42,213.12,15.66,31.56,29.52,46.3,85.12,1.52,49.68,2.02,2.93,1.94,,1.27,1.74,,80.97,0.71,114.83,,0,16.88,,-0.16,263.0,436.0,,,,,38.95,1.89,21.67,0.12,,,,0.05,0.26,13.11,86.51,0.83,33.08,0.0,0.0,,,,350.0,596.0,101.78,131.43,152.88,23.9,16.55,4.25,6.58,3.0,8.05,,,,,14.55,72.75,0.3,143.25,0.0,0.0,7.0,975.0,,204.0,283.25,4.5,57.95,34.5,60.85,13.35,1.69,89.52,2.5,6.82,,,,,16.6,71.75,0.38,213.75,0.0,0.0,3.0,992.0,,339.0,603.0,71.6,177.8,153.57,77.6,12.08,4.7,58.53,13.32,10.2,,,,,13.22,71.5,0.3,322.5,0.0,0.0,9.0,965.25,,249.25,436.0,50.15,46.55,65.53,10.3,8.7,5.41,3.45,2.52,32.7,,,,,14.9,73.5,0.3,51.5,0.0,0.0,5.0,986.0,,348.0,711.0,6.52,113.9,65.88,37.05,11.15,2.53,10.55,2.95,84.5,,,,,16.3,64.25,0.75,54.0,0.0,0.0,7.0,981.0,,201.5,318.0,37.88,83.02,74.95,41.4,39.25,2.34,3.92,0.6,10.5,,,,,14.1,84.0,0.68,95.5,0.0,0.0,9.0,987.0,,38.02,190.35,40.77,72.7,71.9,62.06,19.72,3.14,26.02,1.14,7.75,1.98,,2.67,0.96,30.14,29.82,,,0.0,0.0,,996.5,,,,,,,,,,,,,,,,,,,,,,0.0,,,
2024-12-22 20:00:00,208.7,357.19,112.44,153.48,173.03,,,2.98,19.75,,,,,,,,,,,,0,,,,100.4,220.38,16.05,33.67,30.96,48.16,87.94,2.24,49.14,2.0,2.86,1.92,,1.27,1.78,,85.01,0.49,191.97,,0,17.55,,-0.14,300.5,503.0,,,,,39.47,2.41,21.22,0.15,,,,0.1,0.21,12.33,89.63,0.67,33.0,0.0,0.0,,,,344.0,576.0,127.2,117.28,166.2,23.68,15.3,3.46,7.52,3.28,10.28,,,,,14.18,76.75,0.3,149.0,0.0,0.0,7.0,975.0,,222.0,311.0,4.58,67.65,39.75,60.52,12.92,1.94,79.9,2.75,7.28,,,,,16.05,74.5,0.55,143.5,0.0,0.0,3.5,992.5,,421.0,736.0,83.78,172.22,159.68,75.95,9.7,5.04,59.6,13.65,11.25,,,,,12.85,73.5,0.3,322.25,0.0,0.0,8.5,965.25,,324.0,554.0,109.32,52.92,117.07,10.75,11.05,6.91,3.9,3.08,42.45,,,,,14.42,78.0,0.3,56.0,0.0,0.0,5.0,986.0,,372.0,705.0,11.08,113.72,69.53,37.4,10.95,2.88,7.1,3.08,80.95,,,,,15.8,66.75,0.75,54.0,0.0,0.0,7.0,981.25,,227.5,328.75,33.33,54.1,55.88,38.62,39.3,2.28,3.2,0.6,10.5,,,,,13.38,82.5,0.65,110.25,0.0,0.0,8.25,987.0,,103.3,184.73,40.01,68.04,68.87,56.87,19.17,2.24,15.13,1.05,7.77,1.93,,2.59,0.98,30.14,29.8,,,0.0,0.0,,996.5,,,,,,,,,,,,,,,,,,,,,,0.0,,,
2024-12-22 21:00:00,226.33,371.54,109.05,141.09,163.72,,,2.99,19.88,,,,,,,,,,,,0,,,,112.05,241.45,17.55,36.74,33.8,47.0,85.41,2.74,49.4,2.01,2.8,1.85,,1.23,1.76,,87.73,0.62,25.75,,0,17.58,,-0.14,319.5,495.0,,,,,40.25,3.15,21.46,0.12,,,,,0.19,11.82,91.31,0.66,33.08,0.0,0.0,,,,303.0,514.0,173.92,112.88,201.75,23.95,18.27,3.8,7.35,3.2,9.32,,,,,13.95,79.5,0.3,143.0,0.0,0.0,7.0,975.0,,287.0,363.25,6.22,82.72,49.05,63.88,12.63,2.16,56.92,2.7,7.98,,,,,15.7,77.0,0.78,164.5,0.0,0.0,3.0,992.75,,381.0,626.0,128.3,166.8,192.92,74.22,9.93,5.15,61.5,14.32,10.55,,,,,12.55,76.25,0.4,322.75,0.0,0.0,9.25,965.5,,419.0,650.5,164.52,56.4,163.75,12.6,12.5,7.61,12.12,4.32,52.5,,,,,14.25,81.0,0.3,55.0,0.0,0.0,5.0,986.0,,395.0,687.0,34.42,111.48,87.3,40.02,11.32,3.43,5.3,3.48,75.1,,,,,15.18,70.25,0.85,54.0,0.0,0.0,7.0,981.5,,220.5,308.0,64.22,43.68,75.4,37.92,39.78,2.51,3.85,0.6,10.5,,,,,12.85,82.0,0.7,87.0,0.0,0.0,8.75,987.0,,150.45,211.85,42.46,62.38,68.04,55.81,20.17,2.66,15.23,1.06,7.72,1.96,,2.67,0.98,30.14,29.8,,,0.0,0.0,,996.5,,,,,,,,,,,,,,,,,,,,,,0.0,,,
2024-12-22 22:00:00,213.3,369.66,87.89,112.11,131.11,,,2.96,18.9,,,,,,,,,,,,0,,,,105.4,267.0,16.81,33.2,31.33,49.16,87.44,3.68,48.48,1.99,2.83,1.9,,1.31,1.74,,91.28,0.52,74.79,,0,17.7,,-0.14,346.5,524.0,,,,,41.3,3.9,22.18,0.29,,,,0.07,0.14,11.35,92.49,0.67,33.0,0.0,0.0,,,,347.0,592.0,232.32,97.28,240.65,20.92,21.68,5.8,7.98,3.7,12.3,,,,,13.62,82.5,0.28,138.25,0.0,0.0,7.0,975.0,,263.0,353.5,6.68,85.62,51.0,63.48,11.48,2.21,45.52,2.28,6.65,,,,,15.52,77.0,0.82,163.0,0.0,0.0,3.25,992.5,,370.0,578.0,103.32,149.62,163.48,83.58,8.72,5.4,14.2,13.82,10.02,,,,,12.2,79.0,0.3,324.0,0.0,0.0,11.0,966.25,,515.75,764.0,209.05,61.48,202.68,10.38,12.73,7.25,12.22,5.45,58.4,,,,,14.15,82.0,0.3,55.0,0.0,0.0,5.0,986.0,,417.0,896.0,63.48,123.38,117.22,53.22,12.85,3.52,4.7,3.75,94.82,,,,,15.08,70.75,0.72,50.5,0.0,0.0,7.0,979.0,,238.5,320.5,53.85,34.15,62.0,36.75,39.42,2.4,3.82,0.6,10.5,,,,,12.3,82.5,0.6,96.25,0.0,0.0,8.75,987.25,,198.1,275.2,46.9,58.47,69.26,58.34,20.32,2.7,14.88,1.03,7.79,1.97,,2.73,0.96,30.14,29.76,,,0.0,0.0,,996.5,,,,,,,,,,,,,,,,,,,,,,0.0,,,
2024-12-22 23:00:00,240.0,373.86,72.97,125.92,126.28,,,3.0,19.86,,,,,,,,,,,,0,,,,176.4,484.1,16.52,32.69,30.82,48.03,91.65,4.52,49.4,1.94,2.82,1.9,,1.31,1.79,,92.91,0.9,140.22,,0,17.67,,-0.15,368.25,527.0,,,,,40.94,3.9,21.69,0.35,,,,0.05,0.22,11.0,92.63,1.0,33.0,0.0,0.0,,,,388.0,663.0,236.2,86.8,238.08,24.7,24.15,5.71,19.6,4.85,16.18,,,,,13.35,84.25,0.25,144.25,0.0,0.0,7.0,975.0,,250.0,319.5,7.1,87.2,52.15,52.65,10.75,2.08,52.98,2.53,6.95,,,,,15.7,76.25,0.88,183.0,0.0,0.0,3.0,992.0,,396.0,547.0,149.1,150.98,201.9,106.68,9.98,,69.82,13.42,10.12,,,,,12.08,79.75,0.45,276.5,0.0,0.0,10.0,966.0,,567.25,822.25,229.55,63.62,220.45,10.62,16.02,6.3,27.6,6.52,63.08,,,,,14.08,82.5,0.32,59.75,0.0,0.0,5.0,986.0,,383.0,873.0,25.38,111.78,80.08,61.42,12.1,1.87,5.1,3.38,90.82,,,,,15.1,70.25,0.72,44.0,0.0,0.0,7.0,978.0,,234.0,315.0,67.75,28.78,70.4,35.8,39.88,2.53,3.9,0.6,10.5,,,,,11.9,86.0,0.78,102.0,0.0,0.0,9.0,987.0,,209.95,242.95,43.72,59.86,67.65,56.6,20.57,2.94,11.32,1.02,7.62,2.05,,2.67,0.92,30.14,29.78,,,0.0,0.0,,996.5,,,,,,,,,,,,,,,,,,,,,,0.0,,,
2024-12-23 00:00:00,258.55,358.71,72.99,123.0,124.78,,,3.11,19.38,,,,,,,,,,,,0,,,,163.98,387.1,16.48,33.0,30.95,49.15,91.73,3.6,49.09,1.98,2.86,1.86,,1.27,1.78,,86.74,0.6,113.88,,0,17.98,,-0.16,338.0,455.0,,,,,40.52,3.61,22.32,0.1,,,,0.07,0.17,11.0,92.75,1.08,32.84,0.0,0.0,,,,509.0,824.0,134.45,89.15,156.35,24.8,22.8,3.26,43.68,5.32,19.55,,,,,13.45,82.75,0.45,165.75,0.0,0.0,7.0,975.0,,199.0,262.25,8.15,81.47,49.9,56.82,10.07,1.44,48.35,2.22,4.88,,,,,15.55,76.25,0.57,209.0,0.0,0.0,3.0,992.0,,412.0,599.0,162.05,148.18,210.85,107.62,13.28,,119.55,13.4,10.52,,,,,12.25,79.0,0.98,280.0,0.0,0.0,10.0,966.0,,522.75,772.75,225.95,62.38,216.88,9.5,22.7,3.4,17.35,6.65,63.85,,,,,15.18,73.0,1.12,225.0,0.0,0.0,5.0,986.0,,361.0,602.0,46.98,110.7,97.05,56.2,11.07,2.01,4.65,3.45,82.68,,,,,14.88,71.25,0.65,46.0,0.0,0.0,7.0,978.0,,227.0,302.75,53.98,30.58,60.12,35.65,39.3,2.32,3.8,0.6,10.5,,,,,11.75,88.0,0.92,99.5,0.0,0.0,9.0,987.0,,209.5,266.0,46.13,55.21,67.08,56.91,26.72,2.3,11.66,2.59,7.09,5.74,,3.72,2.93,30.14,29.78,,,0.0,0.0,,996.5,,,,,,,,,,,,,,,,,,,,,,0.0,,,
2024-12-23 01:00:00,237.2,330.16,79.43,101.38,118.49,,,3.02,17.95,,,,,,,,,,,,0,,,,150.05,422.65,16.48,31.74,30.28,48.15,93.94,2.35,49.04,1.97,2.89,1.88,,1.23,1.8,,87.77,0.52,49.97,,0,17.05,,-0.16,327.25,454.42,,,,,40.58,3.32,22.07,0.14,,,,0.04,0.14,10.93,92.6,0.75,32.92,0.0,0.0,,,,489.0,809.0,90.0,97.88,125.05,25.05,17.68,2.12,20.3,4.28,15.98,,,,,13.3,81.5,0.25,153.75,0.0,0.0,7.0,975.0,,204.25,248.25,6.02,54.45,33.92,63.18,10.6,1.12,53.4,2.72,5.0,,,,,15.12,78.5,0.57,179.75,0.0,0.0,3.0,992.0,,512.0,707.0,151.93,132.45,194.2,113.6,15.7,5.66,126.8,14.12,10.65,,,,,12.02,79.25,0.48,323.25,0.0,0.0,9.5,965.75,,427.0,666.25,187.28,63.1,185.85,9.18,12.1,2.51,8.0,6.35,62.9,,,,,14.05,77.25,0.42,198.0,0.0,0.0,5.0,986.0,,317.0,574.0,19.92,94.9,66.68,54.98,9.82,1.44,5.5,3.15,63.97,,,,,14.48,73.5,0.72,44.0,0.0,0.0,7.0,978.0,,215.5,295.5,51.38,25.6,55.35,34.22,39.3,2.26,4.2,0.6,10.5,,,,,12.08,88.0,0.8,150.25,0.0,0.0,9.0,987.0,,215.38,305.1,45.0,58.31,67.63,58.36,25.52,2.08,11.71,2.59,6.91,5.82,,3.69,2.9,30.14,29.77,,,0.0,0.0,,996.5,,,,,,,,,,,,,,,,,,,,,,0.0,,,
2024-12-23 02:00:00,210.33,332.74,59.92,105.78,105.02,,,2.79,17.8,,,,,,,,,,,,0,,,,146.98,298.58,17.98,35.11,33.3,49.21,94.36,1.8,49.04,1.97,2.84,1.89,,1.29,1.77,,91.7,0.44,177.69,,0,18.18,,-0.16,303.75,401.81,,,,,40.09,3.07,21.65,0.29,,,,0.05,0.15,10.77,93.38,0.81,32.92,0.0,0.0,,,,471.0,716.0,93.1,91.8,124.6,26.6,,2.24,45.83,3.9,13.42,,,,,13.1,84.5,0.28,170.75,0.0,0.0,6.75,975.0,,200.75,252.75,4.9,48.7,29.9,62.4,11.2,1.05,49.88,2.58,4.92,,,,,15.35,78.25,0.52,215.75,0.0,0.0,3.0,991.75,,487.0,644.0,173.9,119.1,204.7,117.4,,5.67,158.9,14.48,10.7,,,,,11.75,82.25,0.5,323.0,0.0,0.0,9.25,965.5,,399.25,559.25,144.28,58.9,148.62,10.0,7.25,2.34,8.8,5.88,59.7,,,,,13.82,81.0,0.55,197.0,0.0,0.0,5.0,986.0,,299.0,509.0,21.3,89.4,64.9,55.3,9.7,1.41,4.5,2.48,47.72,,,,,14.38,74.25,0.68,43.0,0.0,0.0,7.0,980.5,,209.0,281.25,40.2,23.2,45.0,34.0,39.5,2.12,4.25,0.6,10.5,,,,,12.02,88.0,0.8,112.0,0.0,0.0,9.0,987.0,,184.75,227.42,44.0,58.89,67.26,57.83,25.09,1.81,10.06,2.6,7.0,5.77,,3.67,2.83,30.14,29.77,,,0.0,0.0,,996.5,,,,,,,,,,,,,,,,,,,,,,0.0,,,
2024-12-23 03:00:00,222.73,311.52,18.49,93.6,64.85,,,2.32,17.58,,,,,,,,,,,,0,,,,156.25,323.77,16.76,34.97,32.22,46.7,92.36,1.89,48.71,2.0,2.92,1.85,,1.27,1.77,,91.62,0.52,91.75,,0,18.3,,-0.17,295.33,369.0,,,,,39.74,2.67,21.63,0.19,,,,0.02,0.15,10.95,92.94,0.9,33.0,0.0,0.0,,,,412.0,639.0,94.25,101.62,130.8,24.1,10.55,2.27,33.3,4.08,11.5,,,,,13.68,82.0,0.32,168.5,0.0,0.0,7.0,975.0,,187.0,241.25,5.35,43.0,27.22,65.15,10.2,1.03,44.9,2.58,4.82,,,,,15.62,78.0,0.62,186.75,0.0,0.0,3.0,991.25,,376.0,515.0,61.68,130.12,119.1,69.72,5.55,3.88,77.3,14.18,10.25,,,,,12.7,76.5,1.02,304.5,0.0,0.0,10.25,966.0,,349.75,471.5,110.78,55.42,119.52,10.72,4.65,2.08,7.7,5.12,57.58,,,,,14.42,78.5,0.52,144.0,0.0,0.0,5.0,986.0,,312.0,545.0,11.92,66.38,44.95,37.55,7.75,1.01,10.9,2.42,49.38,,,,,14.72,71.75,0.7,61.0,0.0,0.0,7.0,981.0,,199.75,272.5,28.72,24.83,36.55,28.8,39.0,1.72,4.12,0.6,10.5,,,,,12.75,88.0,0.82,134.5,0.0,0.0,9.0,987.0,,162.05,241.5,42.83,60.98,67.1,58.08,24.86,1.29,12.06,2.6,7.01,5.77,,3.74,2.83,30.14,29.77,,,0.0,0.0,,996.5,,,,,,,,,,,,,,,,,,,,,,0.0,,,
2024-12-23 04:00:00,210.26,283.49,20.56,99.64,69.72,,,2.27,16.88,,,,,,,,,,,,0,,,,114.18,246.27,16.0,31.8,29.92,48.0,94.11,1.58,48.56,1.98,2.92,1.92,,1.31,1.73,,90.13,0.43,131.12,,0,17.8,,-0.18,266.88,344.92,,,,,39.1,2.27,21.21,0.19,,,,0.08,0.25,11.04,92.57,0.89,32.92,0.0,0.0,,,,363.0,532.0,56.08,90.98,93.98,25.02,14.82,1.42,18.77,3.35,9.52,,,,,13.45,81.0,0.22,161.25,0.0,0.0,7.0,975.0,,186.75,227.25,6.5,42.55,27.9,57.02,9.62,0.94,42.72,2.25,4.1,,,,,15.5,78.75,0.6,163.75,0.0,0.0,3.5,991.0,,299.0,395.0,30.3,119.58,88.28,62.7,5.03,3.16,74.77,12.18,9.12,,,,,12.55,75.75,0.68,267.0,0.0,0.0,10.0,966.0,,309.5,410.75,86.45,56.22,100.18,10.98,3.5,1.74,7.08,4.28,56.2,,,,,14.35,77.25,0.38,37.0,0.0,0.0,5.0,986.0,,249.0,426.0,7.7,63.7,40.12,32.83,7.75,0.67,13.65,1.78,33.05,,,,,14.52,72.75,0.62,70.0,0.0,0.0,7.0,982.0,,184.25,250.0,17.7,22.15,26.18,29.3,38.85,1.49,3.65,0.6,10.5,,,,,12.7,88.0,0.82,128.75,0.0,0.0,8.75,986.75,,155.98,211.62,42.84,60.2,66.94,57.9,25.42,1.84,11.6,2.58,6.98,5.76,,3.76,2.91,30.14,29.8,,,0.0,0.0,,996.5,,,,,,,,,,,,,,,,,,,,,,0.0,,,
2024-12-23 05:00:00,185.08,259.42,9.74,84.56,52.9,,,2.08,19.2,,,,,,,,,,,,0,,,,123.05,275.25,16.58,33.52,31.31,47.77,95.82,1.28,49.17,2.01,2.93,1.92,,1.32,1.76,,81.74,0.66,187.43,,0,18.52,,-0.17,235.25,298.33,,,,,39.02,1.86,21.92,0.21,,,,0.02,0.23,11.45,90.6,1.21,32.86,0.0,0.0,,,,269.0,398.0,39.52,86.82,78.38,25.68,14.7,1.08,10.05,3.22,6.62,,,,,13.8,79.0,0.32,166.0,0.0,0.0,7.0,975.0,,181.25,218.75,5.75,47.12,29.72,53.4,9.07,0.88,67.8,1.68,3.18,,,,,15.78,78.0,0.52,180.5,0.0,0.0,3.25,990.75,,271.0,385.0,14.65,113.32,72.18,60.12,3.85,2.65,44.0,10.52,8.05,,,,,13.0,72.25,1.68,279.75,0.0,0.0,10.0,966.0,,278.25,361.5,67.82,54.22,84.0,11.35,3.45,1.23,6.08,3.85,54.02,,,,,15.12,71.0,0.6,92.0,0.0,0.0,5.0,986.0,,227.0,372.0,3.5,50.2,29.55,32.12,7.48,1.12,24.98,1.48,24.05,,,,,14.68,71.25,0.65,46.75,0.0,0.0,7.0,982.0,,167.25,224.25,8.55,30.15,23.0,28.6,38.67,1.27,5.58,0.6,10.5,,,,,13.32,88.0,0.82,142.75,0.0,0.0,8.5,986.5,,135.45,199.12,43.08,61.16,67.4,58.45,26.31,1.42,15.52,2.59,6.98,5.9,,3.71,2.91,30.14,29.75,,,0.0,0.0,,996.5,,,,,,,,,,,,,,,,,,,,,,0.0,,,
2024-12-23 06:00:00,177.17,246.82,9.92,69.6,45.08,,,1.95,17.7,,,,,,,,,,,,0,,,,105.4,221.3,16.03,31.75,29.92,47.34,94.97,1.59,49.22,2.01,2.91,1.9,,1.3,1.8,,76.63,0.66,126.41,,0,18.08,,-0.15,224.5,286.75,,,,,39.09,1.54,22.3,0.4,,,,0.06,0.24,12.12,88.2,0.44,33.08,0.0,0.0,,,,242.0,370.0,55.4,76.9,85.9,26.38,13.45,1.21,8.48,3.38,5.6,,,,,13.88,78.75,0.28,191.75,0.0,0.0,7.0,975.0,,176.0,214.0,6.1,50.7,31.92,62.22,9.32,0.95,55.75,1.7,2.42,,,,,16.05,77.75,0.55,135.25,0.0,0.0,3.0,992.5,,252.0,338.0,32.42,122.4,91.48,69.47,3.4,2.66,6.7,8.98,7.18,,,,,12.95,72.75,0.75,266.25,0.0,0.0,9.75,965.75,,252.25,327.75,53.8,50.8,70.72,11.45,6.0,1.21,7.55,3.35,46.52,,,,,15.52,68.5,0.75,319.25,0.0,0.0,5.0,986.0,,218.0,346.0,4.92,66.45,39.33,42.68,7.92,1.1,15.58,1.48,22.18,,,,,14.5,74.75,0.5,59.0,0.0,0.0,7.0,979.75,,151.0,212.75,6.3,23.25,17.52,28.02,38.7,1.07,8.9,0.6,10.5,,,,,13.68,87.0,0.85,96.5,0.0,0.0,8.0,987.0,,128.2,202.1,42.74,61.42,67.69,58.05,26.66,2.02,15.33,2.58,6.99,5.74,,3.68,2.87,30.14,29.72,,,0.0,0.0,,996.5,,,,,,,,,,,,,,,,,,,,,,0.0,,,
2024-12-23 07:00:00,163.16,242.66,52.03,71.39,80.15,,,2.08,15.43,,,,,,,,,,,,0,,,,117.85,292.18,13.85,27.55,25.92,47.2,94.31,1.48,49.37,1.98,2.92,1.9,,1.31,1.79,,80.63,0.48,131.72,,0,19.95,,-0.12,222.62,388.0,,,,,39.2,1.42,21.84,0.09,,,,0.04,0.21,12.28,90.74,0.89,32.23,0.0,0.0,1.56,,,323.0,505.0,53.98,69.15,80.42,28.32,13.2,1.32,11.72,4.05,8.78,,,,,13.52,81.0,0.3,156.5,0.0,0.0,7.75,975.0,,189.25,228.0,6.8,59.42,37.1,67.0,8.62,1.14,24.98,1.98,3.02,,,,,15.75,83.0,0.8,117.75,0.0,0.0,4.25,993.0,,294.0,401.0,80.47,114.2,125.95,94.12,2.62,3.22,53.4,9.15,6.6,,,,,12.72,77.0,0.52,293.25,0.0,0.0,10.25,966.0,,298.75,397.0,46.82,50.6,64.97,12.22,9.72,1.84,4.45,3.0,41.38,,,,,15.45,70.0,0.55,75.75,0.0,0.0,7.5,986.0,,238.0,361.0,29.3,70.18,61.2,53.98,8.62,1.69,7.22,1.88,29.85,,,,,14.18,80.0,0.9,50.75,0.0,0.0,8.5,978.0,,140.25,202.0,7.48,22.0,17.8,27.98,38.7,1.0,10.38,0.6,10.5,,,,,14.05,83.0,0.88,149.75,0.0,0.0,10.25,987.25,,131.43,227.92,44.57,60.51,68.51,59.86,26.91,2.03,23.02,1.72,7.78,1.81,,0.98,0.47,30.14,29.66,,,0.0,0.0,,996.5,,,,,,,,,,,,,,,,,,,,,,0.0,,,
2024-12-23 08:00:00,179.81,237.14,148.1,77.44,161.6,,,2.56,16.74,,,,,,,,,,,,0,,,,149.18,356.18,14.81,32.32,29.23,46.96,91.02,1.4,49.0,1.96,2.9,1.92,,1.27,1.81,,77.49,0.82,146.44,,0,25.2,,-0.08,236.38,338.42,,,,,39.39,1.54,22.38,0.35,,,,0.02,0.13,12.68,91.24,0.62,32.06,0.0,0.0,9.77,,,345.0,532.0,44.42,70.58,73.72,29.68,12.5,1.75,8.05,3.65,8.72,,,,,13.55,81.75,0.32,176.75,0.0,0.0,12.0,975.0,,210.0,242.75,15.88,64.75,47.4,66.12,8.48,1.48,10.82,3.05,4.9,,,,,16.0,83.0,0.42,140.75,0.0,0.0,9.0,994.25,,343.0,455.0,110.32,104.95,145.8,106.9,7.3,3.5,78.78,11.38,7.02,,,,,12.72,76.5,1.4,249.0,0.0,0.0,10.75,966.0,,370.25,513.25,48.92,51.3,67.05,11.3,9.82,2.24,3.5,3.2,39.3,,,,,15.4,69.75,1.62,325.75,0.0,0.0,15.5,986.0,,332.0,483.0,47.82,67.5,74.8,57.52,9.15,2.34,8.93,2.88,44.53,,,,,14.18,81.75,0.52,27.75,0.0,0.0,14.25,977.75,,134.25,199.0,10.92,25.45,22.45,29.6,38.48,1.13,4.53,0.6,10.5,,,,,14.42,83.0,0.85,140.75,0.0,0.0,25.0,988.0,,142.75,239.8,45.46,59.95,68.88,59.48,26.71,2.45,22.49,1.69,7.67,1.83,,0.97,0.48,30.14,29.66,,,0.0,0.0,,996.5,,,,,,,,,,,,,,,,,,,,,,0.0,,,
2024-12-23 09:00:00,228.91,315.82,95.2,93.82,127.37,,,2.85,19.66,,,,,,,,,,,,0,,,,158.67,385.45,14.08,30.35,27.58,47.49,90.16,2.56,49.16,1.97,2.9,1.91,,1.26,1.75,,78.11,0.91,161.36,,0,38.05,,-0.03,255.5,490.5,,,,,39.79,1.74,21.79,0.21,,,,0.06,0.12,13.42,91.39,1.18,32.33,0.0,0.0,31.77,,,356.0,544.0,26.72,64.9,56.35,29.02,12.3,1.7,6.45,3.35,8.75,,,,,13.48,82.0,0.35,173.0,0.0,0.0,29.75,975.0,,206.25,248.25,23.45,62.32,52.18,63.92,12.13,1.8,12.52,4.18,8.8,,,,,16.48,83.0,0.72,122.75,0.0,0.0,31.25,995.0,,383.0,530.0,58.75,110.38,106.25,108.82,7.52,3.31,72.4,10.85,7.28,,,,,12.75,75.75,1.55,247.5,0.0,0.0,32.0,966.0,,415.0,578.0,49.18,50.3,66.72,11.5,9.38,2.24,3.95,3.75,35.35,,,,,15.52,71.0,1.58,335.25,0.0,0.0,31.0,986.0,,451.0,666.0,32.62,67.53,62.4,56.2,9.68,2.1,9.28,3.78,51.2,,,,,14.38,79.5,0.65,47.75,0.0,0.0,46.0,978.0,,134.5,202.75,71.15,44.45,81.48,35.9,38.98,1.79,4.72,0.6,10.5,,,,,15.2,83.0,0.82,134.0,0.0,0.0,47.25,988.5,,167.7,270.25,39.36,69.79,69.24,60.92,27.45,2.79,32.83,1.71,7.84,1.82,,0.97,0.48,30.14,29.73,,,0.0,0.0,,996.5,,,,,,,,,,,,,,,,,,,,,,0.0,,,
2024-12-23 10:00:00,369.78,541.27,57.2,132.09,116.78,,,2.95,22.39,,,,,,,,,,,,0,,,,127.7,326.47,11.42,25.1,22.64,46.69,34.45,2.6,49.76,2.0,2.87,1.86,,1.32,1.76,,77.16,0.67,157.64,,0,60.92,,0.05,298.75,427.17,,,,,39.7,2.02,23.44,0.22,,,,0.05,0.16,14.56,89.58,0.92,31.5,0.0,0.0,54.92,,,334.0,495.0,24.35,65.6,54.58,28.42,12.18,1.64,5.8,1.95,6.68,,,,,14.0,79.0,0.4,160.25,0.0,0.0,45.5,975.0,,235.0,298.5,33.25,85.35,72.47,75.6,14.12,2.53,18.27,5.7,16.95,,,,,17.12,82.75,0.48,117.25,0.0,0.0,34.5,996.0,,390.0,516.0,37.22,106.05,86.68,109.38,7.8,3.2,53.7,10.9,6.75,,,,,13.0,74.25,2.0,253.75,0.0,0.0,45.75,966.0,,403.5,540.25,43.7,52.72,63.58,11.05,8.78,1.92,4.38,4.1,31.67,,,,,15.73,71.0,1.88,184.25,0.0,0.0,65.75,986.0,,429.0,622.0,15.78,63.72,46.7,45.08,9.18,2.04,8.85,3.78,37.4,,,,,14.92,75.0,0.85,73.75,0.0,0.0,48.5,980.25,,159.75,252.75,123.85,88.5,147.8,44.25,41.3,2.96,5.08,0.6,10.5,,,,,16.58,83.25,0.85,165.25,0.0,0.0,94.0,989.0,,192.62,251.92,28.84,82.72,67.56,58.76,26.25,2.26,32.2,1.67,7.65,1.85,,0.94,0.47,30.14,29.94,,,0.0,0.0,,996.5,,,,,,,,,,,,,,,,,,,,,,0.0,,,
2024-12-23 11:00:00,389.14,559.27,30.71,151.49,105.55,,,2.9,25.35,,,,,,,,,,,,0,,,,112.8,347.85,14.99,35.04,30.83,47.04,7.61,2.75,49.8,1.96,2.85,1.9,,1.35,1.79,,68.78,1.06,151.07,,0,109.32,,0.11,345.5,514.75,,,,,39.77,2.43,23.43,0.15,,,,,0.09,16.15,79.55,0.73,29.08,0.0,0.0,88.56,,,328.0,505.0,25.62,71.42,58.8,28.0,11.52,1.67,5.95,1.82,6.48,,,,,14.88,74.0,0.4,160.0,0.0,0.0,70.5,975.0,,347.0,429.0,21.85,86.55,63.8,72.72,15.72,2.56,24.72,7.07,19.05,,,,,17.9,79.25,0.52,104.25,0.0,0.0,50.25,996.0,,400.0,527.0,34.78,118.1,90.95,81.47,9.75,3.38,107.65,11.92,6.92,,,,,14.02,69.25,1.82,246.0,0.0,0.0,79.5,966.0,,384.25,492.0,38.92,54.22,60.52,10.32,12.95,2.06,4.92,4.18,30.98,,,,,17.02,64.25,2.48,208.5,0.0,0.0,111.5,986.0,,407.0,619.0,12.58,76.97,51.18,41.4,9.6,1.94,15.4,3.1,36.9,,,,,15.7,72.5,0.8,60.5,0.0,0.0,91.5,980.25,,236.25,361.25,76.35,134.6,133.68,44.7,44.08,3.05,8.4,0.6,10.5,,,,,17.75,84.25,1.1,145.75,0.0,0.0,154.0,988.5,,213.25,275.58,22.44,89.06,65.32,56.95,26.8,2.13,45.76,1.69,7.85,1.87,,0.97,0.48,30.14,29.97,,,0.0,0.0,,996.5,,,,,,,,,,,,,,,,,,,,,,0.0,,,
2024-12-23 12:00:00,352.03,519.4,18.89,134.6,86.97,,,2.78,26.14,,,,,,,,,,,,0,,,,110.6,326.38,15.66,36.91,32.36,47.4,9.92,1.97,48.69,2.04,2.94,1.85,,1.32,1.79,,58.74,1.06,145.1,,0,92.75,,0.06,359.75,481.0,,,,,39.28,2.41,21.95,0.21,,,,0.06,0.11,16.89,74.46,1.04,4.54,0.0,0.0,44.79,,,312.0,499.0,24.05,66.6,55.12,29.05,11.92,1.6,6.65,1.85,6.55,,,,,15.7,69.75,0.48,178.75,0.0,0.0,100.25,975.0,,412.5,492.5,15.82,96.12,64.03,73.03,15.35,2.59,35.48,6.92,17.55,,,,,18.3,76.0,0.6,105.5,0.0,0.0,49.25,995.25,,388.0,542.0,17.5,102.02,68.53,74.4,12.4,2.9,84.52,11.85,7.38,,,,,14.38,66.75,2.72,244.0,0.0,0.0,102.5,966.0,,376.25,519.0,31.02,57.0,55.5,9.4,13.23,1.41,6.48,4.05,33.83,,,,,17.98,57.75,2.25,243.75,0.0,0.0,105.5,986.0,,394.0,605.0,10.7,84.32,53.52,78.4,14.1,1.54,16.52,4.62,41.62,,,,,16.3,70.0,0.75,82.0,0.0,0.0,86.75,972.0,,277.75,422.0,12.85,105.62,66.65,38.8,45.0,2.08,39.72,0.4,6.0,,,,,19.05,64.75,1.2,186.5,0.0,0.0,115.5,988.0,,215.68,292.42,17.13,65.09,48.54,54.39,27.4,2.1,46.5,0.88,7.54,0.86,,1.73,1.42,30.14,29.81,,,0.0,0.0,,996.5,,,,,,,,,,,,,,,,,,,,,,0.0,,,
2024-12-23 13:00:00,303.62,461.8,10.26,94.44,58.59,,,2.52,32.88,,,,,,,,,,,,0,,,,112.68,285.25,15.52,35.2,31.34,47.29,9.07,2.03,49.02,2.03,2.88,1.82,,1.28,1.78,,54.78,0.85,165.21,,0,100.78,,0.06,337.56,478.42,,,,,39.25,2.2,21.24,0.84,,,,0.02,0.26,16.03,79.59,1.08,6.17,0.0,0.0,89.06,,,289.0,439.0,18.08,65.62,49.75,30.65,12.5,1.6,7.02,2.15,6.02,,,,,16.08,68.25,0.43,182.5,0.0,0.0,88.25,975.0,,413.25,500.25,11.13,88.5,56.05,76.82,15.05,2.19,56.08,3.68,12.72,,,,,18.42,71.25,1.25,101.0,0.0,0.0,64.25,994.5,,320.0,438.0,13.55,90.2,59.08,80.07,11.9,2.71,93.15,10.02,6.82,,,,,14.55,68.0,2.22,235.5,0.0,0.0,103.0,966.0,,286.25,407.5,21.2,56.05,47.05,9.68,11.22,1.26,9.18,3.78,31.83,,,,,18.1,56.25,3.0,206.5,0.0,0.0,101.0,986.0,,348.0,530.0,4.38,62.15,36.58,66.4,14.0,1.3,29.5,10.2,25.7,,,,,16.55,67.0,0.7,81.0,0.0,0.0,123.75,969.5,,237.5,356.25,8.8,79.6,49.5,42.25,42.3,1.83,46.0,0.35,2.92,,,,,17.88,70.0,1.1,177.5,0.0,0.0,116.5,988.0,,201.02,313.48,14.87,65.59,47.16,53.64,26.75,1.8,45.3,0.84,7.66,0.85,,1.74,1.43,30.14,29.86,,,0.0,0.0,,996.5,,,,,,,,,,,,,,,,,,,,,,0.0,,,
2024-12-23 14:00:00,246.69,384.54,5.67,75.15,44.58,,,2.24,44.34,,,,,,,,,,,,0,,,,99.5,225.43,12.88,33.82,29.74,47.57,8.42,2.0,49.49,2.05,2.88,1.89,,1.38,1.73,,47.45,1.05,158.42,,0,88.87,,0.01,270.75,355.58,,,,,39.1,1.98,21.82,0.6,,,,0.05,0.17,17.19,70.18,1.73,172.64,0.0,0.0,74.38,,,311.0,514.0,18.35,72.5,53.25,30.65,11.2,1.09,6.4,1.98,5.38,,,,,16.72,63.75,0.4,184.5,0.0,0.0,88.75,975.0,,369.5,458.75,8.95,85.65,52.85,74.82,16.8,2.14,75.5,1.88,7.07,,,,,18.85,66.75,1.18,129.0,0.0,0.0,52.25,994.0,,309.0,427.0,16.08,89.82,60.92,87.68,15.77,2.83,107.02,9.45,6.58,,,,,15.48,62.75,2.7,242.25,0.0,0.0,85.5,966.0,,253.75,366.5,10.85,55.75,38.5,9.43,12.05,1.13,14.18,3.6,26.4,,,,,18.7,52.75,3.5,187.5,0.0,0.0,119.0,985.75,,337.0,509.0,1.75,46.18,26.0,37.72,9.72,1.31,43.48,3.62,24.45,,,,,16.85,64.0,0.72,81.5,0.0,0.0,95.75,977.5,,219.0,312.0,8.68,87.75,53.75,45.18,42.55,1.94,62.55,0.32,2.92,,,,,19.0,60.0,1.62,168.75,0.0,0.0,138.25,987.0,,177.02,250.15,14.39,64.13,46.0,51.46,27.39,1.98,65.94,0.87,7.68,0.85,,1.68,1.43,30.14,29.84,,,0.0,0.0,,996.5,,,,,,,,,,,,,,,,,,,,,,0.0,,,
2024-12-23 15:00:00,198.89,280.64,4.11,73.58,42.48,,,2.1,52.31,,,,,,,,,,,,0,,,,97.62,231.23,13.3,33.66,28.71,47.16,7.29,1.32,48.56,2.03,2.83,1.92,,1.32,1.8,,50.61,0.94,168.43,,0,48.62,,-0.06,284.0,401.75,,,,,38.78,1.75,21.36,0.36,,,,0.05,0.15,16.79,71.73,0.67,358.0,0.0,0.0,34.42,,,291.0,470.0,12.05,62.2,42.85,30.9,11.2,1.03,6.52,2.35,5.45,,,,,16.62,65.25,0.25,186.75,0.0,0.0,49.0,975.0,,335.75,440.5,7.42,88.45,53.12,74.38,16.6,2.1,76.12,0.1,0.25,,,,,18.9,66.5,0.92,153.0,0.0,0.0,32.0,993.0,,310.0,458.0,10.88,105.48,64.92,96.07,16.38,2.88,111.0,10.1,7.58,,,,,15.3,63.25,2.3,222.75,0.0,0.0,48.25,965.75,,235.5,350.25,5.72,56.28,34.6,13.32,10.78,1.08,19.32,3.38,21.95,,,,,18.55,52.25,3.25,169.75,0.0,0.0,49.5,985.25,,345.0,539.0,1.88,53.7,30.08,35.02,8.6,1.58,47.82,3.05,30.48,,,,,16.82,63.75,0.72,49.5,0.0,0.0,54.25,980.5,,250.33,369.33,7.75,95.28,57.0,47.95,42.25,1.92,42.72,0.35,3.55,,,,,18.58,62.25,1.02,173.75,0.0,0.0,59.75,987.0,,128.07,183.8,14.69,59.18,43.47,49.02,26.86,1.9,65.73,0.87,7.66,0.87,,1.64,1.52,30.14,29.62,,,0.0,0.0,,996.5,,,,,,,,,,,,,,,,,,,,,,0.0,,,
2024-12-23 16:00:00,181.8,269.17,4.29,68.4,39.87,,,2.09,48.71,,,,,,,,,,,,0,,,,66.72,207.55,15.84,39.23,33.74,47.14,6.85,1.01,49.11,1.97,2.93,1.9,,1.32,1.74,,56.14,0.74,194.36,,0,35.08,,-0.1,261.5,355.25,,,,,38.61,1.71,21.62,0.35,,,,0.02,0.2,16.26,76.33,1.28,358.0,0.0,0.0,31.04,,,272.0,432.0,13.35,66.15,46.15,31.48,10.5,0.96,6.3,2.35,5.32,,,,,16.25,66.75,0.35,167.5,0.0,0.0,38.25,975.0,,324.5,409.0,8.38,85.07,52.02,76.6,14.5,2.11,66.82,0.4,1.17,,,,,18.85,67.5,0.77,164.25,0.0,0.0,23.0,993.0,,322.0,465.0,12.8,95.65,61.4,102.62,13.2,2.81,22.25,10.98,8.8,,,,,15.1,65.25,2.1,234.25,0.0,0.0,38.25,965.5,,214.25,338.25,12.42,48.48,35.85,66.05,9.22,1.09,16.65,2.9,19.4,,,,,18.1,57.0,3.12,154.0,0.0,0.0,36.25,986.0,,346.0,549.0,1.85,64.6,35.83,56.03,11.12,1.56,41.68,3.45,42.68,,,,,16.73,66.0,0.72,62.0,0.0,0.0,35.5,977.0,,266.0,398.0,13.7,109.85,69.55,50.92,40.2,2.02,19.4,0.4,4.05,,,,,17.62,70.0,0.82,183.5,0.0,0.0,59.25,987.0,,122.78,196.45,12.86,55.37,39.97,45.02,26.53,2.03,42.69,0.86,7.64,0.88,,1.66,1.49,30.14,29.59,,,0.0,0.0,,996.5,,,,,,,,,,,,,,,,,,,,,,0.0,,,
2024-12-23 17:00:00,171.41,278.14,6.64,94.04,55.42,,,2.14,34.41,,,,,,,,,,,,0,,,,46.2,223.48,14.76,34.94,30.59,47.04,6.29,0.88,49.77,1.97,2.9,1.83,,1.32,1.73,,65.79,0.69,163.55,,0,18.08,,-0.13,250.62,359.0,,,,,38.72,1.71,21.28,0.44,,,,0.06,0.09,14.74,82.0,0.95,358.0,0.0,0.0,6.34,,,253.0,415.0,15.15,73.08,51.22,28.98,9.5,1.45,6.12,1.88,5.03,,,,,15.6,69.25,0.2,165.25,0.0,0.0,9.75,975.0,,284.75,364.5,7.25,76.68,46.68,79.32,13.65,2.22,52.92,5.18,14.05,,,,,18.02,71.25,0.52,113.5,0.0,0.0,7.25,993.0,,313.0,482.0,30.93,129.93,94.27,86.05,13.23,2.98,8.0,10.6,8.57,,,,,14.68,65.0,1.83,248.5,0.0,0.0,10.25,966.0,,227.5,347.75,5.92,56.75,34.98,57.9,7.62,1.14,11.58,2.6,17.15,,,,,17.35,62.25,2.2,126.0,0.0,0.0,7.75,986.0,,346.0,548.0,5.52,73.45,43.55,61.42,10.18,1.81,16.6,4.03,53.9,,,,,16.08,70.0,0.82,17.75,0.0,0.0,11.5,976.0,,266.0,398.0,14.62,96.48,63.22,49.68,38.9,2.05,9.9,0.4,4.22,,,,,16.38,76.5,0.75,153.0,0.0,0.0,17.0,987.0,,119.72,191.9,12.18,51.46,37.3,41.62,26.54,2.21,42.64,0.86,7.66,0.87,,1.63,1.43,30.14,29.66,,,0.0,0.0,,996.5,,,,,,,,,,,,,,,,,,,,,,0.0,,,
2024-12-23 18:00:00,175.81,285.89,7.37,91.58,54.7,,,2.24,35.98,,,,,,,,,,,,0,,,,87.57,216.77,17.54,40.76,35.94,47.53,5.97,1.66,49.44,1.98,2.84,1.9,,1.28,1.78,,69.66,0.69,127.32,,0,18.92,,-0.14,248.44,368.42,,,,,38.96,1.81,21.38,0.19,,,,0.04,0.1,13.95,86.02,0.75,358.0,0.0,0.0,,,,280.0,478.0,29.4,80.6,66.9,28.22,10.6,2.14,5.88,2.25,7.65,,,,,14.88,74.75,0.28,173.0,0.0,0.0,6.75,975.0,,288.5,376.25,7.02,82.6,49.65,78.85,14.25,2.45,29.98,5.65,15.98,,,,,17.32,73.75,0.57,143.5,0.0,0.0,3.0,993.0,,268.0,456.0,23.18,117.08,80.92,92.25,11.82,3.2,27.02,11.75,7.32,,,,,14.02,70.25,1.45,223.0,0.0,0.0,10.0,965.75,,234.0,339.25,9.2,54.1,36.25,55.8,6.57,1.45,6.2,2.6,19.68,,,,,17.1,64.0,2.02,147.0,0.0,0.0,5.0,986.0,,373.0,619.0,6.52,73.7,44.5,59.0,9.5,1.92,8.12,5.03,61.92,,,,,15.42,75.0,0.65,64.5,0.0,0.0,7.0,976.5,,256.0,343.0,16.5,59.52,45.05,52.02,37.2,2.01,4.08,0.4,4.0,,,,,15.3,83.75,0.88,106.25,0.0,0.0,8.0,987.0,,116.65,167.22,13.88,47.88,36.69,40.85,26.81,2.5,24.5,0.99,7.7,1.95,,2.74,0.96,30.14,29.65,,,0.0,0.0,,996.5,,,,,,,,,,,,,,,,,,,,,,0.0,,,
2024-12-23 19:00:00,157.76,260.36,22.21,94.78,68.45,,,2.43,22.38,,,,,,,,,,,,0,,,,73.32,243.3,17.61,38.49,34.79,48.1,5.82,1.73,49.3,1.96,2.86,1.97,,1.31,1.77,,77.35,0.74,176.65,,0,17.88,,-0.12,265.25,391.5,,,,,38.97,1.93,21.34,0.12,,,,0.03,0.17,14.51,84.39,1.22,92.42,0.0,0.0,,,,347.0,591.0,32.92,69.28,63.45,28.75,11.48,2.19,5.45,2.65,10.3,,,,,14.72,79.0,0.35,163.75,0.0,0.0,7.0,975.0,,314.25,405.0,8.57,72.3,45.45,80.4,13.38,2.44,15.22,6.32,20.3,,,,,16.82,80.5,0.42,180.5,0.0,0.0,3.0,993.0,,291.0,454.0,43.1,121.75,99.6,75.88,10.42,3.67,53.08,12.88,7.62,,,,,13.62,74.75,1.42,255.25,0.0,0.0,10.0,966.0,,255.25,374.5,10.72,54.6,37.72,57.92,7.62,2.1,4.38,2.95,20.52,,,,,17.0,66.0,1.9,220.0,0.0,0.0,5.0,986.0,,383.0,609.0,10.48,70.72,46.12,56.88,9.52,2.16,4.92,4.32,67.38,,,,,14.92,79.75,0.75,73.0,0.0,0.0,7.0,977.25,,250.0,316.0,32.25,64.8,60.7,54.28,36.65,2.23,4.15,0.4,3.85,,,,,15.92,83.25,1.27,133.5,0.0,0.0,8.0,987.25,,118.95,161.05,21.5,44.2,41.1,45.4,27.19,2.87,24.64,1.0,7.69,1.94,,2.71,0.97,30.14,29.54,,,0.0,0.0,,996.5,,,,,,,,,,,,,,,,,,,,,,0.0,,,
2024-12-23 20:00:00,191.81,254.31,35.71,80.56,71.85,,,2.64,17.66,,,,,,,,,,,,0,,,,76.82,237.62,17.82,37.33,34.34,46.4,5.65,1.16,49.17,1.97,2.81,1.82,,1.21,1.73,,88.14,0.82,126.36,,0,17.9,,-0.12,256.5,353.56,,,,,39.11,2.07,21.04,0.26,,,,0.09,0.21,13.96,87.53,1.33,3.75,0.0,0.0,,,,314.0,517.0,31.68,59.48,57.52,29.95,11.4,2.35,6.55,1.98,7.92,,,,,14.05,86.25,0.3,181.75,0.0,0.0,6.75,975.0,,271.5,352.0,8.82,68.1,43.4,79.3,12.48,2.51,13.0,5.48,19.02,,,,,16.25,83.0,0.42,168.0,0.0,0.0,3.25,993.25,,339.0,484.0,51.98,110.65,101.05,72.43,9.37,3.78,50.58,13.68,9.02,,,,,13.12,78.5,1.15,239.75,0.0,0.0,10.0,966.0,,274.5,384.5,14.98,56.2,42.1,56.9,7.98,1.88,3.75,3.42,22.38,,,,,16.65,68.25,1.78,202.75,0.0,0.0,5.0,986.0,,414.0,619.0,14.35,56.3,41.6,43.38,8.5,2.26,4.62,4.18,72.78,,,,,14.25,83.75,0.85,73.0,0.0,0.0,7.0,980.5,,231.5,309.25,38.92,49.15,57.8,54.58,38.17,2.3,3.75,0.4,3.72,,,,,15.82,83.25,0.88,99.5,0.0,0.0,8.0,987.0,,124.32,147.72,34.74,38.26,48.63,53.19,26.93,2.46,14.91,1.03,7.66,1.96,,2.72,0.96,30.14,29.58,,,0.0,0.0,,996.5,,,,,,,,,,,,,,,,,,,,,,0.0,,,
2024-12-23 21:00:00,201.69,275.12,61.22,78.69,91.65,,,2.78,17.62,,,,,,,,,,,,0,,,,54.4,240.2,18.54,40.95,36.86,45.86,5.22,3.13,49.08,1.98,2.84,1.95,,1.26,1.74,,92.08,0.27,144.7,,0,17.4,,-0.12,250.0,364.12,,,,,40.21,3.2,21.18,0.35,,,,0.03,0.13,13.22,90.24,0.25,3.75,0.0,0.0,,,,317.0,501.0,37.33,62.4,63.48,33.8,13.05,1.62,5.05,1.8,6.48,,,,,13.78,88.25,0.35,163.25,0.0,0.0,6.75,975.0,,297.0,374.75,13.25,72.57,49.38,81.78,13.07,2.54,9.65,4.85,18.45,,,,,16.18,83.0,0.48,139.75,0.0,0.0,3.5,994.0,,343.0,465.0,60.8,91.15,97.88,77.08,8.93,3.7,47.47,12.42,10.25,,,,,12.82,80.0,1.05,284.5,0.0,0.0,10.0,966.0,,280.25,370.75,18.18,53.5,43.22,54.75,7.5,2.14,3.5,3.58,21.55,,,,,15.8,73.0,0.42,307.75,0.0,0.0,5.0,986.0,,396.0,602.0,13.32,53.35,39.2,38.35,8.18,1.98,3.98,4.0,48.28,,,,,14.1,84.0,0.78,66.0,0.0,0.0,7.0,981.0,,227.5,293.5,50.08,31.72,57.62,51.8,38.55,2.28,3.82,0.4,3.7,,,,,14.95,83.75,0.88,103.25,0.0,0.0,8.0,987.75,,135.5,163.32,39.16,34.58,50.17,54.47,26.66,2.64,15.25,1.06,7.77,1.99,,2.73,0.96,30.14,29.66,,,0.0,0.0,,996.5,,,,,,,,,,,,,,,,,,,,,,0.0,,,
2024-12-23 22:00:00,241.31,328.84,79.62,76.28,105.16,,,3.08,19.8,,,,,,,,,,,,0,,,,53.68,202.1,17.88,37.84,35.36,48.92,4.88,2.48,48.8,2.01,2.92,1.87,,1.3,1.81,,94.81,0.74,283.25,,0,18.58,,-0.12,266.5,396.0,,,,,40.36,3.24,20.94,0.15,,,,0.02,0.08,12.8,92.24,0.89,3.69,0.0,0.0,,,,312.0,489.0,51.45,58.15,72.57,35.55,13.38,1.79,5.72,1.78,6.05,,,,,13.75,88.5,0.32,188.5,0.0,0.0,6.5,975.0,,319.25,389.75,16.98,71.43,51.2,81.15,12.85,2.58,9.35,4.4,15.85,,,,,15.85,83.0,0.42,201.0,0.0,0.0,3.0,993.25,,326.0,444.0,50.18,94.2,89.1,83.82,9.55,3.6,4.6,11.4,8.8,,,,,12.72,81.0,1.6,249.0,0.0,0.0,10.0,966.0,,305.5,373.5,23.28,50.6,45.85,52.95,6.7,2.44,3.52,3.7,20.9,,,,,15.2,79.25,1.08,217.75,0.0,0.0,5.0,986.5,,377.0,534.0,26.42,54.5,50.45,38.55,8.55,2.13,4.35,3.92,50.48,,,,,14.1,83.75,0.68,64.75,0.0,0.0,7.0,981.75,,232.5,297.0,87.65,30.08,87.28,48.75,38.62,2.6,3.9,0.4,3.52,,,,,14.32,83.0,0.88,156.75,0.0,0.0,8.0,988.0,,144.78,212.7,40.53,33.42,50.98,55.26,26.5,2.24,14.93,1.03,7.85,2.06,,2.74,0.97,30.14,29.61,,,0.0,0.0,,996.5,,,,,,,,,,,,,,,,,,,,,,0.0,,,
2024-12-23 23:00:00,252.45,319.5,52.22,66.33,77.72,,,2.72,18.19,,,,,,,,,,,,0,,,,45.3,233.2,15.26,32.3,29.59,48.39,4.79,2.12,49.2,1.96,2.91,1.86,,1.3,1.84,,92.89,0.61,191.19,,0,17.0,,-0.14,277.12,409.0,,,,,40.16,3.1,21.36,0.66,,,,0.04,0.18,12.52,92.64,0.67,3.86,0.0,0.0,,,,303.0,478.0,45.18,51.1,64.0,35.4,13.08,1.44,5.78,1.9,6.8,,,,,13.45,89.25,0.25,165.75,0.0,0.0,6.75,975.0,,325.75,371.25,23.2,60.38,50.98,78.12,12.52,2.7,9.6,4.18,10.05,,,,,15.12,82.0,0.32,188.25,0.0,0.0,3.0,993.0,,348.0,443.0,50.18,93.05,90.35,107.02,9.1,3.42,4.85,11.48,7.85,,,,,12.18,82.75,0.65,234.0,0.0,0.0,9.25,965.5,,335.5,412.5,32.65,51.18,53.75,51.95,22.58,2.09,5.4,3.78,20.23,,,,,15.28,77.0,0.72,161.75,0.0,0.0,5.0,986.0,,415.0,585.0,36.38,51.68,57.05,40.67,9.6,2.28,4.03,4.6,81.4,,,,,13.62,86.0,0.45,22.0,0.0,0.0,7.0,981.25,,231.0,312.0,130.5,33.2,123.78,53.6,40.15,2.99,4.12,0.45,4.0,,,,,14.4,83.0,1.0,125.0,0.0,0.0,8.0,987.5,,150.37,217.07,38.38,35.33,49.95,54.76,26.35,2.12,12.33,1.06,7.7,1.91,,2.69,0.94,30.15,29.65,,,0.0,0.0,,996.5,,,,,,,,,,,,,,,,,,,,,,0.0,,,
2024-12-24 00:00:00,210.09,294.26,85.62,58.6,100.82,,,2.84,20.79,,,,,,,,,,,,0,,,,93.62,236.9,16.6,33.76,31.45,49.02,4.44,1.78,48.94,2.04,2.9,1.89,,1.24,1.85,,94.54,0.58,98.75,,0,18.77,,-0.14,292.75,389.0,,,,,40.3,2.94,22.14,0.22,,,,0.06,0.12,11.92,93.97,0.84,3.58,0.0,0.0,,,,260.0,401.0,84.75,54.62,97.9,33.28,12.5,1.44,6.02,2.12,6.45,,,,,13.55,90.0,0.25,163.0,0.0,0.0,7.0,975.0,,312.0,347.75,27.08,56.52,52.08,75.58,11.95,2.49,9.75,4.42,12.08,,,,,15.12,82.0,0.4,223.75,0.0,0.0,3.0,993.0,,309.0,412.0,75.2,99.3,114.05,101.7,8.52,3.42,9.05,11.4,7.85,,,,,12.18,84.0,0.65,214.25,0.0,0.0,10.0,965.75,,307.5,408.5,37.65,49.58,56.98,49.75,10.47,2.0,7.9,3.65,20.65,,,,,14.92,80.0,0.62,164.0,0.0,0.0,5.0,986.75,,420.0,657.0,46.18,52.3,65.32,56.85,10.9,2.05,4.75,5.7,132.18,,,,,13.42,86.75,0.78,54.0,0.0,0.0,7.0,978.75,,246.5,330.25,117.95,18.42,105.65,47.0,39.0,2.95,3.7,0.4,4.45,,,,,13.42,83.0,0.85,117.5,0.0,0.0,8.0,987.0,,150.4,282.75,42.25,30.94,50.98,55.31,24.73,2.21,11.68,2.59,6.98,5.8,,3.65,2.93,30.14,29.66,,,0.0,0.0,,996.5,,,,,,,,,,,,,,,,,,,,,,0.0,,,
2024-12-24 01:00:00,196.43,279.45,48.79,55.0,68.92,,,2.53,18.91,,,,,,,,,,,,0,,,,69.2,236.68,17.67,37.3,34.2,46.74,4.63,1.31,49.39,2.01,2.96,1.86,,1.31,1.8,,90.96,1.08,132.89,,0,18.1,,-0.14,313.75,409.0,,,,,40.33,2.8,22.54,0.39,,,,0.04,0.24,12.17,94.65,,3.33,0.0,0.0,,,,263.0,436.0,39.4,53.58,60.58,33.65,11.7,0.92,6.0,1.98,6.58,,,,,13.6,88.5,0.52,188.75,0.0,0.0,6.5,975.0,,298.0,340.5,27.82,53.88,51.32,78.55,13.05,2.32,9.6,5.65,20.38,,,,,15.22,82.0,0.57,129.0,0.0,0.0,3.25,993.0,,306.0,410.0,66.22,92.58,102.95,107.78,7.72,3.14,21.1,11.28,7.72,,,,,12.78,80.25,1.62,303.5,0.0,0.0,10.0,966.0,,288.0,377.5,41.88,49.9,60.58,50.3,6.85,1.56,4.1,3.78,21.55,,,,,15.42,75.5,1.48,298.0,0.0,0.0,5.0,986.25,,359.0,526.0,31.72,47.18,50.88,62.68,9.38,1.56,5.1,4.82,73.97,,,,,13.3,87.25,0.72,64.25,0.0,0.0,7.0,978.0,,243.75,326.75,122.2,19.5,109.72,45.88,38.98,3.06,4.3,0.5,4.75,,,,,13.6,83.0,0.92,93.75,0.0,0.0,8.0,987.0,,154.7,238.57,41.06,31.68,50.4,54.82,24.88,2.13,11.5,2.57,6.98,5.8,,3.66,2.94,30.14,29.65,,,0.0,0.0,,996.5,,,,,,,,,,,,,,,,,,,,,,0.0,,,
2024-12-24 02:00:00,200.12,296.65,30.83,53.75,53.68,,,2.35,17.77,,,,,,,,,,,,0,,,,93.32,230.25,16.56,34.14,31.63,49.58,4.82,1.32,48.8,1.92,2.98,1.86,,1.33,1.79,,87.34,1.19,132.89,,0,18.45,,-0.14,295.75,397.0,,,,,40.35,2.65,22.14,0.28,,,,0.09,0.26,12.34,94.13,0.33,3.67,0.0,0.0,,,,260.0,395.0,32.0,45.7,50.5,33.9,,1.36,10.37,1.8,6.22,,,,,13.38,88.75,0.35,186.5,0.0,0.0,6.75,975.0,,297.25,356.5,28.3,59.9,54.8,76.6,13.7,2.28,9.4,6.02,25.38,,,,,15.5,82.0,0.75,93.75,0.0,0.0,3.75,993.0,,311.0,389.0,24.7,78.6,61.8,103.8,,2.73,12.7,9.75,6.38,,,,,12.35,82.0,1.55,292.0,0.0,0.0,10.0,966.0,,312.0,389.5,39.38,49.8,58.5,49.92,6.52,1.62,3.8,3.58,19.92,,,,,15.2,77.0,1.02,333.0,0.0,0.0,5.0,986.5,,349.0,511.0,32.0,44.8,49.9,65.3,9.4,1.41,4.17,3.58,59.92,,,,,13.2,87.75,0.75,66.0,0.0,0.0,7.0,978.0,,244.0,327.0,122.9,18.5,109.8,47.0,39.3,3.07,4.88,0.5,4.97,,,,,13.68,83.0,0.9,82.75,0.0,0.0,8.0,987.25,,153.0,162.0,38.3,35.51,50.23,54.68,24.36,1.98,9.79,2.59,6.94,5.78,,3.67,2.89,30.14,29.64,,,0.0,0.0,,996.5,,,,,,,,,,,,,,,,,,,,,,0.0,,,
2024-12-24 03:00:00,209.56,308.02,17.73,48.27,40.09,,,2.18,16.0,,,,,,,,,,,,0,,,,85.72,244.48,17.89,33.42,32.31,49.06,4.9,1.72,49.0,1.99,2.86,1.89,,1.26,1.78,,85.55,1.2,142.08,,0,17.85,,-0.14,293.25,363.0,,,,,39.8,2.45,22.23,0.16,,,,0.06,0.23,12.44,93.42,0.66,3.58,0.0,0.0,,,,252.0,382.0,29.82,39.85,45.6,31.55,9.7,1.18,5.6,1.48,5.1,,,,,13.32,88.75,0.25,191.75,0.0,0.0,6.5,975.0,,301.0,365.0,23.7,52.48,47.15,81.28,12.53,2.02,9.57,5.25,20.8,,,,,15.65,82.0,0.55,113.75,0.0,0.0,3.25,993.0,,299.0,366.0,32.62,65.38,61.15,69.18,5.85,2.8,13.53,9.45,5.25,,,,,12.32,81.75,1.05,270.75,0.0,0.0,9.75,965.75,,402.25,474.5,37.17,49.12,56.38,49.92,7.2,1.6,3.4,3.8,17.32,,,,,15.2,76.75,1.45,322.0,0.0,0.0,5.0,986.5,,318.0,467.0,33.05,43.12,49.78,51.65,8.62,1.2,4.4,3.35,57.38,,,,,13.58,86.75,0.82,80.25,0.0,0.0,7.0,978.0,,239.0,319.0,97.2,20.98,90.22,38.38,37.42,2.59,3.62,0.5,4.92,,,,,13.9,83.0,0.78,100.0,0.0,0.0,8.0,987.0,,149.82,180.25,36.74,35.72,48.87,53.62,24.63,1.79,11.76,2.6,6.98,5.81,,3.62,2.91,30.14,29.64,,,0.0,0.0,,996.5,,,,,,,,,,,,,,,,,,,,,,0.0,,,
2024-12-24 04:00:00,221.79,266.76,12.24,45.66,34.24,,,2.12,15.48,,,,,,,,,,,,0,,,,101.52,307.82,17.08,35.01,32.51,48.0,4.6,1.82,48.92,2.01,2.87,1.88,,1.31,1.79,,83.3,1.17,141.69,,0,19.02,,-0.14,299.5,384.0,,,,,39.92,2.15,22.56,0.29,,,,0.04,0.35,12.12,93.51,0.83,3.67,0.0,0.0,,,,235.0,350.0,21.05,41.08,39.03,33.62,11.92,0.97,5.38,1.4,4.53,,,,,13.45,87.0,0.25,184.0,0.0,0.0,6.75,975.0,,280.25,338.25,26.62,50.45,48.42,70.3,12.22,1.97,8.7,4.55,11.65,,,,,15.42,82.0,0.6,119.5,0.0,0.0,3.5,993.0,,268.0,326.0,30.7,74.38,64.45,60.2,6.28,2.59,22.7,8.32,4.47,,,,,12.4,79.5,1.1,240.0,0.0,0.0,10.0,966.0,,351.0,437.75,32.55,48.58,52.3,49.65,6.25,1.4,3.05,3.8,15.0,,,,,15.1,74.75,1.48,314.75,0.0,0.0,5.0,986.5,,306.0,459.0,19.18,38.38,35.98,35.58,8.05,1.21,4.05,2.92,75.47,,,,,13.5,86.5,0.88,86.0,0.0,0.0,7.0,980.5,,227.25,288.25,75.6,11.8,67.75,41.35,38.42,2.13,3.65,0.48,4.82,,,,,13.58,83.0,0.85,119.0,0.0,0.0,8.0,987.0,,146.75,205.15,36.67,36.48,49.31,53.94,24.21,2.07,11.08,2.6,6.94,5.68,,3.64,2.93,30.14,29.66,,,0.0,0.0,,996.5,,,,,,,,,,,,,,,,,,,,,,0.0,,,
2024-12-24 05:00:00,185.46,238.34,9.54,43.6,30.95,,,2.01,15.56,,,,,,,,,,,,0,,,,69.68,317.27,17.32,37.8,34.19,46.74,4.7,2.36,48.51,1.98,2.96,1.92,,1.3,1.71,,78.07,1.27,139.76,,0,18.75,,-0.14,280.0,379.0,,,,,40.0,1.86,22.8,0.26,,,,,0.12,11.57,94.36,,3.58,0.0,0.0,,,,197.0,298.0,20.0,45.1,40.33,35.12,13.52,0.74,4.25,1.52,4.42,,,,,13.52,84.0,0.28,184.75,0.0,0.0,6.5,975.0,,267.0,317.0,26.9,53.32,50.22,69.1,11.65,1.95,9.35,3.45,10.62,,,,,15.4,82.0,0.6,116.75,0.0,0.0,3.5,993.0,,233.0,302.0,21.65,66.35,52.9,59.1,7.12,2.42,12.3,7.82,4.1,,,,,12.42,76.75,1.42,227.0,0.0,0.0,10.0,966.0,,266.25,321.5,28.18,48.55,48.78,49.7,6.18,1.28,3.22,3.55,13.15,,,,,15.28,71.5,1.62,304.75,0.0,0.0,5.0,986.75,,282.0,409.0,14.8,38.52,32.55,33.22,7.85,1.3,4.38,2.65,72.47,,,,,13.62,83.5,0.6,75.5,0.0,0.0,7.0,981.75,,225.5,273.75,52.4,11.0,48.45,39.02,37.9,1.73,3.35,0.48,4.38,,,,,13.05,85.25,0.75,87.0,0.0,0.0,8.0,987.5,,145.6,196.12,35.32,38.74,49.48,54.05,24.74,1.89,15.57,2.59,6.98,5.71,,3.64,2.85,30.14,29.67,,,0.0,0.0,,996.5,,,,,,,,,,,,,,,,,,,,,,0.0,,,
2024-12-24 06:00:00,167.23,216.16,12.72,47.08,35.37,,,1.97,15.81,,,,,,,,,,,,0,,,,104.05,272.62,16.08,34.02,31.17,46.06,4.39,1.41,49.1,1.96,2.81,1.9,,1.34,1.8,,76.59,1.04,140.1,,0,19.0,,-0.13,278.25,357.0,,,,,39.99,1.7,22.59,0.17,,,,0.1,0.25,11.57,94.95,1.0,3.5,0.0,0.0,,,,172.0,274.0,24.28,48.25,45.58,35.98,13.3,0.7,5.38,1.42,3.65,,,,,13.48,83.25,0.25,172.5,0.0,0.0,6.5,975.0,,263.5,306.25,27.82,54.8,51.8,70.5,11.48,2.0,9.4,3.55,14.6,,,,,15.45,82.0,0.45,144.5,0.0,0.0,3.0,993.75,,216.0,284.0,25.4,77.9,61.95,62.28,7.52,2.35,9.1,7.3,4.0,,,,,12.32,76.5,1.27,216.75,0.0,0.0,10.0,966.0,,239.0,292.0,23.75,46.72,44.15,49.12,6.43,1.16,3.18,3.38,11.42,,,,,15.32,70.5,2.05,277.75,0.0,0.0,5.0,986.75,,222.0,323.0,4.6,37.67,23.75,32.58,6.9,1.21,7.02,2.6,37.12,,,,,13.8,79.25,0.55,65.0,0.0,0.0,7.0,982.0,,218.5,265.25,40.78,9.7,38.35,37.55,37.62,1.5,4.15,0.4,3.9,,,,,13.1,88.0,0.68,108.75,0.0,0.0,8.0,988.0,,135.15,215.68,35.3,39.66,49.97,54.65,24.71,2.09,15.34,2.58,6.96,5.79,,3.64,2.9,30.14,29.66,,,0.0,0.0,,996.5,,,,,,,,,,,,,,,,,,,,,,0.0,,,
2024-12-24 07:00:00,156.48,245.56,41.48,63.23,67.32,,,2.06,16.76,,,,,,,,,,,,0,,,,74.6,239.7,17.56,35.19,32.99,46.48,4.55,1.64,48.95,2.01,2.95,1.94,,1.41,1.75,,74.91,0.86,154.91,,0,23.13,,-0.11,275.5,328.0,,,,,39.49,1.69,21.96,0.13,,,,0.04,0.18,12.08,94.19,,3.33,0.0,0.0,5.89,,,174.0,262.0,25.82,52.15,48.78,35.67,13.12,0.9,5.48,1.6,4.6,,,,,13.7,81.5,0.32,167.25,0.0,0.0,8.5,975.0,,252.5,294.25,31.38,46.85,50.5,71.05,10.45,1.95,9.28,2.95,13.05,,,,,15.2,82.0,0.75,118.25,0.0,0.0,5.25,994.0,,210.0,294.0,23.52,73.88,58.32,78.2,7.02,2.34,15.65,6.8,3.8,,,,,12.52,75.0,1.32,220.5,0.0,0.0,10.5,966.0,,237.5,294.25,22.58,46.6,43.18,49.18,7.72,1.18,3.62,3.2,10.62,,,,,15.68,67.25,1.75,263.0,0.0,0.0,14.25,986.5,,216.0,306.0,9.0,43.85,30.65,34.6,6.82,1.24,4.82,2.68,25.1,,,,,13.6,81.25,0.98,46.75,0.0,0.0,11.25,981.75,,215.25,254.0,39.48,8.0,36.38,37.62,37.3,1.43,4.68,0.4,3.5,,,,,13.8,85.5,0.75,80.5,0.0,0.0,12.25,988.0,,132.57,320.4,28.16,48.43,48.75,54.18,25.62,2.12,22.63,1.7,7.71,1.86,,0.98,0.46,30.14,29.67,,,0.0,0.0,,996.5,,,,,,,,,,,,,,,,,,,,,,0.0,,,
2024-12-24 08:00:00,181.68,287.83,39.58,106.32,88.76,,,2.12,17.59,,,,,,,,,,,,0,,,,77.5,202.97,14.3,30.27,27.73,46.44,4.1,1.76,48.76,2.03,2.84,1.86,,1.29,1.8,,71.04,0.76,167.7,,0,54.78,,-0.04,278.25,412.0,,,,,40.06,1.84,22.3,0.22,,,,0.04,0.14,12.85,91.45,,3.75,0.0,0.0,18.75,,,189.0,298.0,22.77,50.2,45.3,35.13,12.7,1.11,5.87,1.67,5.67,,,,,13.73,81.67,0.33,171.33,0.0,0.0,22.0,975.0,,225.75,264.75,36.58,45.28,53.88,66.75,10.12,2.07,9.28,3.55,14.1,,,,,15.6,82.0,0.28,235.0,0.0,0.0,11.5,995.0,,230.0,301.0,33.22,89.82,74.85,89.22,9.73,2.69,16.15,7.32,3.9,,,,,12.72,74.75,1.52,223.25,0.0,0.0,25.75,966.0,,221.0,291.25,21.2,47.0,42.22,49.75,8.18,1.37,4.18,2.98,9.95,,,,,15.95,66.0,1.75,285.75,0.0,0.0,48.5,986.5,,228.0,340.0,10.62,61.18,41.15,47.52,7.65,1.32,7.35,2.68,22.8,,,,,14.32,78.0,0.65,60.0,0.0,0.0,31.0,979.25,,206.75,254.75,54.12,14.72,51.85,38.55,36.58,1.48,4.03,0.4,3.18,,,,,14.5,83.0,0.75,114.25,0.0,0.0,29.75,988.0,,143.4,177.95,20.87,59.4,48.7,53.76,24.39,2.22,22.29,1.68,7.68,1.93,,0.93,0.46,30.14,29.61,,,0.0,0.0,,996.5,,,,,,,,,,,,,,,,,,,,,,0.0,,,
2024-12-24 09:00:00,181.62,253.0,22.02,92.87,67.32,,,2.15,19.85,,,,,,,,,,,,0,,,,76.9,222.18,17.86,39.44,35.5,47.18,4.25,1.44,48.5,1.89,2.88,1.92,,1.32,1.85,,63.33,1.01,156.39,,0,105.85,,0.05,264.5,434.0,,,,,39.8,1.88,22.06,0.15,,,,0.04,0.17,14.61,81.96,0.33,3.58,0.0,0.0,59.5,,,179.0,289.0,22.12,56.8,48.3,34.25,11.8,1.39,5.18,1.6,4.4,,,,,14.55,75.25,0.4,180.75,0.0,0.0,54.25,975.0,,212.75,250.0,38.3,42.88,53.95,65.65,10.9,2.28,9.4,4.68,17.18,,,,,16.32,83.0,0.35,176.25,0.0,0.0,19.0,995.5,,235.0,383.0,20.15,85.22,61.85,92.75,10.4,2.65,25.35,7.78,4.12,,,,,13.5,70.25,1.85,217.5,0.0,0.0,50.75,965.75,,238.0,317.75,19.68,48.4,41.75,50.7,9.82,1.36,5.6,2.9,9.9,,,,,17.0,61.0,2.7,242.25,0.0,0.0,102.0,986.5,,234.0,382.0,8.95,59.38,38.88,55.1,8.35,1.43,11.68,2.52,38.48,,,,,15.18,73.0,0.62,66.0,0.0,0.0,42.25,978.0,,206.25,260.5,73.58,58.18,90.78,44.72,37.85,1.88,4.75,0.4,2.9,,,,,15.8,83.25,0.82,119.75,0.0,0.0,84.75,988.75,,132.0,149.62,16.16,64.1,47.26,52.85,25.96,2.51,32.72,1.7,7.73,1.87,,0.98,0.48,30.14,29.76,,,0.0,0.0,,996.5,,,,,,,,,,,,,,,,,,,,,,0.0,,,
2024-12-24 10:00:00,192.84,302.43,15.29,89.36,59.98,,,2.15,22.98,,,,,,,,,,,,0,,,,60.9,211.65,18.14,38.52,35.24,47.75,4.19,1.3,49.3,1.97,2.95,1.85,,1.31,1.78,,58.05,0.92,165.54,,0,149.78,,0.12,268.5,387.0,,,,,39.23,1.7,22.64,0.24,,,,0.08,0.21,16.43,70.66,0.89,12.25,0.0,0.0,85.83,,,195.0,315.0,24.5,63.08,53.5,33.33,12.68,1.56,4.78,1.27,4.6,,,,,15.8,68.5,0.3,177.5,0.0,0.0,88.5,975.0,,228.25,275.0,31.8,55.98,55.6,68.9,10.4,2.36,11.18,5.2,15.45,,,,,17.3,81.5,0.32,210.25,0.0,0.0,50.25,996.0,,221.0,328.0,21.2,89.82,64.82,89.15,13.9,2.63,29.92,8.5,4.3,,,,,14.72,64.0,2.12,219.75,0.0,0.0,104.25,965.25,,229.5,319.0,17.4,47.9,39.6,50.85,11.05,1.14,10.5,3.02,10.1,,,,,18.12,56.0,2.68,198.25,0.0,0.0,155.0,986.0,,230.0,383.0,6.15,56.3,34.95,52.55,8.72,1.44,22.38,2.85,26.92,,,,,16.12,66.5,0.68,68.0,0.0,0.0,114.0,978.0,,201.75,292.0,30.58,98.45,77.2,43.75,45.22,1.82,12.58,0.4,2.9,,,,,17.9,70.25,1.25,155.5,0.0,0.0,155.0,989.0,,128.25,172.48,13.42,65.34,45.77,50.42,26.78,1.88,27.63,1.7,7.86,1.82,,0.98,0.46,30.14,29.98,,,0.0,0.0,,996.5,,,,,,,,,,,,,,,,,,,,,,0.0,,,
2024-12-24 11:00:00,128.3,223.32,5.95,55.16,34.18,,,1.77,37.6,,,,,,,,,,,,0,,,,47.5,194.3,17.12,36.34,33.25,47.13,3.95,1.05,49.06,1.93,2.89,1.89,,1.3,1.83,,53.38,1.08,144.15,,0,150.9,,0.11,265.5,375.0,,,,,39.11,1.6,22.14,0.28,,,,0.07,0.1,17.95,64.29,0.83,215.42,0.0,0.0,116.17,,,191.0,301.0,19.58,58.78,47.15,32.95,12.6,1.13,5.48,1.42,5.52,,,,,16.73,63.0,0.45,183.5,0.0,0.0,112.25,975.0,,243.0,299.0,20.9,71.3,54.9,71.08,10.55,2.41,31.55,5.3,12.78,,,,,18.83,71.25,0.57,199.25,0.0,0.0,86.75,995.75,,200.0,328.0,22.03,84.33,62.97,61.28,20.33,2.6,16.6,8.38,5.9,,,,,16.1,58.75,2.28,219.0,0.0,0.0,154.25,966.0,,203.0,298.25,10.82,50.7,35.75,50.48,13.68,0.97,15.52,2.95,10.88,,,,,19.1,49.75,2.75,201.25,0.0,0.0,171.0,986.0,,221.0,372.0,3.88,48.78,29.1,49.92,10.52,1.21,40.17,2.58,24.32,,,,,17.8,58.0,0.7,55.75,0.0,0.0,181.25,978.0,,222.5,345.5,12.35,87.42,56.5,44.08,47.3,1.56,39.55,0.4,2.75,,,,,19.52,54.0,1.42,195.25,0.0,0.0,198.5,988.75,,112.28,234.62,10.49,62.71,42.03,47.4,27.26,1.53,44.72,1.66,7.65,1.82,,0.96,0.46,30.14,30.07,,,0.0,0.0,,996.5,,,,,,,,,,,,,,,,,,,,,,0.0,,,
2024-12-24 12:00:00,128.67,200.11,6.13,77.91,46.43,,,1.78,40.52,,,,,,,,,,,,0,,,,44.4,191.02,17.09,33.51,31.72,47.74,3.98,1.29,48.62,1.92,2.93,1.93,,1.27,1.75,,41.11,0.86,190.15,,0,142.8,,0.08,211.25,310.0,,,,,38.87,1.46,21.7,0.34,,,,0.08,0.67,19.06,58.44,1.17,194.08,0.0,0.0,136.5,,,151.0,263.0,14.9,50.78,39.17,33.8,12.1,0.77,5.75,1.5,3.82,,,,,17.45,57.25,0.5,186.5,0.0,0.0,118.5,975.0,,240.75,312.25,11.55,72.7,48.0,70.35,10.1,2.09,76.9,3.98,8.55,,,,,20.12,58.5,0.95,154.25,0.0,0.0,104.0,994.5,,194.0,373.0,19.7,85.62,61.6,53.55,25.05,2.28,40.02,7.92,6.65,,,,,16.77,53.5,2.45,225.0,0.0,0.0,145.75,966.0,,167.5,268.75,9.0,49.38,33.55,49.6,22.1,0.84,19.45,2.65,12.42,,,,,19.62,46.75,2.55,174.75,0.0,0.0,154.0,986.0,,194.0,343.0,2.1,46.35,26.38,38.18,9.7,1.21,48.18,2.58,30.08,,,,,18.25,55.75,0.65,65.5,0.0,0.0,146.25,980.75,,199.25,316.5,9.25,49.75,34.0,46.12,49.32,0.98,73.25,0.32,2.5,,,,,20.6,46.0,1.7,204.0,0.0,0.0,237.75,988.0,,105.4,292.4,10.33,58.12,39.32,44.46,29.98,2.07,44.22,0.82,7.76,0.87,,1.69,1.48,30.17,30.22,,,0.0,0.0,,996.5,,,,,,,,,,,,,,,,,,,,,,0.0,,,
2024-12-24 13:00:00,144.51,256.18,4.73,74.5,43.48,,,1.8,50.86,,,,,,,,,,,,0,,,,38.8,194.7,16.3,32.02,30.28,47.9,3.92,0.81,49.39,1.97,2.92,1.9,,1.33,1.81,,36.65,0.68,184.69,,0,132.6,,0.06,147.0,214.0,,,,,38.73,1.27,21.64,0.53,,,,0.05,0.19,19.38,59.15,1.08,357.75,0.0,0.0,108.17,,,123.0,217.0,16.98,50.78,41.02,34.6,12.15,0.77,6.62,1.6,3.18,,,,,17.88,53.75,0.55,178.75,0.0,0.0,111.5,975.0,,207.5,279.0,9.07,81.25,50.6,70.45,10.62,1.94,103.98,2.1,5.48,,,,,20.62,52.75,1.42,179.0,0.0,0.0,87.75,993.75,,156.0,332.0,13.3,84.5,55.82,56.15,26.68,2.31,40.52,7.3,7.02,,,,,16.88,53.75,2.45,244.75,0.0,0.0,125.5,966.0,,142.5,246.25,7.72,47.52,31.52,49.92,23.8,0.65,26.82,2.45,13.85,,,,,19.95,45.25,2.85,209.25,0.0,0.0,160.25,986.0,,177.0,332.0,2.17,44.12,25.28,31.05,9.65,1.0,53.2,2.52,27.65,,,,,18.75,52.75,0.68,69.75,0.0,0.0,142.75,981.5,,144.75,234.5,8.2,49.28,32.88,46.7,53.2,0.97,84.42,0.3,2.18,,,,,20.8,46.25,1.65,187.5,0.0,0.0,190.75,987.0,,115.3,228.4,9.61,55.64,37.49,42.11,32.24,2.03,45.79,0.86,7.68,0.89,,1.75,1.47,30.17,30.3,,,0.0,0.0,,996.5,,,,,,,,,,,,,,,,,,,,,,0.0,,,
2024-12-24 14:00:00,144.29,228.8,3.91,73.44,42.24,,,1.75,69.9,,,,,,,,,,,,0,,,,21.2,157.28,14.7,28.35,27.02,47.94,3.5,0.86,48.84,2.0,2.86,1.89,,1.34,1.81,,37.1,0.7,172.99,,0,91.8,,0.0,152.5,218.0,,,,,38.61,1.05,22.21,0.28,,,,0.04,0.44,19.56,58.9,0.58,357.84,0.0,0.0,93.34,,,137.0,230.0,18.6,55.2,44.77,34.37,12.7,0.74,7.23,1.73,2.97,,,,,18.03,53.33,0.37,205.33,0.0,0.0,73.67,975.0,,184.25,255.75,6.92,81.12,48.8,67.47,11.5,1.88,115.82,0.18,0.72,,,,,20.72,51.0,1.58,192.0,0.0,0.0,66.25,993.0,,183.0,343.0,13.65,84.0,55.7,58.05,21.9,2.24,71.65,7.5,5.95,,,,,16.9,53.25,1.92,240.75,0.0,0.0,85.5,966.0,,114.0,203.75,7.18,46.68,30.67,50.1,15.6,0.62,35.4,2.08,14.4,,,,,20.1,45.25,2.08,191.25,0.0,0.0,107.0,986.0,,157.0,289.0,1.9,46.98,26.5,30.5,12.95,0.94,57.9,3.25,26.52,,,,,18.58,53.0,0.72,76.75,0.0,0.0,103.75,981.25,,140.5,229.25,6.42,50.9,32.33,45.4,52.82,0.89,85.35,0.28,2.05,,,,,20.62,47.0,1.38,167.5,0.0,0.0,147.5,987.0,,103.1,192.98,12.42,51.96,37.74,42.39,30.02,2.16,64.44,0.85,7.68,0.87,,1.72,1.48,30.14,30.16,,,0.0,0.0,,996.5,,,,,,,,,,,,,,,,,,,,,,0.0,,,
2024-12-24 15:00:00,104.24,180.32,3.9,66.46,38.52,,,1.64,62.59,,,,,,,,,,,,0,,,,49.7,141.5,14.83,29.88,27.95,47.32,3.6,0.97,48.93,1.99,2.89,1.88,,1.36,1.83,,39.03,0.56,185.34,,0,63.4,,-0.05,134.75,194.0,,,,,38.56,0.92,22.04,0.12,,,,0.04,0.22,19.4,61.68,,358.0,0.0,0.0,56.33,,,124.0,224.0,16.65,57.65,44.25,35.1,12.8,0.76,6.95,1.9,2.62,,,,,17.88,52.75,0.22,185.0,0.0,0.0,49.5,975.0,,177.75,253.5,7.1,78.5,47.55,65.62,18.4,1.82,105.78,0.0,0.02,,,,,20.68,53.25,0.68,161.0,0.0,0.0,45.0,993.0,,146.0,289.0,13.78,87.42,57.82,68.58,19.4,2.04,45.02,6.52,5.58,,,,,16.9,51.25,1.4,236.75,0.0,0.0,61.25,965.75,,105.0,187.0,4.6,45.32,27.88,50.7,12.25,0.64,44.25,1.4,11.5,,,,,20.0,46.25,1.85,150.75,0.0,0.0,72.75,986.0,,160.0,334.0,1.27,43.65,24.25,31.9,12.1,0.93,59.42,2.35,27.98,,,,,18.27,54.5,0.62,83.25,0.0,0.0,62.5,981.25,,127.5,208.33,6.32,63.92,39.15,43.52,54.45,1.04,71.45,0.18,1.82,,,,,20.5,48.0,0.95,157.25,0.0,0.0,107.25,987.0,,87.7,185.95,14.45,50.04,38.46,43.15,28.7,2.08,63.72,0.84,7.72,0.81,,1.72,1.44,30.16,29.98,,,0.0,0.0,,996.5,,,,,,,,,,,,,,,,,,,,,,0.0,,,
2024-12-24 16:00:00,89.91,156.72,4.96,80.64,46.92,,,1.74,37.63,,,,,,,,,,,,0,,,,29.4,138.6,13.41,29.15,26.41,46.77,3.8,0.91,48.85,1.97,2.97,1.83,,1.28,1.86,,43.13,0.47,130.01,,0,34.7,,-0.09,142.25,209.0,,,,,38.76,0.94,21.92,0.18,,,,0.04,0.18,18.27,67.62,0.33,357.92,0.0,0.0,30.34,,,104.0,202.0,16.88,66.3,49.02,34.2,12.58,1.0,4.65,1.98,2.3,,,,,17.4,55.25,0.1,175.0,0.0,0.0,36.5,975.0,,178.5,254.0,6.45,81.4,48.5,69.78,17.3,2.02,75.1,0.0,0.08,,,,,19.97,62.5,0.38,141.75,0.0,0.0,24.75,993.0,,129.0,284.0,22.05,110.7,76.88,73.8,14.12,2.32,28.45,6.28,7.55,,,,,16.48,53.5,1.5,237.75,0.0,0.0,38.5,965.5,,108.0,182.25,6.18,39.8,26.15,46.98,11.1,0.97,17.85,1.28,11.35,,,,,19.32,50.0,0.55,185.0,0.0,0.0,33.75,986.0,,162.0,320.0,2.42,74.03,41.38,46.75,12.32,1.09,40.4,2.72,70.75,,,,,17.95,56.5,0.4,11.0,0.0,0.0,44.25,978.75,,124.25,195.0,11.82,85.38,55.02,41.72,47.15,1.38,28.5,0.2,1.8,,,,,19.52,57.0,0.75,166.0,0.0,0.0,65.25,987.0,,86.6,185.35,20.77,46.84,41.93,47.18,27.88,2.38,40.32,0.82,7.72,0.87,,1.67,1.39,30.15,29.83,,,0.0,0.0,,996.5,,,,,,,,,,,,,,,,,,,,,,0.0,,,
2024-12-24 17:00:00,106.26,186.26,72.62,122.7,124.18,,,2.35,20.71,,,,,,,,,,,,0,,,,50.2,158.0,14.21,35.73,30.56,47.05,3.26,1.79,51.41,1.93,2.76,1.88,,1.28,1.87,,76.12,0.88,44.64,,0,18.3,,-0.06,153.5,242.0,,,,,38.85,1.08,21.7,0.51,,,,0.06,0.23,16.43,74.98,0.33,358.0,0.0,0.0,2.5,,,133.0,279.0,32.1,83.38,70.32,32.42,11.98,2.7,5.88,1.58,3.9,,,,,16.02,63.25,0.12,173.25,0.0,0.0,11.0,975.0,,199.0,278.75,7.22,71.33,43.15,71.65,15.27,2.06,47.4,3.38,13.78,,,,,18.62,70.75,0.32,250.0,0.0,0.0,5.0,993.0,,156.0,332.0,28.3,118.2,85.9,71.97,11.73,3.0,8.87,8.9,9.68,,,,,15.15,59.75,0.52,303.0,0.0,0.0,11.5,965.25,,126.0,222.5,9.75,40.7,29.58,46.3,11.95,1.38,6.62,1.27,13.68,,,,,17.75,58.0,0.35,11.5,0.0,0.0,8.0,986.0,,196.0,403.0,5.0,79.62,46.45,53.32,10.42,1.4,15.58,3.72,56.32,,,,,16.5,65.25,0.75,13.0,0.0,0.0,10.75,977.25,,140.0,338.0,11.05,85.82,54.62,44.08,40.83,1.58,8.8,0.2,2.02,,,,,17.42,69.25,0.88,81.0,0.0,0.0,14.0,987.0,,84.85,189.72,29.12,41.88,46.02,51.9,27.78,3.46,42.98,0.87,7.72,0.88,,1.68,1.47,30.07,29.75,,,0.0,0.0,,996.5,,,,,,,,,,,,,,,,,,,,,,0.0,,,
2024-12-24 18:00:00,158.32,246.44,60.5,105.01,105.16,,,2.28,16.08,,,,,,,,,,,,0,,,,52.3,152.75,17.72,43.24,37.4,47.36,3.22,2.21,49.87,1.98,2.9,1.85,,1.32,1.77,,75.91,0.82,240.18,,0,17.92,,-0.07,174.5,386.0,,,,,39.16,1.36,21.31,0.15,,,,0.02,0.15,16.1,79.25,1.58,279.5,0.0,0.0,,,,266.0,538.0,74.58,79.53,102.82,32.92,14.55,4.26,5.7,1.75,6.12,,,,,15.45,70.25,0.18,195.5,0.0,0.0,6.25,975.0,,188.0,273.5,7.72,67.37,41.85,66.58,14.18,2.1,29.35,3.9,14.02,,,,,18.05,75.5,0.32,240.0,0.0,0.0,3.0,993.75,,194.0,478.0,170.77,155.53,222.1,73.2,13.63,5.2,29.68,10.28,9.4,,,,,14.7,64.5,0.4,319.75,0.0,0.0,10.0,965.75,,169.25,301.25,13.1,44.18,34.15,45.78,10.03,2.7,4.78,1.42,19.52,,,,,16.92,65.5,0.45,65.0,0.0,0.0,5.0,986.0,,213.0,462.0,4.97,71.75,42.2,51.9,10.12,1.41,13.18,4.1,106.1,,,,,16.12,71.25,0.82,94.5,0.0,0.0,8.0,977.0,,136.0,259.25,13.82,71.18,49.12,45.5,37.33,1.66,5.48,0.22,2.12,,,,,16.68,78.5,1.02,68.5,0.0,0.0,8.0,988.0,,88.22,257.28,35.62,36.22,48.28,54.9,27.04,2.41,25.35,1.08,7.71,1.95,,2.64,0.96,30.12,29.54,,,0.0,0.0,,996.5,,,,,,,,,,,,,,,,,,,,,,0.0,,,
2024-12-24 19:00:00,95.85,166.55,15.59,61.96,45.65,,,2.0,11.28,,,,,,,,,,,,0,,,,27.7,173.7,19.12,44.51,39.22,47.18,3.33,2.77,49.65,2.02,2.93,1.91,,1.32,1.78,,74.11,0.89,61.86,,0,18.05,,-0.08,197.75,327.0,,,,,39.07,1.53,21.22,0.23,,,,0.04,0.32,14.89,88.18,1.46,93.12,0.0,0.0,,,,332.0,608.0,99.58,87.18,127.05,32.15,17.9,3.88,5.8,2.82,11.82,,,,,15.55,71.75,0.25,174.25,0.0,0.0,7.0,975.0,,201.0,267.5,7.72,64.32,40.47,69.55,13.25,2.08,27.62,4.03,13.75,,,,,17.7,80.25,0.62,153.25,0.0,0.0,3.0,994.25,,194.0,478.0,114.6,143.52,170.35,63.7,13.5,4.94,70.15,13.42,12.3,,,,,13.75,79.5,1.2,266.0,0.0,0.0,10.0,966.0,,224.5,366.75,28.6,46.45,47.95,47.18,7.9,3.63,4.45,2.17,28.1,,,,,16.45,77.25,1.23,272.0,0.75,0.75,5.0,986.0,,197.0,378.0,21.85,83.5,62.18,51.28,10.7,1.79,6.55,4.05,159.38,,,,,15.62,76.25,0.78,58.25,0.0,0.0,8.0,977.0,,143.5,245.75,22.25,81.15,61.28,51.05,37.65,1.93,10.15,0.3,2.5,,,,,16.55,84.5,1.8,82.0,0.0,0.0,8.25,988.0,,95.3,161.47,35.2,36.66,48.52,55.78,26.98,2.02,25.27,1.06,7.61,1.94,,2.72,0.96,30.14,29.49,,,0.0,0.0,,996.5,,,,,,,,,,,,,,,,,,,,,,0.0,,,
2024-12-24 20:00:00,65.66,116.62,24.36,77.69,61.08,,,2.12,9.63,,,,,,,,,,,,0,,,,40.1,174.02,14.62,34.41,30.19,45.9,3.62,2.0,49.44,1.96,2.83,1.89,,1.24,1.75,,89.81,0.74,237.43,,0,19.05,,-0.08,182.5,233.0,,,,,38.97,1.46,21.21,0.24,,,,0.05,0.18,14.25,92.62,1.17,12.83,0.0,0.0,,,,258.0,461.0,77.08,93.62,112.2,31.33,17.43,3.02,7.35,4.55,14.45,,,,,15.28,77.25,0.28,171.5,0.0,0.0,6.75,975.0,,180.0,237.0,7.15,64.53,40.15,66.1,12.9,2.03,22.3,3.05,10.82,,,,,16.98,83.0,0.5,133.5,0.0,0.0,3.25,995.0,,271.0,393.0,118.52,124.72,162.88,61.12,10.5,5.06,79.15,16.45,13.95,,,,,13.3,85.75,0.6,304.25,0.0,0.0,10.0,965.75,,232.25,326.5,39.48,48.92,58.15,47.35,6.08,2.6,3.32,3.22,36.72,,,,,16.12,82.0,0.8,234.25,0.0,0.0,5.0,986.0,,255.0,414.0,10.9,72.12,47.22,40.25,9.25,2.12,5.88,3.82,154.32,,,,,15.65,75.0,0.82,28.5,0.0,0.0,8.0,980.25,,155.25,220.75,8.7,52.88,35.15,44.3,36.58,1.56,19.95,0.3,2.28,,,,,16.32,83.75,1.1,154.75,0.0,0.0,8.0,988.25,,103.2,126.5,35.39,36.7,48.19,56.48,26.97,2.72,15.49,1.09,7.59,1.94,,2.62,0.96,30.08,29.48,,,0.0,0.0,,996.5,,,,,,,,,,,,,,,,,,,,,,0.0,,,
2024-12-24 21:00:00,86.53,118.36,44.88,70.18,73.84,,,2.55,10.3,,,,,,,,,,,,0,,,,26.6,175.78,18.79,40.38,36.76,48.22,3.73,2.35,48.51,2.02,2.91,1.93,,1.23,1.8,,94.79,0.52,212.54,,0,18.68,,-0.09,129.0,166.0,,,,,38.61,1.35,20.96,0.19,,,,0.03,0.14,13.73,95.82,1.11,146.0,0.0,0.0,,,,264.0,477.0,110.55,91.98,138.85,33.3,20.7,3.52,7.6,5.85,17.98,,,,,15.2,78.25,0.22,179.25,0.0,0.0,6.5,975.0,,172.0,209.75,8.78,66.8,42.7,67.7,11.27,2.0,19.05,1.88,7.0,,,,,16.23,83.0,0.38,230.25,0.0,0.0,3.0,995.0,,260.0,354.0,172.65,128.6,208.95,63.88,11.4,5.58,78.12,15.28,13.98,,,,,13.25,86.5,0.48,319.0,0.0,0.0,10.0,966.0,,204.75,248.25,42.75,50.52,61.62,45.78,6.45,2.82,3.7,3.68,40.28,,,,,16.05,84.5,0.85,147.25,0.25,0.25,5.0,986.0,,306.0,473.0,29.08,58.82,54.92,35.55,9.5,2.36,5.12,5.15,186.8,,,,,14.75,81.25,0.73,38.5,0.0,0.0,8.0,981.5,,132.5,165.25,9.4,67.78,43.68,44.98,36.9,1.48,8.1,0.2,2.0,,,,,15.92,83.0,1.1,130.5,0.0,0.0,8.0,988.5,,105.42,187.88,41.06,29.08,48.9,59.7,27.88,3.19,15.33,1.07,7.66,2.05,,2.67,1.01,30.14,29.52,,,0.0,0.0,,996.5,,,,,,,,,,,,,,,,,,,,,,0.0,,,
2024-12-24 22:00:00,111.5,175.78,70.02,59.96,88.77,,,3.2,15.33,,,,,,,,,,,,0,,,,32.3,172.6,20.24,41.77,38.67,48.18,3.76,2.34,48.56,1.97,2.86,1.92,,1.28,1.76,,94.9,0.68,89.1,,0,17.38,,-0.11,128.5,158.0,,,,,38.66,1.39,20.69,0.27,,,,0.03,0.14,13.16,96.9,,159.25,0.0,0.0,,,,345.0,620.0,140.8,87.1,160.8,33.55,22.85,4.07,7.9,7.8,22.62,,,,,14.82,80.75,0.25,174.75,0.0,0.0,6.75,975.0,,182.0,204.0,10.75,59.25,40.3,65.95,10.52,2.02,12.6,0.45,1.78,,,,,15.45,82.25,0.52,207.5,0.0,0.0,3.0,996.0,,334.0,454.0,196.5,113.02,219.68,71.58,13.45,,67.7,15.65,14.28,,,,,12.85,88.0,0.55,276.75,0.0,0.0,10.25,966.0,,238.75,274.75,45.08,51.12,63.82,46.85,6.65,2.62,3.95,4.38,42.32,,,,,15.95,83.5,0.9,253.67,0.0,0.0,5.0,986.0,,288.0,448.0,29.32,51.92,51.45,34.4,9.07,1.95,3.92,3.95,148.05,,,,,13.9,86.5,0.88,50.0,0.0,0.0,8.0,981.25,,118.0,142.5,11.25,35.95,28.22,40.6,36.2,1.43,3.75,0.2,1.78,,,,,14.78,83.0,0.95,91.25,0.0,0.0,8.0,989.0,,107.9,275.18,45.96,21.39,48.78,62.17,28.01,2.4,14.94,1.04,7.68,1.92,,2.7,0.98,30.11,29.53,,,0.0,0.0,,996.5,,,,,,,,,,,,,,,,,,,,,,0.0,,,
2024-12-24 23:00:00,167.83,240.46,119.27,54.83,126.05,,,3.76,18.74,,,,,,,,,,,,0,,,,42.6,171.9,18.79,38.84,35.94,48.94,4.2,2.73,50.03,1.94,2.88,1.86,,1.26,1.78,,94.92,0.6,159.9,,0,17.15,,-0.11,139.5,155.0,,,,,38.73,1.48,20.61,0.7,,,,0.02,0.18,12.63,97.64,0.67,159.08,0.0,0.0,,,,399.0,681.0,137.05,83.15,155.78,34.9,24.08,2.3,8.07,7.82,22.58,,,,,14.32,83.25,0.25,180.5,0.0,0.0,6.5,975.0,,162.0,188.25,14.0,57.72,42.05,61.35,9.85,2.06,11.65,0.0,0.1,,,,,15.18,82.0,0.7,172.75,0.0,0.0,3.0,996.0,,378.0,516.0,188.85,106.02,209.38,86.0,12.92,5.2,22.88,15.05,13.98,,,,,12.48,88.5,0.62,308.25,0.0,0.0,9.5,965.5,,258.0,299.25,44.4,50.38,62.9,47.18,5.6,2.21,3.5,4.68,41.35,,,,,15.38,85.25,0.45,9.25,0.0,0.0,5.0,986.0,,262.0,384.0,18.32,52.08,42.6,35.3,8.43,1.55,4.22,3.72,104.6,,,,,13.62,86.5,0.5,54.75,0.0,0.0,8.0,982.0,,109.25,126.5,18.4,30.9,31.38,38.75,36.52,1.47,3.55,0.22,1.65,,,,,14.12,83.0,0.82,109.75,0.0,0.0,8.0,989.0,,123.57,325.5,46.59,17.94,47.64,60.48,27.4,2.68,11.93,1.07,7.48,1.95,,2.57,0.97,30.08,29.55,,,0.0,0.0,,996.5,,,,,,,,,,,,,,,,,,,,,,0.0,,,
2024-12-25 00:00:00,181.09,311.31,176.79,50.13,170.38,,,4.22,18.34,,,,,,,,,,,,0,,,,62.4,159.98,19.92,33.42,33.98,50.04,4.19,2.07,48.81,2.0,2.86,1.87,,1.28,1.82,,94.93,0.57,89.76,,0,17.65,,-0.12,156.5,200.0,,,,,39.4,1.66,21.69,0.22,,,,0.03,0.13,12.36,98.16,0.5,158.92,0.0,0.0,,,,305.0,500.0,112.32,67.55,127.12,35.1,22.43,1.48,6.28,7.32,17.08,,,,,13.88,86.25,0.25,177.5,0.0,0.0,6.5,975.0,,168.0,186.75,17.27,47.92,39.52,60.55,10.42,1.55,10.38,0.02,0.22,,,,,14.65,81.75,0.42,196.5,0.0,0.0,3.0,996.0,,360.0,488.0,151.6,84.95,168.88,92.9,11.85,4.56,19.05,14.42,14.1,,,,,12.05,89.5,0.38,311.0,0.0,0.0,10.25,965.75,,212.75,242.75,44.4,45.85,60.5,45.28,5.43,1.98,3.88,4.68,39.7,,,,,14.95,86.75,0.3,9.0,0.0,0.0,5.0,986.0,,291.0,418.0,33.5,54.02,55.98,46.3,10.67,1.42,4.22,3.02,81.65,,,,,13.2,88.75,0.3,54.0,0.0,0.0,8.0,979.5,,98.75,121.25,43.9,25.48,49.25,39.25,36.62,1.84,3.15,0.22,2.05,,,,,13.62,86.25,0.75,100.0,0.0,0.0,8.0,989.0,,148.05,233.52,46.74,17.57,47.44,60.2,25.56,2.19,12.18,2.6,6.98,5.79,,3.7,2.95,30.14,29.54,,,0.0,0.0,,996.5,,,,,,,,,,,,,,,,,,,,,,0.0,,,
2024-12-25 01:00:00,179.86,299.32,134.17,37.06,128.87,,,3.82,16.3,,,,,,,,,,,,0,,,,45.38,149.78,19.63,34.36,34.24,49.87,4.45,2.51,48.62,1.91,2.88,1.97,,1.27,1.76,,94.94,0.36,185.42,,0,17.32,,-0.12,188.75,232.0,,,,,40.0,1.91,22.24,0.36,,,,0.24,0.12,12.18,98.5,0.33,159.0,0.0,0.0,,,,262.0,434.0,73.1,63.65,93.42,34.83,18.48,0.8,7.9,5.62,11.5,,,,,13.8,86.75,0.28,199.75,0.0,0.0,6.0,975.0,,149.25,165.5,20.35,37.6,37.17,56.08,10.5,1.36,10.9,2.42,7.88,,,,,14.18,82.5,0.3,218.25,0.0,0.0,3.0,995.75,,310.0,417.0,85.62,96.5,120.62,100.5,8.7,3.2,30.9,12.98,14.1,,,,,12.1,89.25,0.7,319.5,0.0,0.0,9.5,965.5,,193.0,225.0,43.45,43.45,58.45,44.75,4.03,1.62,5.2,4.6,37.58,,,,,14.8,88.75,0.3,9.0,0.0,0.0,5.0,986.0,,306.0,449.0,43.55,48.0,60.92,57.65,10.75,1.37,3.9,3.02,66.15,,,,,13.02,90.0,0.8,54.25,0.0,0.0,8.0,978.5,,111.0,140.5,87.52,22.15,82.92,38.6,37.52,2.28,3.9,0.3,2.8,,,,,13.5,88.0,0.75,63.5,0.0,0.0,8.0,989.0,,153.2,207.9,48.63,15.72,47.3,60.7,25.42,1.89,11.31,2.57,6.98,5.8,,3.67,2.86,30.08,29.56,,,0.0,0.0,,996.5,,,,,,,,,,,,,,,,,,,,,,0.0,,,
2024-12-25 02:00:00,161.9,275.54,121.59,35.21,117.6,,,3.34,16.62,,,,,,,,,,,,0,,,,29.2,137.8,20.29,38.53,37.0,49.65,4.65,2.92,48.1,1.95,2.89,1.89,,1.28,1.76,,94.95,0.38,141.4,,0,17.38,,-0.12,229.0,284.0,,,,,40.73,2.17,22.6,0.25,,,,0.04,0.29,11.98,98.68,0.33,159.0,0.0,0.0,,,,224.0,354.0,48.5,48.2,65.0,34.8,,0.64,11.67,4.35,7.42,,,,,13.45,88.25,0.2,165.25,0.0,0.0,7.0,975.0,,127.25,147.5,19.1,42.8,38.3,54.3,10.4,1.32,9.95,2.98,9.62,,,,,14.15,86.0,0.32,226.25,0.0,0.0,3.0,996.0,,267.0,338.0,104.2,82.8,128.0,101.4,,3.44,35.62,11.88,12.5,,,,,11.8,89.75,0.3,271.5,0.0,0.0,10.0,965.5,,190.75,228.25,39.9,44.55,56.15,44.75,3.55,1.41,4.88,4.05,34.6,,,,,14.62,90.0,0.3,9.0,0.0,0.0,5.0,986.25,,315.0,466.0,29.3,47.3,49.0,61.7,10.2,1.25,4.23,2.82,51.1,,,,,13.12,90.0,0.72,56.0,0.0,0.0,8.0,978.0,,132.5,173.25,115.5,13.1,100.9,40.0,37.7,2.58,4.62,0.35,4.22,,,,,13.15,88.0,0.78,83.0,0.0,0.0,8.25,989.0,,151.72,194.9,49.98,15.64,48.22,61.69,25.32,2.12,11.57,2.58,7.04,5.8,,3.66,2.9,30.0,29.56,,,0.0,0.0,,996.5,,,,,,,,,,,,,,,,,,,,,,0.0,,,
2024-12-25 03:00:00,155.97,283.64,114.06,29.12,108.22,,,3.22,17.02,,,,,,,,,,,,0,,,,29.32,135.88,20.72,37.59,36.84,48.86,4.6,1.74,49.18,2.02,2.91,1.87,,1.32,1.74,,94.94,0.61,80.94,,0,17.77,,-0.13,237.75,305.0,,,,,40.66,2.39,21.94,0.23,,,,0.02,0.12,11.48,98.74,0.33,159.0,0.0,0.0,,,,219.0,350.0,74.42,50.42,87.4,33.45,10.5,1.04,6.15,5.1,8.9,,,,,13.38,89.0,0.25,189.5,0.0,0.0,6.0,975.0,,140.0,167.25,29.28,36.55,43.22,61.3,12.97,1.28,9.28,2.98,10.02,,,,,13.88,86.0,0.4,194.0,0.0,0.0,3.0,995.0,,263.0,351.0,77.68,78.82,104.9,70.48,3.72,3.16,67.85,11.52,12.48,,,,,11.75,91.0,0.7,304.75,0.0,0.0,10.0,966.0,,193.0,229.25,39.17,43.95,55.22,45.3,3.75,1.34,5.25,3.82,32.48,,,,,14.35,90.0,0.32,18.5,0.0,0.0,5.0,986.25,,377.0,521.0,19.08,41.85,37.72,47.75,9.4,1.01,4.4,2.6,35.42,,,,,12.8,90.75,0.85,53.0,0.0,0.0,8.0,978.0,,171.0,224.75,112.58,16.73,100.42,35.65,38.6,2.61,3.8,0.43,6.82,,,,,13.1,88.0,0.75,124.25,0.0,0.0,8.25,989.0,,144.15,287.32,48.64,16.96,48.03,61.37,25.67,1.81,11.07,2.56,7.06,5.86,,3.72,2.9,30.07,29.52,,,0.0,0.0,,996.5,,,,,,,,,,,,,,,,,,,,,,0.0,,,
2024-12-25 04:00:00,153.02,257.55,127.91,31.22,120.62,,,2.92,16.24,,,,,,,,,,,,0,,,,44.32,128.2,13.86,19.5,21.54,48.82,4.52,1.41,49.38,1.98,2.92,1.81,,1.36,1.83,,94.93,0.4,138.85,,0,17.23,,-0.13,244.25,316.0,,,,,40.56,2.5,21.09,0.25,,,,0.07,0.19,11.22,98.84,,159.0,0.0,0.0,,,,399.0,606.0,90.52,65.25,108.42,35.12,13.78,0.99,6.42,4.03,8.02,,,,,13.1,89.5,0.22,161.25,0.0,0.0,7.0,975.0,,125.75,140.5,30.85,35.15,43.82,50.75,13.28,1.27,8.6,2.7,9.2,,,,,13.12,86.0,0.3,261.75,0.0,0.0,3.0,995.0,,257.0,351.0,60.58,80.07,91.8,60.45,4.53,2.94,50.28,10.5,12.02,,,,,11.6,91.0,0.6,306.25,0.0,0.0,10.25,966.0,,195.75,232.0,37.62,44.48,54.25,45.15,3.32,1.25,6.0,3.92,29.68,,,,,14.38,90.0,0.38,274.75,0.0,0.0,5.0,986.0,,316.0,475.0,21.65,32.3,34.83,36.38,8.88,1.01,4.38,2.45,28.0,,,,,12.28,91.75,0.78,53.0,0.0,0.0,8.0,980.75,,184.25,237.5,99.38,10.4,86.32,34.83,39.22,2.44,4.03,0.5,8.93,,,,,12.8,88.0,0.78,99.0,0.0,0.0,8.0,988.5,,138.68,522.95,47.36,18.05,47.58,60.66,26.01,1.98,12.43,2.62,6.94,5.8,,3.78,2.82,30.14,29.52,,,0.0,0.0,,996.5,,,,,,,,,,,,,,,,,,,,,,0.0,,,
2024-12-25 05:00:00,130.26,228.13,79.51,23.76,77.3,,,2.52,14.32,,,,,,,,,,,,0,,,,45.9,132.48,9.21,20.86,18.55,45.68,4.24,0.0,49.36,1.98,2.84,1.84,,1.33,1.76,,94.81,0.43,115.34,,0,17.42,,-0.09,239.5,319.0,,,,,40.5,2.53,20.78,0.23,,,,0.12,0.13,11.02,98.96,,159.08,0.0,0.0,,,,234.0,366.0,91.12,71.92,112.3,36.52,15.92,0.84,6.5,3.68,7.25,,,,,12.75,91.0,0.22,157.25,0.0,0.0,7.0,975.0,,119.0,129.0,31.45,38.7,46.18,49.65,13.08,1.27,9.02,2.08,6.3,,,,,13.35,86.0,0.32,234.75,0.0,0.0,3.0,995.0,,239.0,320.0,67.12,79.53,96.65,57.48,4.5,2.68,33.48,10.05,11.02,,,,,11.32,90.75,0.32,314.0,0.0,0.0,10.5,966.0,,204.25,240.5,35.05,44.42,52.12,45.22,2.98,1.17,6.22,3.62,25.32,,,,,13.98,90.0,0.3,270.25,0.0,0.0,5.0,986.25,,259.0,374.0,31.08,30.62,41.52,31.0,8.7,1.23,3.97,2.25,26.92,,,,,12.05,93.0,0.42,53.0,0.0,0.0,8.0,981.75,,193.25,241.5,92.15,10.72,80.62,33.33,39.15,2.28,3.72,0.5,10.42,,,,,12.5,88.0,0.85,81.25,0.0,0.0,8.0,988.75,,149.93,175.78,44.25,22.19,47.72,60.27,26.61,1.79,15.71,2.6,7.04,5.87,,3.71,2.89,30.14,29.49,,,0.0,0.0,,996.5,,,,,,,,,,,,,,,,,,,,,,0.0,,,
2024-12-25 06:00:00,124.07,208.76,103.13,26.9,98.1,,,2.45,14.52,,,,,,,,,,,,0,,,,56.0,127.93,14.56,31.46,28.57,47.01,4.12,0.95,48.44,1.99,2.96,1.93,,1.25,1.8,,94.6,0.49,138.5,,0,17.75,,-0.08,240.0,304.0,,,,,40.76,2.51,20.65,0.13,,,,0.05,0.24,10.85,99.01,,159.0,0.0,0.0,,,,198.0,320.0,90.52,75.62,113.7,36.83,16.38,1.12,6.1,4.53,13.6,,,,,12.7,91.75,0.22,174.75,0.0,0.0,6.25,975.0,,102.0,114.0,28.7,45.1,47.35,50.58,12.6,1.29,9.0,0.35,1.23,,,,,13.38,86.0,0.35,276.0,0.0,0.0,3.0,995.0,,195.0,262.0,119.92,72.35,136.02,62.1,5.18,2.88,51.78,8.95,9.98,,,,,11.28,92.0,0.35,266.5,0.0,0.0,11.25,966.75,,201.0,244.25,31.65,42.35,48.22,45.35,2.83,1.2,6.18,3.12,21.85,,,,,13.78,90.0,0.32,270.5,0.0,0.0,5.0,986.5,,290.0,444.0,59.6,27.72,63.22,30.45,10.2,1.42,4.45,2.5,46.55,,,,,11.88,93.25,0.48,53.0,0.0,0.0,8.0,982.0,,196.75,239.25,79.55,12.75,71.42,32.85,39.08,2.04,3.88,0.5,10.4,,,,,12.3,88.0,0.82,81.75,0.0,0.0,8.0,989.0,,146.48,203.48,41.39,25.92,47.42,59.87,26.46,2.2,15.51,2.59,6.99,5.75,,3.69,2.87,30.14,29.47,,,0.0,0.0,,996.5,,,,,,,,,,,,,,,,,,,,,,0.0,,,
2024-12-25 07:00:00,121.54,231.09,115.79,24.16,106.97,,,2.58,15.89,,,,,,,,,,,,0,,,,55.9,132.62,16.07,33.48,30.86,48.76,3.97,1.79,48.13,1.93,2.95,1.94,,1.27,1.79,,94.46,0.82,88.55,,0,23.0,,-0.06,236.0,292.0,,,,,40.73,2.47,20.5,0.14,,,,0.05,0.16,10.83,99.1,0.5,159.08,0.0,0.0,6.0,,,228.0,392.0,126.45,70.47,140.32,36.02,16.67,1.64,6.08,6.38,20.62,,,,,12.9,91.0,0.22,197.75,0.0,0.0,9.0,975.0,,102.0,114.0,29.02,43.12,46.58,53.25,11.65,1.35,9.0,0.0,0.02,,,,,13.1,86.0,0.32,248.0,0.0,0.0,5.25,996.0,,245.0,333.0,109.25,74.5,128.32,83.4,4.8,3.16,11.02,10.45,9.52,,,,,11.18,92.0,0.42,293.5,0.0,0.0,11.0,966.25,,195.5,237.5,32.9,41.72,48.95,45.05,4.03,1.45,6.2,3.0,19.58,,,,,14.02,90.0,0.57,293.75,0.0,0.0,15.25,986.25,,320.0,456.0,84.72,32.17,86.0,35.12,10.88,1.58,4.28,3.5,65.25,,,,,11.4,93.75,0.68,51.0,0.0,0.0,12.5,982.0,,185.75,220.75,61.68,16.9,59.15,33.05,38.58,1.73,3.78,0.5,10.15,,,,,12.32,88.0,0.82,73.0,0.0,0.0,14.0,989.0,,140.95,248.35,37.28,30.88,46.78,59.22,27.02,2.36,22.92,1.72,7.56,1.9,,0.98,0.47,30.14,29.5,,,0.0,0.0,,996.5,,,,,,,,,,,,,,,,,,,,,,0.0,,,
2024-12-25 08:00:00,143.62,251.53,127.36,30.58,119.82,,,2.74,17.68,,,,,,,,,,,,0,,,,39.9,141.57,15.62,33.82,30.69,47.46,9.26,2.26,49.47,2.0,2.84,1.82,,1.26,1.73,,94.76,0.76,74.68,,0,63.32,,0.01,236.75,307.0,,,,,40.85,2.45,21.51,0.34,,,,0.04,0.29,11.57,99.14,0.66,159.08,0.0,0.0,25.08,,,317.0,532.0,140.35,70.78,151.88,36.2,14.6,2.31,6.05,5.82,11.55,,,,,13.28,90.5,0.28,199.5,0.0,0.0,29.25,975.0,,102.0,103.0,31.05,41.0,47.02,51.42,12.0,1.36,9.32,0.0,0.0,,,,,13.35,86.0,0.38,271.5,0.0,0.0,21.25,996.25,,315.0,400.0,100.85,106.88,138.6,92.65,4.6,3.27,14.3,10.32,10.05,,,,,11.65,91.5,0.45,318.25,0.0,0.0,35.5,966.25,,213.25,256.75,36.0,42.15,51.7,45.68,5.1,1.58,5.98,2.9,18.4,,,,,14.95,88.25,0.57,309.25,0.0,0.0,63.5,986.25,,282.0,371.0,128.6,39.65,125.65,45.48,11.92,2.05,4.68,3.72,49.9,,,,,12.02,93.75,0.85,50.25,0.0,0.0,46.75,979.25,,167.75,215.75,55.5,21.4,56.5,35.12,38.02,1.64,4.65,0.43,9.45,,,,,13.15,88.0,0.8,127.25,0.0,0.0,60.0,989.0,,141.18,280.1,32.99,35.72,46.04,58.32,26.85,2.31,22.3,1.68,7.68,1.83,,0.96,0.46,30.14,29.7,,,0.0,0.0,,996.5,,,,,,,,,,,,,,,,,,,,,,0.0,,,
2024-12-25 09:00:00,226.57,318.52,94.96,53.83,105.9,,,2.79,14.91,,,,,,,,,,,,0,,,,76.05,161.62,16.63,36.89,33.14,46.8,9.29,1.84,49.56,2.01,2.9,1.9,,1.29,1.78,,90.62,0.76,67.13,,0,127.72,,0.12,249.5,319.0,,,,,40.9,2.36,22.41,0.2,,,,0.03,0.2,12.9,98.85,0.56,159.0,0.0,0.0,48.33,,,330.0,532.0,108.32,84.0,132.8,33.2,13.9,2.13,5.92,4.42,14.15,,,,,14.3,83.75,0.4,208.0,0.0,0.0,54.5,975.0,,104.25,109.75,31.42,39.02,46.28,51.28,12.4,1.56,10.07,2.2,5.3,,,,,14.28,86.0,0.5,215.5,0.0,0.0,46.25,997.0,,299.0,406.0,57.82,142.98,122.9,98.2,4.65,2.99,42.42,9.48,9.22,,,,,13.28,80.5,1.08,295.25,0.0,0.0,90.25,965.75,,206.25,273.25,38.3,42.55,53.78,44.72,6.93,1.54,5.8,2.85,18.4,,,,,16.77,76.75,0.85,294.5,0.0,0.0,143.25,986.0,,373.0,523.0,91.22,64.12,108.28,55.95,12.42,2.08,4.95,3.92,60.53,,,,,13.78,89.5,0.72,66.0,0.0,0.0,107.5,979.0,,161.5,204.75,52.35,44.92,66.5,40.52,37.58,1.72,6.68,0.4,8.5,,,,,15.88,83.75,1.1,85.75,0.0,0.0,156.75,989.0,,150.48,318.68,27.77,42.41,45.18,57.94,27.06,2.28,33.29,1.74,7.63,1.82,,0.98,0.46,30.14,29.92,,,0.0,0.0,,996.5,,,,,,,,,,,,,,,,,,,,,,0.0,,,
2024-12-25 10:00:00,204.1,305.3,54.92,133.37,115.63,,,2.35,10.23,,,,,,,,,,,,0,,,,80.5,172.95,16.24,34.59,31.6,48.32,9.33,0.02,43.79,1.96,2.89,1.94,,1.28,1.73,,63.09,1.01,97.78,,0,183.9,,0.21,251.0,343.0,,,,,40.8,2.16,22.75,0.22,,,,0.02,0.11,14.47,91.02,1.75,144.75,0.0,0.0,70.25,,,290.0,460.0,58.15,84.32,91.85,31.62,13.3,1.42,6.4,3.05,12.85,,,,,15.55,72.25,0.48,194.25,0.0,0.0,74.5,975.0,,111.75,121.0,24.62,44.85,43.85,53.85,12.22,1.53,15.18,3.18,8.75,,,,,15.73,84.75,0.35,219.75,0.0,0.0,76.75,998.0,,280.0,370.0,36.42,118.02,92.45,103.8,7.0,2.8,39.88,8.9,8.38,,,,,15.35,66.0,1.25,297.75,0.0,0.0,129.25,965.5,,211.5,276.75,36.58,47.4,54.92,43.5,8.82,1.37,6.22,2.7,20.23,,,,,18.62,60.5,1.6,320.0,0.0,0.0,223.0,986.0,,387.0,553.0,60.32,75.25,89.05,54.65,13.12,2.21,6.75,3.08,62.95,,,,,16.35,75.75,0.72,82.75,0.0,0.0,180.25,978.0,,173.75,224.25,24.92,88.1,67.1,43.98,38.15,1.62,19.12,0.4,6.98,,,,,17.77,84.75,1.55,85.0,0.0,0.0,253.25,989.5,,151.8,254.02,28.13,40.97,44.68,56.91,26.38,1.91,32.35,1.68,7.61,1.79,,0.98,0.45,30.14,30.09,,,0.0,0.0,,996.5,,,,,,,,,,,,,,,,,,,,,,0.0,,,
2024-12-25 11:00:00,145.13,247.52,16.62,56.07,43.35,,,1.89,9.22,,,,,,,,,,,,0,,,,46.45,193.82,16.46,36.38,32.74,47.14,9.23,1.23,49.22,2.03,2.87,1.97,,1.28,1.8,,52.44,1.16,101.88,,0,214.9,,0.25,243.75,329.0,,,,,39.92,1.9,21.96,0.35,,,,0.07,0.12,17.52,73.42,2.5,141.75,0.0,0.0,95.67,,,217.0,354.0,39.12,80.65,74.62,30.98,12.38,1.05,6.05,2.68,19.4,,,,,16.82,65.0,0.62,214.25,0.0,0.0,89.25,975.0,,132.0,156.25,17.25,50.95,41.08,55.4,11.45,1.55,33.6,3.12,5.48,,,,,18.15,80.0,0.4,255.0,0.0,0.0,90.5,997.75,,227.0,307.0,18.77,82.72,59.38,74.12,10.82,2.24,83.08,8.25,8.02,,,,,16.23,59.5,2.4,306.5,0.0,0.0,196.25,965.75,,234.25,294.0,32.28,48.48,52.05,45.08,12.22,1.21,6.1,2.8,22.28,,,,,19.7,54.5,2.1,316.0,0.0,0.0,280.5,986.0,,301.0,505.0,12.32,48.15,35.65,52.25,14.38,0.68,20.27,2.28,53.05,,,,,18.45,63.5,0.7,71.75,0.0,0.0,241.5,977.75,,216.25,268.0,16.0,97.08,64.65,44.92,39.55,1.8,50.52,0.4,5.7,,,,,19.33,79.25,1.92,83.25,0.0,0.0,264.5,989.0,,136.93,222.13,27.61,40.55,44.14,56.05,26.33,1.52,45.25,1.68,7.77,1.77,,0.98,0.47,30.14,30.36,,,0.0,0.0,,996.5,,,,,,,,,,,,,,,,,,,,,,0.0,,,
2024-12-25 12:00:00,110.75,244.89,10.13,49.83,34.75,,,1.77,39.2,,,,,,,,,,,,0,,,,74.27,200.55,12.74,28.92,25.74,46.94,9.61,0.88,49.22,1.96,2.98,1.84,,1.3,1.76,,46.54,1.29,98.39,,0,217.18,,0.27,236.75,317.0,,,,,39.35,1.66,21.41,0.14,,,,0.04,0.11,19.44,64.6,2.34,127.58,0.0,0.0,116.25,,,189.0,320.0,29.15,84.78,68.8,31.28,12.22,0.88,6.38,2.62,14.92,,,,,17.9,57.0,0.62,223.0,0.0,0.0,100.25,975.0,,172.5,200.0,11.5,54.62,38.42,61.2,11.88,1.53,66.03,2.98,5.5,,,,,20.32,67.5,0.52,268.5,0.0,0.0,110.0,996.5,,156.0,256.0,14.55,78.75,53.72,66.75,16.42,2.05,91.65,6.38,9.12,,,,,17.3,55.5,2.02,305.75,0.0,0.0,223.75,966.0,,192.25,276.25,25.18,50.1,47.15,45.15,15.7,0.8,6.3,2.9,24.8,,,,,20.48,50.25,2.42,311.75,0.0,0.0,308.25,986.0,,168.0,248.0,5.68,49.8,31.1,51.08,19.55,0.44,31.62,1.5,20.3,,,,,19.38,58.25,0.7,64.0,0.0,0.0,244.25,977.0,,271.0,358.75,9.1,69.15,44.18,45.1,42.78,1.48,98.28,0.4,5.2,,,,,20.95,54.0,2.05,104.75,0.0,0.0,201.25,988.75,,116.0,261.27,25.07,44.08,43.95,54.64,24.29,2.18,45.68,0.86,7.63,0.86,,1.67,1.48,30.1,30.42,,,0.0,0.0,,996.5,,,,,,,,,,,,,,,,,,,,,,0.0,,,
2024-12-25 13:00:00,116.38,247.7,6.6,52.51,33.3,,,1.67,55.68,,,,,,,,,,,,0,,,,37.95,185.4,12.27,28.49,25.13,46.56,8.96,1.3,48.67,2.05,2.93,1.92,,1.4,1.78,,42.86,1.33,103.34,,0,184.15,,0.22,187.25,236.0,,,,,38.85,1.43,21.39,0.17,,,,0.06,0.26,20.66,60.18,2.75,132.67,0.0,0.0,192.67,,,156.0,283.0,23.95,83.15,63.6,33.45,13.72,0.66,6.85,2.92,6.65,,,,,18.6,53.5,0.7,202.75,0.0,0.0,169.75,975.0,,177.25,199.0,8.05,54.68,36.1,63.35,11.98,1.4,101.05,1.72,3.65,,,,,21.18,60.25,0.55,251.75,0.0,0.0,91.25,995.75,,135.0,246.0,10.7,64.95,43.28,69.65,29.25,1.86,111.22,5.05,9.22,,,,,17.58,53.75,2.7,304.25,0.0,0.0,190.75,965.75,,138.5,213.5,19.73,49.28,42.25,45.92,30.68,0.67,7.58,2.68,24.1,,,,,20.92,48.0,2.5,304.75,0.0,0.0,290.75,986.0,,143.0,218.0,3.18,52.58,30.55,65.97,19.0,0.46,42.78,0.85,10.32,,,,,19.8,56.0,0.7,66.0,0.0,0.0,243.25,973.0,,210.0,301.75,5.98,41.85,27.1,45.42,48.68,1.01,120.48,0.4,4.58,,,,,21.22,49.0,2.22,95.5,0.0,0.0,197.5,988.0,,110.85,290.82,22.66,46.47,43.04,53.38,25.7,2.16,46.46,0.88,7.65,0.88,,1.7,1.48,30.17,30.11,,,0.0,0.0,,996.5,,,,,,,,,,,,,,,,,,,,,,0.0,,,
2024-12-25 14:00:00,96.8,229.37,4.14,36.68,22.88,,,1.51,69.78,,,,,,,,,,,,0,,,,56.3,152.9,12.56,31.07,26.74,46.82,8.75,1.91,48.93,1.9,2.93,1.9,,1.28,1.76,,43.88,1.45,110.72,,0,103.28,,0.09,156.25,218.0,,,,,38.66,1.17,21.48,0.08,,,,0.08,0.2,20.86,61.44,2.33,130.5,0.0,0.0,131.5,,,113.0,218.0,23.12,78.3,60.6,35.28,13.2,0.6,6.8,3.32,4.12,,,,,19.23,51.25,0.62,235.25,0.0,0.0,91.0,975.0,,163.0,193.5,6.12,53.28,33.3,65.47,12.05,1.2,124.58,0.0,0.1,,,,,21.1,56.75,0.78,141.25,0.0,0.0,76.75,995.0,,110.0,184.0,11.0,61.0,41.48,70.1,26.87,1.84,97.7,4.35,6.92,,,,,17.6,54.0,2.62,309.25,0.0,0.0,166.0,965.75,,125.75,191.75,15.82,49.05,38.92,47.92,32.65,0.74,11.32,2.42,21.18,,,,,20.88,48.5,2.45,300.25,0.0,0.0,220.25,986.0,,121.0,191.0,4.9,63.08,37.52,91.72,18.58,0.73,46.85,2.0,8.1,,,,,19.9,55.5,0.7,69.75,0.0,0.0,192.25,965.25,,148.25,226.0,6.65,37.2,25.18,47.05,51.5,0.9,126.45,0.32,4.1,,,,,21.02,49.5,2.42,90.5,0.0,0.0,200.75,988.0,,106.78,224.6,22.54,45.91,42.8,52.13,25.87,2.13,65.54,0.86,7.8,0.87,,1.75,1.5,30.15,30.06,,,0.0,0.0,,996.5,,,,,,,,,,,,,,,,,,,,,,0.0,,,
2024-12-25 15:00:00,90.38,217.78,3.15,31.83,19.49,,,1.49,69.47,,,,,,,,,,,,0,,,,33.57,153.28,12.38,32.29,27.24,46.48,8.7,0.81,49.53,2.0,2.96,1.86,,1.29,1.79,,46.24,1.34,108.98,,0,71.42,,0.06,170.0,237.0,,,,,38.42,1.02,21.48,0.24,,,,0.06,0.17,20.56,61.66,2.25,146.92,0.0,0.0,79.41,,,104.0,207.0,22.08,80.68,60.8,36.17,13.48,0.56,6.85,3.0,4.9,,,,,18.58,54.0,0.6,217.75,0.0,0.0,64.75,975.0,,133.75,157.75,5.5,49.42,30.78,65.65,14.6,1.04,123.22,0.0,0.0,,,,,21.15,55.5,0.48,231.5,0.0,0.0,52.25,995.0,,111.0,180.0,10.05,67.85,44.35,88.8,24.65,1.85,51.78,3.7,5.8,,,,,17.25,56.0,2.4,309.0,0.0,0.0,93.5,965.5,,146.0,215.0,13.88,49.2,37.45,49.12,22.25,0.78,14.8,2.18,20.7,,,,,20.48,50.25,2.22,288.25,0.0,0.0,134.75,986.0,,108.0,205.0,5.32,65.05,38.95,106.75,17.9,0.79,50.98,2.68,6.6,,,,,19.77,55.33,0.73,65.67,0.0,0.0,131.0,959.33,,133.75,198.75,5.75,32.62,22.0,47.65,48.02,0.9,124.28,0.3,3.68,,,,,21.1,49.75,1.85,90.5,0.0,0.0,146.5,988.0,,103.02,222.92,23.8,45.98,43.83,52.76,23.08,2.1,64.89,0.86,7.77,0.82,,1.65,1.48,30.16,29.8,,,0.0,0.0,,996.5,,,,,,,,,,,,,,,,,,,,,,0.0,,,
2024-12-25 16:00:00,85.95,161.15,3.48,30.15,18.87,,,1.48,59.4,,,,,,,,,,,,0,,,,66.72,149.0,12.7,35.24,29.07,45.88,8.7,0.72,49.59,1.96,2.94,1.88,,1.3,1.73,,50.0,1.14,101.26,,0,39.83,,0.0,146.25,202.0,,,,,38.59,0.9,22.46,0.61,,,,0.06,0.1,19.63,64.92,1.33,163.33,0.0,0.0,36.67,,,118.0,232.0,22.88,80.58,61.4,36.28,13.25,0.76,5.85,3.45,5.92,,,,,17.98,57.25,0.45,208.0,0.0,0.0,37.75,975.0,,112.0,136.25,5.65,50.1,31.22,65.22,14.95,0.98,101.28,0.0,0.0,,,,,20.55,60.75,0.35,247.5,0.0,0.0,29.75,995.0,,116.0,193.0,10.15,74.25,47.72,97.9,16.02,1.92,59.68,3.45,5.6,,,,,16.5,59.25,1.8,308.75,0.0,0.0,38.25,965.0,,145.75,224.0,11.58,47.25,34.52,48.65,17.58,0.92,12.18,1.95,20.08,,,,,19.77,53.5,1.58,286.0,0.0,0.0,54.75,986.0,,121.0,224.0,6.22,73.08,43.92,113.98,17.25,0.87,39.62,3.22,7.05,,,,,,,,,,0.0,,,,118.75,187.5,4.45,32.7,21.0,47.68,47.72,0.94,101.9,0.2,3.25,,,,,19.97,55.0,1.58,69.25,0.0,0.0,72.75,988.0,,103.82,212.75,26.72,42.68,44.48,52.43,19.83,2.26,41.15,0.83,7.78,0.89,,1.7,1.46,30.15,29.59,,,0.0,0.0,,996.5,,,,,,,,,,,,,,,,,,,,,,0.0,,,
2024-12-25 17:00:00,87.3,156.29,3.79,37.29,22.92,,,1.58,36.43,,,,,,,,,,,,0,,,,69.5,150.43,13.2,35.71,29.73,46.17,8.39,1.02,49.68,2.01,2.92,1.94,,1.38,1.82,,58.37,0.92,105.91,,0,18.25,,-0.02,147.5,222.0,,,,,38.8,0.9,21.76,0.41,,,,0.04,0.4,17.9,70.08,0.67,159.08,0.0,0.0,5.78,,,157.0,269.0,22.82,77.05,59.48,32.6,11.02,1.36,6.7,2.7,4.47,,,,,17.1,60.75,0.3,195.25,0.0,0.0,12.5,975.0,,107.0,130.75,6.58,45.72,29.65,67.75,13.2,1.14,85.58,0.62,1.05,,,,,18.92,68.75,0.35,163.5,0.0,0.0,8.75,995.0,,127.0,211.0,20.02,114.78,77.55,94.5,9.68,2.36,59.22,4.03,5.82,,,,,15.45,64.75,1.2,316.25,0.0,0.0,12.5,965.75,,151.5,235.0,12.85,45.02,34.4,45.92,13.45,1.23,6.9,2.05,19.75,,,,,18.55,58.75,1.25,276.75,0.0,0.0,10.25,986.0,,135.0,237.0,8.22,85.02,51.95,118.0,15.45,0.72,18.65,3.97,2.55,,,,,,,,,,0.0,,,,112.5,176.75,5.55,35.92,23.6,49.0,38.35,0.96,46.32,0.2,2.95,,,,,17.62,71.25,0.78,91.75,0.0,0.0,21.5,988.0,,96.68,200.48,26.87,42.7,44.67,52.22,20.49,2.46,43.59,0.88,7.67,0.86,,1.67,1.39,30.14,29.53,,,0.0,0.0,,996.5,,,,,,,,,,,,,,,,,,,,,,0.0,,,
2024-12-25 18:00:00,82.7,147.84,9.03,72.6,45.94,,,1.87,18.42,,,,,,,,,,,,0,,,,71.6,159.65,15.16,40.12,33.67,46.74,8.6,1.39,52.36,2.01,2.94,1.85,,1.29,1.78,,72.2,0.77,142.7,,0,16.7,,-0.02,153.75,239.0,,,,,38.73,1.12,21.85,0.24,,,,0.06,0.09,15.25,83.13,,159.0,0.0,0.0,,,,230.0,411.0,40.02,82.48,76.45,31.52,12.58,2.28,6.75,2.15,5.45,,,,,15.9,67.25,0.18,174.5,0.0,0.0,6.25,975.0,,129.0,145.75,6.7,47.05,30.48,65.7,12.73,1.19,48.58,1.52,2.58,,,,,17.32,75.5,0.32,234.0,0.0,0.0,3.0,995.5,,144.0,266.0,76.18,131.0,131.32,87.1,9.52,3.26,48.12,4.85,6.6,,,,,14.22,71.0,0.65,318.5,0.0,0.0,10.25,966.0,,175.75,277.5,15.3,43.35,35.5,43.12,8.77,1.54,3.95,2.1,20.92,,,,,17.48,64.5,0.75,275.25,0.0,0.0,5.0,986.0,,172.0,245.0,14.72,103.3,66.92,120.18,12.7,0.81,5.58,1.75,1.12,,,,,,,,,,0.0,,,,111.25,157.5,7.6,33.43,23.98,46.85,35.6,1.02,9.82,0.2,2.72,,,,,15.62,84.25,0.82,56.0,0.0,0.0,8.0,989.0,,95.7,240.72,28.18,40.34,44.46,52.89,21.87,2.95,25.78,1.12,7.77,1.94,,2.63,0.99,30.14,29.55,,,0.0,0.0,,996.5,,,,,,,,,,,,,,,,,,,,,,0.0,,,
2024-12-25 19:00:00,116.36,195.52,121.5,95.57,149.43,,,2.83,20.86,,,,,,,,,,,,0,,,,58.75,179.42,17.86,45.36,38.64,46.98,8.36,1.42,48.69,1.95,2.84,1.91,,1.32,1.72,,76.56,0.36,126.26,,0,17.35,,-0.03,179.5,266.0,,,,,39.35,1.58,21.6,0.17,,,,0.04,0.12,14.03,88.63,0.33,159.08,0.0,0.0,,,,273.0,528.0,83.92,79.2,110.1,32.2,15.6,3.44,7.55,2.8,9.02,,,,,15.15,74.0,0.18,177.5,0.0,0.0,6.5,975.0,,136.0,170.5,6.4,50.82,32.25,61.32,12.48,1.2,42.25,1.75,2.9,,,,,16.75,77.75,0.3,251.75,0.0,0.0,3.0,996.0,,183.0,335.0,86.08,126.05,136.9,74.0,12.85,3.6,62.8,6.32,8.85,,,,,13.72,73.5,0.92,316.0,0.0,0.0,10.0,966.0,,190.0,306.0,24.7,43.45,43.25,43.9,7.55,3.31,3.65,2.8,29.05,,,,,16.05,72.5,0.35,,0.0,0.0,5.0,986.0,,200.0,335.0,12.73,99.97,63.53,123.9,14.1,0.83,6.63,0.33,0.9,,,,,,,,,,0.0,,,,113.25,155.0,8.4,35.08,25.5,44.2,35.98,1.2,4.38,0.2,2.42,,,,,14.9,83.75,0.7,59.0,0.0,0.0,8.0,989.0,,104.25,238.05,25.51,44.22,44.31,51.98,23.14,3.76,25.48,1.09,7.76,2.02,,2.72,0.98,30.14,29.56,,,0.0,0.0,,996.5,,,,,,,,,,,,,,,,,,,,,,0.0,,,
2024-12-25 20:00:00,187.6,353.18,172.72,101.35,194.28,,,3.81,25.8,,,,,,,,,,,,0,,,,42.02,187.82,15.22,38.34,32.77,46.48,8.52,1.68,48.68,1.97,2.85,1.84,,1.29,1.76,,83.61,0.58,199.94,,0,17.8,,-0.02,220.0,333.0,,,,,39.78,2.02,21.28,0.26,,,,0.03,,13.42,91.18,0.33,159.0,0.0,0.0,,,,356.0,597.0,103.32,78.62,125.62,32.98,15.13,2.45,6.98,3.32,11.75,,,,,14.92,75.75,0.3,202.75,0.0,0.0,6.25,975.0,,169.0,195.0,7.08,52.5,33.23,60.15,13.2,1.32,26.82,2.95,3.45,,,,,16.1,82.25,0.32,286.5,0.0,0.0,3.0,996.75,,190.0,315.0,77.6,122.7,128.2,64.2,8.73,3.6,67.53,7.18,10.82,,,,,13.38,74.75,0.57,310.75,0.0,0.0,10.0,966.0,,257.25,393.25,35.3,43.75,52.0,42.4,8.2,3.68,4.07,3.45,40.58,,,,,15.62,75.75,0.48,302.0,0.0,0.0,5.0,986.0,,,,151.7,88.8,175.5,79.87,2.6,0.0,,,,,,,,,,,,,0.0,,,,123.75,176.25,33.78,31.95,44.45,42.0,36.78,1.63,3.68,0.2,2.62,,,,,14.2,83.0,0.82,74.0,0.0,0.0,8.0,989.0,,119.1,247.35,25.09,44.99,44.36,52.28,23.66,2.39,14.86,1.02,7.88,2.06,,2.62,0.98,30.14,29.56,,,0.0,0.0,,996.5,,,,,,,,,,,,,,,,,,,,,,0.0,,,
2024-12-25 21:00:00,198.36,374.29,121.41,81.04,141.97,,,3.66,21.04,,,,,,,,,,,,0,,,,68.62,201.52,20.36,46.74,41.41,48.3,8.64,1.8,48.69,1.96,2.95,1.91,,1.3,1.8,,87.22,0.39,227.29,,0,17.7,,-0.03,243.5,346.0,,,,,39.87,2.31,21.08,0.44,,,,0.04,0.1,13.75,87.92,1.17,121.0,0.0,0.0,,,,283.0,488.0,107.22,87.07,133.33,35.75,19.18,2.46,6.08,4.18,12.45,,,,,14.65,78.25,0.3,198.75,0.0,0.0,6.75,975.0,,191.0,209.25,9.5,52.78,35.8,60.2,12.87,1.43,17.55,2.58,3.18,,,,,15.32,83.0,0.38,255.0,0.0,0.0,3.0,997.25,,208.0,329.0,68.65,119.95,119.28,64.92,7.82,3.5,65.45,7.55,9.8,,,,,12.9,77.75,0.6,318.75,0.0,0.0,10.0,966.0,,272.75,411.75,53.42,46.82,68.35,43.22,8.73,3.36,4.88,4.1,56.12,,,,,15.9,73.0,0.52,297.0,0.0,0.0,5.0,986.0,,,,34.05,93.2,84.35,102.4,8.93,0.0,,3.7,3.65,,,,,,,,,,0.0,,,,163.0,237.0,56.72,26.58,60.28,42.9,38.05,2.19,3.92,0.25,3.28,,,,,13.8,83.0,0.95,82.25,0.0,0.0,8.0,989.75,,127.88,273.7,29.83,39.64,45.43,53.17,23.66,2.69,15.44,1.08,7.56,1.88,,2.66,0.96,30.14,29.55,,,0.0,0.0,,996.5,,,,,,,,,,,,,,,,,,,,,,0.0,,,
2024-12-25 22:00:00,202.4,358.59,164.25,72.13,171.9,,,4.03,17.66,,,,,,,,,,,,0,,,,70.18,207.55,19.06,40.96,37.28,49.16,8.94,0.65,48.31,2.01,2.89,1.88,,1.28,1.76,,91.95,0.49,193.35,,0,17.58,,-0.04,267.25,403.0,,,,,40.18,2.7,20.95,0.21,,,,0.1,0.28,12.5,92.75,1.17,15.84,0.0,0.0,,,,262.0,439.0,96.18,83.75,122.72,35.95,19.52,1.82,6.65,4.9,15.55,,,,,14.38,80.0,0.32,202.25,0.0,0.0,6.5,975.0,,174.0,198.5,12.8,61.18,42.98,60.6,12.55,1.59,9.78,1.65,2.22,,,,,14.95,82.25,0.4,240.5,0.0,0.0,3.0,998.0,,194.0,327.0,82.9,112.55,127.28,64.75,7.78,3.94,54.02,7.68,8.57,,,,,12.6,80.25,0.5,316.25,0.0,0.0,9.75,965.75,,291.5,425.75,65.55,47.28,78.42,43.55,9.0,3.98,5.1,4.38,66.78,,,,,14.88,81.0,0.3,359.0,0.0,0.0,5.0,986.0,,,,172.5,111.77,147.53,112.3,2.6,0.0,,,,,,,,,,,,,0.0,,,,187.0,267.0,74.0,29.28,75.72,43.28,38.75,2.44,3.68,0.3,4.8,,,,,13.65,83.0,0.8,123.5,0.0,0.0,8.0,990.0,,144.28,259.62,33.42,35.15,46.1,53.91,24.84,2.4,15.42,1.08,7.64,2.02,,2.59,0.97,30.14,29.54,,,0.0,0.0,,996.5,,,,,,,,,,,,,,,,,,,,,,0.0,,,
2024-12-25 23:00:00,172.07,337.01,97.04,59.24,110.44,,,3.52,17.14,,,,,,,,,,,,0,,,,56.3,222.4,20.13,41.89,38.65,49.1,9.26,0.41,49.27,2.01,2.87,1.84,,1.28,1.73,,94.56,0.48,242.73,,0,17.43,,-0.06,289.5,386.0,,,,,40.4,2.98,20.8,0.19,,,,0.07,0.18,12.2,93.82,0.5,20.58,0.0,0.0,,,,222.0,356.0,79.18,84.88,109.32,36.05,17.92,1.27,5.88,4.8,11.92,,,,,14.02,82.25,0.28,191.75,0.0,0.0,6.5,975.0,,207.0,230.0,18.2,57.32,45.28,60.78,12.25,1.71,9.1,2.08,2.68,,,,,14.55,82.0,0.43,250.0,0.0,0.0,3.0,998.0,,254.0,387.0,78.82,102.25,118.15,79.3,6.95,3.68,27.55,8.22,7.78,,,,,12.18,83.5,0.38,303.25,0.0,0.0,10.0,966.0,,294.0,407.75,80.47,47.1,90.5,43.15,9.18,4.05,5.35,4.75,73.22,,,,,14.45,83.25,0.35,359.0,0.0,0.0,5.0,986.25,,,,65.55,88.03,106.25,101.9,8.33,0.0,,3.9,7.8,,,,,,,,,,0.0,,,,232.25,317.5,98.62,13.25,87.22,42.1,39.8,2.69,3.65,0.3,6.0,,,,,13.12,83.25,0.82,109.75,0.0,0.0,8.0,990.0,,153.4,248.5,37.08,33.41,48.06,55.17,24.27,2.39,12.5,1.12,7.79,2.01,,2.74,0.98,30.14,29.44,,,0.0,0.0,,996.5,,,,,,,,,,,,,,,,,,,,,,0.0,,,
2024-12-26 00:00:00,168.07,310.9,91.93,53.3,103.07,,,3.08,14.4,,,,,,,,,,,,0,,,,38.88,218.1,19.62,35.1,34.62,49.58,9.41,2.13,48.72,2.1,2.95,1.82,,1.33,1.79,,94.93,0.4,144.82,,0,17.55,,-0.08,281.0,390.0,,,,,40.75,3.01,21.86,0.21,,,,0.05,0.14,11.98,93.64,0.66,38.83,0.0,0.0,,,,217.0,346.0,72.85,80.93,102.22,37.33,16.6,1.2,6.1,3.12,10.48,,,,,13.6,86.0,0.25,145.5,0.0,0.0,7.0,975.0,,201.0,224.0,16.35,58.48,44.4,57.15,12.32,1.29,8.78,2.02,2.48,,,,,14.38,81.0,0.35,246.25,0.0,0.0,3.0,998.0,,254.0,412.0,119.15,96.5,148.28,83.48,7.5,3.94,20.4,9.07,7.5,,,,,11.98,86.0,0.42,301.5,0.0,0.0,10.25,966.0,,280.0,371.0,90.58,48.1,99.25,43.38,8.0,3.4,5.0,5.08,72.7,,,,,14.2,85.0,0.3,358.25,0.0,0.0,5.0,986.25,,,,51.3,76.2,66.77,96.47,4.87,0.0,,0.8,0.2,,,,,,,,,,0.0,,,,213.0,283.5,82.22,13.9,74.25,42.15,38.9,2.51,3.8,0.35,6.28,,,,,12.78,88.0,0.88,71.0,0.0,0.0,8.0,990.0,,160.45,310.92,41.65,28.28,48.94,56.96,23.26,2.18,11.42,2.58,6.98,5.8,,3.69,2.88,30.14,29.5,,,0.0,0.0,,996.5,,,,,,,,,,,,,,,,,,,,,,0.0,,,
2024-12-26 01:00:00,134.9,243.73,77.56,50.75,90.09,,,2.5,13.75,,,,,,,,,,,,0,,,,35.78,216.28,19.21,37.27,35.44,48.82,9.84,2.46,48.7,1.93,2.86,1.87,,1.31,1.76,,94.93,0.48,302.47,,0,17.58,,-0.08,250.5,326.0,,,,,40.8,2.78,22.39,0.14,,,,0.05,0.62,11.88,93.72,1.0,124.92,0.0,0.0,,,,216.0,338.0,79.68,77.65,106.0,36.72,15.18,1.25,4.2,2.82,11.18,,,,,13.35,88.25,0.2,146.5,0.0,0.0,7.0,975.0,,210.0,218.25,15.9,50.72,39.9,61.22,12.25,1.27,9.8,2.35,2.9,,,,,14.12,85.5,0.3,251.25,0.0,0.0,3.0,997.0,,301.0,431.0,148.43,96.15,172.35,97.5,9.18,4.26,3.2,12.85,9.52,,,,,11.95,87.75,0.78,300.5,0.0,0.0,10.0,965.75,,256.0,333.5,93.98,44.92,100.32,41.6,5.42,3.5,4.8,5.28,68.45,,,,,14.22,87.0,0.38,358.0,0.0,0.0,5.0,986.0,,,,143.2,65.03,153.5,71.6,2.6,0.0,,,,,,,,,,,,,0.0,,,,185.5,252.75,27.12,24.25,34.95,40.62,36.78,1.78,3.9,0.35,5.1,,,,,13.0,88.0,0.95,76.5,0.0,0.0,8.0,990.0,,162.8,253.65,39.02,32.62,49.08,56.68,22.68,1.8,11.74,2.59,6.89,5.77,,3.65,2.89,30.14,29.51,,,0.0,0.0,,996.5,,,,,,,,,,,,,,,,,,,,,,0.0,,,
2024-12-26 02:00:00,111.74,245.68,57.78,36.97,66.64,,,2.33,13.55,,,,,,,,,,,,0,,,,46.42,207.58,20.06,40.2,37.7,47.28,9.77,3.24,48.42,1.99,2.93,1.91,,1.29,1.81,,94.95,0.38,164.27,,0,17.58,,-0.09,245.25,312.0,,,,,40.59,2.38,22.54,0.27,,,,0.07,0.24,11.56,95.16,1.0,126.08,0.0,0.0,,,,258.0,409.0,66.5,51.1,81.8,36.3,,1.31,7.2,3.52,9.35,,,,,13.22,89.5,0.2,178.5,0.0,0.0,7.0,975.0,,181.5,196.0,15.5,47.8,38.0,57.9,12.1,1.19,9.18,2.6,3.05,,,,,13.5,86.0,0.35,282.0,0.0,0.0,3.0,997.0,,322.0,447.0,128.7,96.6,156.5,93.3,,3.93,28.92,15.3,10.58,,,,,11.95,87.0,0.48,310.25,0.0,0.0,10.0,965.75,,259.0,332.75,101.0,48.62,108.0,42.4,5.2,3.21,4.55,5.38,64.8,,,,,13.98,88.75,0.3,358.0,0.0,0.0,5.0,986.5,,,,4.8,56.9,37.4,45.0,2.6,0.0,,1.3,3.2,,,,,,,,,,0.0,,,,171.75,239.75,28.5,15.2,31.3,40.0,35.8,1.64,4.4,0.3,3.75,,,,,13.0,88.0,0.75,70.25,0.0,0.0,8.0,989.75,,155.57,220.75,38.14,32.62,48.42,56.22,22.08,1.92,12.88,2.64,6.94,5.83,,3.72,2.93,30.14,29.47,,,0.0,0.0,,996.5,,,,,,,,,,,,,,,,,,,,,,0.0,,,
2024-12-26 03:00:00,117.55,237.26,58.06,29.52,62.91,,,2.31,13.97,,,,,,,,,,,,0,,,,28.52,199.78,19.44,37.53,35.77,49.56,9.87,2.16,48.49,1.92,2.9,1.91,,1.27,1.8,,94.95,0.45,96.76,,0,17.75,,-0.1,233.25,295.0,,,,,40.33,2.05,22.04,0.15,,,,0.08,0.2,11.43,94.8,0.92,135.92,0.0,0.0,,,,239.0,381.0,72.08,68.68,95.07,34.05,9.82,1.28,6.15,3.5,13.55,,,,,13.2,90.0,0.28,198.0,0.0,0.0,6.25,975.0,,153.0,168.0,16.9,38.28,34.1,61.6,10.53,1.13,9.43,2.52,2.78,,,,,13.27,86.0,0.32,252.75,0.0,0.0,3.0,997.0,,251.0,323.0,54.2,73.72,83.12,67.53,4.97,2.72,69.85,13.48,9.28,,,,,11.7,87.75,0.42,314.0,0.0,0.0,10.0,965.5,,259.25,334.75,106.4,48.45,112.25,43.0,4.62,2.38,4.62,5.78,62.58,,,,,14.15,90.0,0.43,320.25,0.0,0.0,5.0,986.5,,,,25.7,72.0,42.83,94.8,8.1,0.0,,3.65,5.95,,,,,,,,,,0.0,,,,158.5,226.5,19.42,33.2,33.42,33.48,35.7,1.42,4.0,0.28,3.02,,,,,12.9,88.0,1.2,76.75,0.0,0.0,8.0,989.0,,146.35,249.28,37.06,33.8,48.24,55.9,22.76,1.52,11.88,2.6,6.99,5.8,,3.58,2.88,30.14,29.47,,,0.0,0.0,,996.5,,,,,,,,,,,,,,,,,,,,,,0.0,,,
2024-12-26 04:00:00,119.45,217.64,59.13,26.03,61.93,,,2.22,13.66,,,,,,,,,,,,0,,,,33.15,192.1,21.71,39.74,38.78,49.42,9.81,2.26,48.26,1.98,2.82,1.84,,1.26,1.8,,94.95,0.62,142.8,,0,18.33,,-0.11,229.75,291.0,,,,,39.83,1.86,21.42,0.74,,,,0.06,0.42,11.41,94.2,1.0,152.42,0.0,0.0,,,,203.0,324.0,67.03,70.9,92.05,35.88,13.68,0.9,5.95,2.78,9.5,,,,,13.1,90.0,0.35,203.0,0.0,0.0,6.5,975.0,,132.0,139.25,22.02,41.35,41.53,46.58,9.93,1.11,8.6,2.33,2.55,,,,,12.5,86.0,0.3,251.5,0.0,0.0,3.0,996.25,,241.0,312.0,65.7,60.75,85.72,58.95,5.2,2.72,37.17,10.08,8.82,,,,,11.38,89.5,0.52,317.0,0.0,0.0,10.25,966.0,,231.5,304.75,103.38,48.5,109.85,43.15,4.3,1.88,4.75,5.52,57.75,,,,,13.98,90.0,0.35,262.0,0.0,0.0,5.0,986.5,,,,86.5,56.6,72.37,89.6,6.13,0.0,,2.3,4.7,,,,,,,,,,0.0,,,,160.25,230.5,53.22,41.0,65.12,37.85,36.92,1.34,4.0,0.25,2.35,,,,,13.55,88.0,1.27,90.75,0.0,0.0,8.0,989.0,,149.45,272.2,33.9,35.12,46.46,53.87,22.83,1.92,11.98,2.6,7.04,5.76,,3.7,2.81,30.14,29.43,,,0.0,0.0,,996.5,,,,,,,,,,,,,,,,,,,,,,0.0,,,
2024-12-26 05:00:00,158.25,207.97,49.57,26.56,54.43,,,2.11,14.32,,,,,,,,,,,,0,,,,37.2,183.9,18.77,32.77,32.69,47.91,10.05,2.22,48.8,2.02,2.88,1.88,,1.36,1.77,,94.95,0.36,172.0,,0,17.1,,-0.1,224.0,285.0,,,,,39.54,1.68,21.14,0.15,,,,0.05,0.16,11.02,95.22,1.33,161.33,0.0,0.0,,,,197.0,307.0,56.38,75.65,86.05,37.58,14.5,0.78,6.8,2.48,7.4,,,,,12.98,90.0,0.35,209.0,0.0,0.0,6.25,975.0,,127.0,132.0,32.65,38.35,47.08,44.05,9.57,1.14,8.57,2.02,2.25,,,,,12.32,86.0,0.35,215.75,0.0,0.0,3.0,997.0,,228.0,307.0,32.48,65.78,61.5,62.7,4.65,2.32,78.68,8.28,7.72,,,,,11.3,90.25,0.68,304.75,0.0,0.0,10.0,966.0,,229.75,299.75,92.05,47.8,100.25,43.38,3.68,1.6,5.15,5.3,51.47,,,,,13.8,90.0,0.3,263.5,0.0,0.0,5.0,986.25,,,,81.13,80.83,109.0,98.4,11.0,0.0,,1.8,0.95,,,,,,,,,,0.0,,,,165.0,236.0,41.98,29.3,49.72,36.08,37.28,1.25,3.78,0.2,2.0,,,,,12.82,88.0,0.92,72.25,0.0,0.0,8.0,989.0,,147.8,280.52,25.46,48.92,46.85,53.57,25.52,1.69,15.56,2.59,6.9,5.83,,3.73,2.9,30.14,29.43,,,0.0,0.0,,996.5,,,,,,,,,,,,,,,,,,,,,,0.0,,,
2024-12-26 06:00:00,143.84,192.87,49.08,23.9,52.61,,,2.06,14.26,,,,,,,,,,,,0,,,,49.55,177.1,19.32,34.72,34.18,48.55,9.82,1.13,48.38,1.98,2.93,1.83,,1.24,1.75,,94.96,0.55,59.6,,0,18.05,,-0.09,216.0,269.0,,,,,39.4,1.52,20.9,0.3,,,,0.06,0.28,10.81,94.98,0.33,182.42,0.0,0.0,,,,207.0,318.0,51.15,73.8,80.68,38.65,13.5,0.98,5.95,2.35,8.43,,,,,12.8,91.0,0.38,217.5,0.0,0.0,6.25,975.0,,,,41.22,38.08,53.85,43.22,10.22,1.18,8.22,0.32,0.43,,,,,12.18,86.0,0.3,261.25,0.0,0.0,3.0,997.75,,218.0,280.0,58.72,69.08,84.48,63.58,4.47,2.43,56.75,7.52,7.15,,,,,11.25,91.0,0.57,317.0,0.0,0.0,10.0,966.0,,229.5,294.5,77.65,45.48,87.32,44.62,3.37,1.37,5.38,5.22,45.05,,,,,13.88,90.0,0.52,272.5,0.0,0.0,5.0,986.25,,,,20.65,59.9,53.2,93.33,6.27,0.0,,1.95,2.7,,,,,,,,,,0.0,,,,157.75,222.75,11.58,29.38,25.05,35.98,36.7,1.14,4.3,0.2,1.7,,,,,13.08,88.0,1.08,78.75,0.0,0.0,8.0,990.0,,147.22,294.8,20.71,54.61,45.9,52.56,25.72,2.19,14.96,2.56,6.97,5.84,,3.67,2.85,30.14,29.42,,,0.0,0.0,,996.5,,,,,,,,,,,,,,,,,,,,,,0.0,,,
2024-12-26 07:00:00,141.89,206.7,68.05,19.88,65.88,,,2.25,16.98,,,,,,,,,,,,0,,,,55.12,175.3,18.69,32.71,32.6,49.4,9.88,1.02,48.62,1.98,2.93,1.91,,1.23,1.76,,94.94,0.56,207.78,,0,27.38,,-0.06,210.75,263.0,,,,,39.54,1.43,20.7,0.09,,,,0.08,0.41,10.28,96.03,0.44,181.08,0.0,0.0,6.44,,,224.0,338.0,51.3,75.0,81.58,38.17,13.7,1.2,5.48,2.22,6.75,,,,,12.82,90.75,0.38,213.5,0.0,0.0,9.75,975.0,,,,40.8,41.53,55.22,42.12,9.85,1.25,8.8,0.0,0.0,,,,,11.88,86.0,0.28,209.0,0.0,0.0,5.75,998.0,,282.0,372.0,62.25,70.12,87.72,82.8,5.18,2.63,24.92,8.0,7.38,,,,,11.12,91.0,0.48,303.5,0.0,0.0,11.5,966.0,,202.0,262.25,66.05,42.02,76.08,44.02,3.65,1.36,5.12,4.82,39.38,,,,,13.92,90.0,0.45,202.5,0.0,0.0,18.25,986.0,,,,55.9,46.3,69.6,54.25,2.6,0.0,,,,,,,,,,,,,0.0,,,,146.75,208.25,15.82,23.05,25.1,35.38,36.52,1.12,4.03,0.2,1.45,,,,,12.65,88.0,0.78,116.25,0.0,0.0,15.5,990.0,,149.15,269.82,19.51,51.66,43.45,49.85,25.2,2.31,22.32,1.68,7.76,1.92,,0.97,0.46,30.14,29.38,,,0.0,0.0,,996.5,,,,,,,,,,,,,,,,,,,,,,0.0,,,
2024-12-26 08:00:00,154.48,253.19,178.39,32.21,162.11,,,2.63,17.08,,,,,,,,,,,,0,,,,67.55,168.92,12.33,22.51,21.85,45.0,9.74,1.36,48.8,1.96,2.85,1.86,,1.31,1.75,,94.9,0.76,96.64,,0,71.53,,0.06,212.25,262.0,,,,,39.64,1.47,21.45,0.31,,,,0.05,0.3,11.3,95.85,0.5,181.58,0.0,0.0,23.42,,,255.0,389.0,60.22,69.47,85.65,38.7,13.7,1.39,5.55,1.98,4.4,,,,,13.02,90.0,0.32,210.5,0.0,0.0,29.75,975.0,,,,54.2,39.65,65.18,40.28,10.22,1.33,8.62,0.0,0.08,,,,,12.35,86.0,0.3,234.0,0.0,0.0,23.25,999.0,,316.0,412.0,72.72,96.88,110.42,96.2,4.03,2.92,28.45,8.43,7.52,,,,,11.65,89.25,0.88,304.0,0.0,0.0,41.5,966.0,,206.25,273.75,60.55,42.42,71.8,44.28,4.62,1.78,5.15,4.2,34.78,,,,,14.88,88.0,0.73,226.5,0.0,0.0,71.0,986.25,,,,210.0,80.27,237.8,55.55,2.95,0.0,,,,,,,,,,,,,0.0,,,,136.5,199.0,31.67,23.95,38.48,34.45,36.22,1.28,4.65,0.2,1.32,,,,,13.15,87.5,0.8,121.5,0.0,0.0,68.25,990.5,,156.32,334.42,20.14,48.05,41.94,48.94,27.5,2.51,22.5,1.69,7.68,1.8,,1.0,0.47,30.14,29.59,,,0.0,0.0,,996.5,,,,,,,,,,,,,,,,,,,,,,0.0,,,
2024-12-26 09:00:00,171.76,278.06,76.65,57.8,93.14,,,2.57,13.73,,,,,,,,,,,,0,,,,63.18,182.3,9.64,18.86,17.83,46.07,9.65,0.49,50.96,1.99,2.9,1.93,,1.35,1.78,,79.53,0.82,91.94,,0,143.5,,0.22,217.25,294.0,,,,,40.02,1.5,22.24,0.15,,,,0.03,0.16,13.52,89.61,0.67,139.25,0.0,0.0,37.58,,,264.0,426.0,70.38,78.62,98.98,34.7,12.18,2.02,5.3,2.02,5.68,,,,,13.85,87.25,0.35,194.5,0.0,0.0,52.0,975.0,,,,42.9,40.78,56.6,47.15,13.53,1.56,10.6,1.33,1.3,,,,,13.7,86.0,0.5,141.75,0.0,0.0,51.0,1000.0,,266.0,364.0,40.28,108.32,90.45,102.4,3.85,2.8,31.68,7.62,6.78,,,,,13.22,78.75,1.02,279.0,0.0,0.0,103.0,966.0,,256.75,341.5,58.35,44.8,71.28,43.15,5.45,2.08,4.92,4.08,32.05,,,,,17.1,74.25,1.02,325.75,0.0,0.0,160.75,986.0,,,,14.1,82.27,50.65,83.6,7.0,0.0,,1.7,3.0,,,,,,,,,,0.0,,,,147.5,211.25,64.92,68.53,89.2,45.02,36.72,1.86,7.3,0.2,1.23,,,,,15.88,83.25,1.08,91.25,0.0,0.0,190.0,991.0,,166.3,328.67,18.53,46.82,40.04,47.94,28.28,2.4,32.48,1.69,7.64,1.87,,0.97,0.43,30.13,29.86,,,0.0,0.0,,996.5,,,,,,,,,,,,,,,,,,,,,,0.0,,,
2024-12-26 10:00:00,221.14,484.66,44.65,138.01,109.76,,,2.38,10.06,,,,,,,,,,,,0,,,,119.48,220.02,15.0,32.14,29.29,48.28,9.6,0.46,48.54,1.95,2.84,1.92,,1.32,1.81,,62.92,1.01,138.68,,0,197.28,,0.31,244.75,364.0,,,,,42.71,1.46,22.83,0.59,,,,0.03,0.22,15.97,79.48,0.78,100.42,0.0,0.0,54.42,,,360.0,567.0,34.05,104.55,83.22,33.0,13.15,1.49,6.02,2.05,7.32,,,,,15.02,80.0,0.4,179.75,0.0,0.0,66.25,975.0,,117.0,132.0,20.65,48.62,42.65,50.15,14.48,1.49,21.22,2.85,3.32,,,,,16.38,84.25,0.35,267.5,0.0,0.0,64.5,,,276.0,361.0,32.55,139.0,100.05,108.05,6.35,3.2,44.95,9.35,6.18,,,,,15.0,69.0,1.48,266.0,0.0,0.0,138.75,965.25,,339.75,449.25,51.15,49.98,68.2,45.12,8.82,2.17,5.25,3.8,29.4,,,,,19.08,58.5,1.92,254.25,0.0,0.0,248.5,986.0,,,,19.55,52.32,34.8,28.83,13.6,0.41,,4.1,17.6,,,,,18.7,61.0,0.6,66.0,0.0,0.0,234.0,959.0,,179.75,261.0,42.18,108.2,91.85,47.42,38.55,1.87,18.88,0.22,1.58,,,,,18.85,72.75,1.25,137.75,0.0,0.0,300.75,991.0,,168.55,422.12,13.42,49.4,37.34,44.34,26.44,2.11,33.11,1.73,7.86,1.89,,0.98,0.45,30.06,30.41,,,0.0,0.0,,996.5,,,,,,,,,,,,,,,,,,,,,,0.0,,,
2024-12-26 11:00:00,191.19,453.23,16.05,86.88,59.22,,,2.14,9.41,,,,,,,,,,,,0,,,,94.62,297.5,15.3,33.74,30.38,47.32,9.31,0.76,48.73,1.96,2.84,1.96,,1.32,1.75,,51.86,0.81,164.87,,0,230.65,,0.34,250.25,345.94,9.99,1.14,3.51,2.45,45.2,1.4,22.1,0.2,,,,0.06,0.15,18.44,67.24,0.51,9.64,0.0,0.0,75.72,,,285.0,440.0,17.45,69.25,51.08,33.83,13.05,0.82,6.4,1.78,5.4,,,,,16.32,70.75,0.57,194.0,0.0,0.0,72.75,975.0,,150.0,195.75,15.55,55.68,42.25,54.32,14.42,1.54,51.45,2.8,7.48,,,,,19.27,73.5,0.4,266.25,0.0,0.0,84.25,1000.0,,331.0,453.0,20.78,109.58,75.1,85.92,11.15,2.79,59.25,9.75,6.22,,,,,16.62,61.0,1.85,271.25,0.0,0.0,210.5,965.5,,372.0,492.0,35.58,53.65,57.48,44.18,10.12,1.2,6.88,3.8,27.22,,,,,20.78,51.0,1.8,261.0,0.0,0.0,324.25,986.0,,273.0,432.0,5.4,64.32,38.62,33.38,19.52,0.94,,6.72,42.85,,,,,19.77,56.75,0.68,74.0,0.0,0.0,250.75,967.0,,201.75,292.5,16.2,85.82,58.8,46.42,40.05,1.58,62.25,0.2,1.75,,,,,22.0,50.25,1.15,170.75,0.0,0.0,295.5,990.25,,162.32,483.98,11.1,49.6,35.52,41.48,23.4,2.05,45.52,1.68,7.64,1.81,,0.95,0.46,30.06,30.61,,,0.0,0.0,,996.5,,,,,,,,,,,,,,,,,,,,,,0.0,,,
2024-12-26 12:00:00,127.92,334.26,7.54,48.28,31.78,,,1.78,47.16,,,,,,,,,,,,0,,,,85.0,265.18,15.95,35.38,31.79,47.72,9.28,1.23,49.57,2.04,2.9,1.93,,1.29,1.77,,40.15,0.98,147.11,,0,216.78,,0.27,207.3,267.7,9.87,3.63,13.14,1.91,43.6,1.36,22.03,0.23,,,,0.03,0.15,20.19,59.33,0.55,50.97,0.0,0.0,105.68,,,209.0,311.0,16.9,65.85,48.95,36.52,11.08,0.54,6.88,1.65,3.98,,,,,17.62,59.5,0.45,223.5,0.0,0.0,76.75,975.0,,206.0,253.0,10.0,48.5,33.98,57.62,14.05,1.36,88.98,2.55,6.5,,,,,21.75,59.75,0.43,263.25,0.0,0.0,104.75,999.25,,252.0,416.0,12.82,74.72,50.12,73.12,17.05,2.13,110.72,8.15,5.85,,,,,18.48,52.0,1.45,227.5,0.0,0.0,253.75,965.75,,237.0,345.75,19.85,55.88,45.88,45.1,18.33,0.75,10.2,3.4,25.7,,,,,21.52,45.0,2.05,210.75,0.0,0.0,325.25,986.0,,224.0,442.0,3.32,59.1,34.15,31.0,20.15,0.63,,4.28,100.65,,,,,20.85,51.25,0.7,80.67,0.0,0.0,236.0,973.5,,174.5,265.75,9.45,62.95,41.2,46.88,50.65,1.32,100.85,0.2,1.75,,,,,22.6,44.0,1.38,158.0,0.0,0.0,184.25,990.0,,166.1,206.07,14.08,49.59,37.84,42.82,24.22,2.09,45.26,0.84,7.57,0.88,,1.68,1.48,30.13,30.6,,,0.0,0.0,,996.5,,,,,,,,,,,,,,,,,,,,,,0.0,,,
2024-12-26 13:00:00,82.21,199.48,4.56,34.62,22.14,,,1.58,72.18,,,,,,,,,,,,0,,,,48.75,250.25,12.32,28.54,25.2,46.72,9.06,1.1,49.36,1.94,2.88,1.87,,1.27,1.71,,31.06,0.68,126.37,,0,172.8,,0.18,189.32,263.05,10.07,6.81,16.69,1.71,43.37,1.27,22.16,0.11,,,,0.05,0.18,21.49,54.1,0.2,121.6,0.0,0.0,177.0,,,144.0,243.0,12.25,47.68,35.28,39.85,12.45,0.24,8.32,1.92,3.38,,,,,18.75,50.5,0.43,204.0,0.0,0.0,189.25,975.0,,185.75,217.75,5.48,43.6,27.62,59.45,15.45,1.34,128.85,1.68,3.0,,,,,22.12,54.75,0.43,245.25,0.0,0.0,91.75,998.25,,150.0,280.0,10.48,59.6,40.58,69.8,33.83,1.78,131.7,6.18,5.42,,,,,18.4,47.0,2.28,286.5,0.0,0.0,195.25,965.5,,167.0,260.75,8.62,54.2,35.83,49.4,21.48,0.54,19.0,2.68,21.65,,,,,21.8,41.25,2.2,214.25,0.0,0.0,313.0,985.75,,226.0,490.0,1.43,46.02,25.28,27.98,17.73,0.73,,3.6,110.5,,,,,20.98,48.25,0.7,72.25,0.0,0.0,220.5,975.25,,142.25,218.25,7.9,49.92,32.95,48.42,49.9,1.21,134.62,0.2,1.55,,,,,22.7,41.0,1.35,150.0,0.0,0.0,201.0,989.75,,150.9,220.82,16.35,51.57,40.82,45.38,28.37,1.7,45.19,0.84,7.57,0.86,,1.68,1.43,30.02,30.74,,,0.0,0.0,,996.5,,,,,,,,,,,,,,,,,,,,,,0.0,,,
2024-12-26 14:00:00,95.19,205.64,3.5,39.65,23.92,,,1.68,93.09,,,,,,,,,,,,0,,,,40.08,192.68,15.04,34.53,30.59,47.61,8.88,1.16,49.4,1.9,2.9,1.94,,1.25,1.8,,28.62,0.62,143.06,,0,92.08,,0.02,200.18,280.04,8.96,8.48,17.15,19.45,40.96,1.25,22.62,0.17,,,,0.06,0.26,21.64,53.79,0.29,40.15,0.0,0.0,127.14,,,97.0,174.0,12.6,42.08,32.67,42.15,13.77,0.43,8.88,2.08,2.55,,,,,20.15,44.5,0.45,201.25,0.0,0.0,86.5,975.0,,169.5,224.5,3.05,54.92,31.65,66.22,15.48,1.65,191.95,0.18,0.48,,,,,21.88,51.25,0.68,121.25,0.0,0.0,78.75,997.5,,100.0,206.0,9.05,60.18,39.52,71.6,25.3,1.9,134.95,4.47,4.3,,,,,18.58,46.5,1.62,272.5,0.0,0.0,174.25,966.0,,112.25,178.75,5.6,44.5,28.22,48.52,17.38,0.46,27.35,1.78,14.25,,,,,21.88,40.25,1.65,198.75,0.0,0.0,245.25,986.0,,194.0,362.0,1.33,38.42,21.0,25.42,15.2,0.74,101.2,2.6,59.32,,,,,20.92,47.25,0.7,62.0,0.0,0.0,173.75,977.5,,146.25,218.0,6.48,52.28,33.08,48.8,47.22,1.35,171.1,0.2,1.55,,,,,22.15,41.75,1.27,155.0,0.0,0.0,190.0,989.0,,129.57,213.58,17.83,52.56,42.51,47.64,28.23,2.17,64.49,0.85,7.76,0.93,,1.7,1.44,30.0,30.56,,,0.0,0.0,,996.5,,,,,,,,,,,,,,,,,,,,,,0.0,,,
2024-12-26 15:00:00,104.01,208.08,3.38,52.95,30.93,,,1.74,101.14,,,,,,,,,,,,0,,,,26.7,150.12,16.12,37.34,32.97,47.18,8.69,0.74,49.09,2.04,2.88,1.94,,1.3,1.73,,28.38,0.58,114.1,,0,61.85,,-0.05,224.16,298.29,7.6,18.42,24.4,26.84,47.62,1.25,22.7,0.2,,,,0.05,0.23,21.22,56.61,,39.01,0.0,0.0,75.36,,,104.0,174.0,14.78,55.45,41.65,43.92,13.92,0.57,15.12,4.4,3.32,,,,,19.18,48.75,0.28,218.0,0.0,0.0,63.0,975.0,,221.25,288.25,4.35,53.42,31.95,72.65,16.57,1.66,197.45,0.02,0.18,,,,,21.78,52.25,0.43,164.5,0.0,0.0,54.0,997.0,,114.0,211.0,12.62,76.97,51.22,95.92,20.95,2.06,91.7,4.1,4.6,,,,,18.48,48.0,1.3,234.75,0.0,0.0,94.5,965.0,,91.25,149.75,6.6,40.35,26.82,46.92,16.32,0.51,33.22,1.65,12.8,,,,,21.68,40.5,1.4,308.0,0.0,0.0,150.5,986.0,,155.0,307.0,0.6,31.08,16.6,20.82,12.95,0.57,96.3,1.7,51.88,,,,,20.52,50.0,0.7,59.0,0.0,0.0,114.0,980.25,,179.25,259.5,5.1,59.3,35.65,49.08,48.08,1.39,169.85,0.2,1.78,,,,,22.08,44.0,1.05,140.75,0.0,0.0,135.5,989.0,,109.42,228.68,18.74,51.16,42.56,48.51,27.64,2.21,66.25,0.88,7.7,0.86,,1.67,1.46,30.04,30.2,,,0.0,0.0,,996.5,,,,,,,,,,,,,,,,,,,,,,0.0,,,
2024-12-26 16:00:00,105.47,201.12,4.4,77.46,44.83,,,1.84,64.7,,,,,,,,,,,,0,,,,61.1,120.95,16.54,37.82,33.56,48.32,8.46,0.81,49.28,2.02,2.87,1.85,,1.29,1.69,,44.13,0.72,81.73,,0,31.1,,-0.06,220.34,302.0,17.06,18.37,35.14,31.86,45.75,1.17,22.58,0.41,,,,0.02,0.14,19.73,63.46,,39.01,0.0,0.0,34.7,,,120.0,210.0,12.5,55.02,39.5,44.85,13.38,0.65,11.9,,2.45,,,,,18.15,53.25,0.18,189.25,0.0,0.0,36.0,975.0,,221.0,292.75,4.25,46.5,28.2,68.53,16.82,1.59,174.6,1.12,4.7,,,,,21.12,56.5,0.4,164.75,0.0,0.0,28.75,996.0,,149.0,318.0,7.6,66.22,41.6,100.08,17.38,1.86,85.98,4.78,5.6,,,,,17.27,51.0,0.78,257.75,0.0,0.0,36.25,965.25,,92.0,151.5,8.75,40.6,28.72,45.72,13.08,0.67,20.92,1.4,12.58,,,,,20.75,44.5,0.55,330.0,0.0,0.0,53.75,986.0,,145.0,259.0,0.9,36.05,19.32,20.38,11.75,0.57,79.53,1.45,64.5,,,,,19.35,55.5,0.7,50.75,0.0,0.0,51.75,981.0,,188.25,284.0,5.25,68.1,40.47,51.85,43.3,1.51,109.55,0.2,2.1,,,,,20.48,53.75,0.7,121.5,0.0,0.0,68.75,989.0,,110.02,195.0,19.0,52.56,43.4,48.81,28.22,2.28,44.03,0.89,7.74,0.87,,1.7,1.44,30.08,29.94,,,0.0,0.0,,996.5,,,,,,,,,,,,,,,,,,,,,,0.0,,,
2024-12-26 17:00:00,108.37,197.64,77.1,123.54,128.79,,,2.48,28.6,,,,,,,,,,,,0,,,,37.78,138.2,,,,,8.74,1.14,48.94,1.99,3.0,1.88,,1.27,1.79,,67.28,0.73,73.51,,0,12.42,,-0.08,210.67,283.76,22.56,18.56,40.88,36.77,45.62,1.27,21.84,0.18,,,,0.05,,17.06,76.28,0.07,39.0,0.0,0.0,5.4,,,122.0,282.0,20.8,72.92,55.52,36.72,11.4,1.96,6.38,9.88,5.5,,,,,16.52,61.25,0.15,146.5,0.0,0.0,13.0,975.0,,202.25,273.75,3.65,48.85,28.95,71.82,14.85,1.55,121.82,1.02,7.65,,,,,19.6,64.0,0.48,147.5,0.0,0.0,8.5,996.25,,125.0,208.0,52.28,141.8,117.4,98.43,11.85,3.04,25.3,4.88,5.25,,,,,15.65,58.5,0.3,262.0,0.0,0.0,10.5,964.75,,107.5,181.75,10.78,41.75,30.95,43.8,8.9,1.37,6.92,1.5,12.38,,,,,18.42,53.75,0.38,317.75,0.0,0.0,9.75,986.0,,171.0,335.0,0.75,50.6,27.5,20.27,11.25,1.22,47.62,1.3,75.62,,,,,17.12,64.5,1.1,39.0,0.0,0.0,14.75,980.25,,189.5,296.25,6.22,57.35,35.55,54.25,37.45,1.48,49.3,0.25,2.45,,,,,17.85,72.0,0.72,78.0,0.0,0.0,20.0,989.0,,92.48,230.45,20.98,51.14,44.29,49.81,27.68,3.35,43.78,0.88,7.69,0.86,,1.69,1.44,30.14,29.58,,,0.0,0.0,,996.5,,,,,,,,,,,,,,,,,,,,,,0.0,,,
2024-12-26 18:00:00,144.14,316.72,314.8,157.67,339.75,,,4.05,25.57,,,,,,,,,,,,0,,,,59.18,135.98,,,,,8.7,1.61,49.76,1.99,2.88,1.87,,1.25,1.73,,79.55,0.48,57.58,,0,12.75,,-0.06,233.21,354.55,23.47,18.43,41.9,36.38,46.18,1.84,21.84,0.18,,,,0.09,0.14,15.32,85.05,0.25,39.01,0.0,0.0,,,,354.0,536.0,41.32,81.38,77.12,35.1,12.2,2.99,5.5,3.9,4.05,,,,,15.42,69.25,0.2,151.5,0.0,0.0,7.0,975.0,,185.0,260.0,4.1,52.28,31.12,69.45,13.82,1.62,75.45,2.5,20.9,,,,,18.12,71.75,0.48,124.5,0.0,0.0,3.75,997.0,,168.0,467.0,174.52,161.43,227.75,93.48,12.68,4.75,23.98,6.45,6.82,,,,,14.52,65.75,0.38,323.5,0.0,0.0,10.5,966.0,,152.5,265.5,17.75,42.08,36.83,41.15,7.93,2.75,3.85,1.62,14.95,,,,,17.2,61.75,0.35,302.0,0.0,0.0,5.0,986.0,,196.0,422.0,3.32,80.4,45.45,25.98,13.58,1.63,21.4,1.68,124.93,,,,,15.82,71.0,1.1,39.0,0.0,0.0,8.0,978.25,,184.75,257.75,8.38,52.55,34.78,54.38,36.08,1.63,10.38,0.2,2.5,,,,,16.05,83.0,0.78,69.75,0.0,0.0,8.0,989.25,,96.62,275.02,28.99,39.91,44.87,50.8,27.88,2.95,25.08,1.05,7.63,1.94,,2.7,0.96,30.14,29.55,,,0.0,0.0,,996.5,,,,,,,,,,,,,,,,,,,,,,0.0,,,
2024-12-26 19:00:00,163.32,379.59,324.33,143.94,340.38,,,4.72,25.65,,,,,,,,,,,,0,,,,58.48,195.12,,,,,8.7,2.26,49.72,1.94,2.92,1.9,,1.31,1.82,,84.94,0.6,181.81,,0,13.3,,-0.05,260.18,439.5,22.66,18.26,41.0,36.61,47.32,2.78,21.88,0.61,,,,0.04,0.09,14.54,89.47,0.17,39.01,0.0,0.0,,,,335.0,574.0,58.53,78.4,89.47,35.3,14.83,3.88,5.97,3.93,7.5,,,,,15.0,74.0,0.23,132.33,0.0,0.0,7.0,975.0,,197.75,272.0,4.82,59.8,35.78,66.78,14.15,1.82,38.72,2.92,18.8,,,,,16.98,76.5,0.4,119.0,0.0,0.0,3.5,997.0,,276.0,691.0,166.25,149.18,214.4,78.75,14.3,4.72,66.38,9.25,9.55,,,,,14.2,68.0,0.35,323.25,0.0,0.0,9.5,965.75,,268.0,452.5,37.67,44.78,54.45,41.95,9.18,4.81,4.3,2.48,24.72,,,,,16.73,66.5,0.35,341.0,0.0,0.0,5.0,986.25,,254.0,449.0,23.52,90.42,67.22,39.9,15.5,2.42,11.95,2.5,152.32,,,,,15.22,73.5,1.1,39.0,0.0,0.0,8.0,977.0,,204.75,277.75,38.9,49.62,58.0,51.68,36.48,2.13,3.92,0.2,2.68,,,,,15.18,84.25,0.82,97.75,0.0,0.0,8.0,990.0,,110.48,203.2,30.26,37.97,44.88,51.27,26.4,3.12,25.33,1.07,7.86,1.95,,2.62,0.96,30.14,29.59,,,0.0,0.0,,996.5,,,,,,,,,,,,,,,,,,,,,,0.0,,,
2024-12-26 20:00:00,196.67,436.11,315.11,127.87,324.07,,,5.03,23.96,,,,,,,,,,,,0,,,,65.92,241.58,,,,,9.05,3.43,49.77,1.93,2.93,1.87,,1.31,1.82,,88.47,0.34,128.36,,0,14.3,,-0.03,302.46,513.85,23.31,18.39,41.6,36.52,48.32,3.86,21.74,0.23,,,,0.05,0.34,14.14,91.6,0.12,39.01,0.0,0.0,,,,482.0,724.0,79.5,79.28,106.45,35.7,13.53,4.38,6.88,3.78,9.62,,,,,14.9,74.75,0.2,153.75,0.0,0.0,7.0,975.0,,238.0,328.0,6.35,85.9,50.85,67.25,15.4,2.29,17.1,4.08,30.18,,,,,16.8,77.0,0.35,142.5,0.0,0.0,3.5,997.0,,284.0,609.0,132.88,132.68,178.5,74.97,11.6,4.86,65.78,10.18,9.8,,,,,13.98,69.5,0.3,323.25,0.0,0.0,9.5,965.25,,412.25,653.0,62.9,45.48,75.32,41.78,9.98,4.84,3.53,3.82,40.17,,,,,16.6,66.0,0.4,358.0,0.0,0.0,5.0,987.0,,368.0,589.0,59.8,91.1,97.07,43.48,16.55,3.04,13.08,3.28,175.42,,,,,15.02,75.75,1.1,39.0,0.0,0.0,8.0,977.0,,203.75,290.5,59.15,40.67,69.72,50.4,37.78,2.33,3.97,0.3,3.15,,,,,14.82,84.0,0.8,65.75,0.0,0.0,8.0,990.0,,120.78,224.32,33.22,35.28,45.84,52.2,26.33,2.3,15.28,1.07,7.66,1.94,,2.78,0.92,30.14,29.6,,,0.0,0.0,,996.5,,,,,,,,,,,,,,,,,,,,,,0.0,,,
2024-12-26 21:00:00,186.23,395.94,218.18,117.94,239.91,,,4.08,21.19,,,,,,,,,,,,0,,,,105.25,304.92,15.54,33.35,30.37,45.23,9.1,3.41,48.82,1.98,2.92,1.88,,1.28,1.78,,84.58,0.7,181.84,,0,14.62,,-0.06,323.86,507.68,23.12,18.55,41.67,36.39,49.44,4.81,21.55,0.16,,,,0.05,0.13,14.27,92.03,0.32,23.28,0.0,0.0,,,,603.0,878.0,73.75,74.82,99.52,38.28,16.08,3.08,5.5,3.72,11.72,,,,,14.98,73.75,0.22,155.5,0.0,0.0,7.0,975.0,,296.0,401.25,12.0,80.25,52.38,70.72,13.7,2.36,10.05,3.8,27.8,,,,,16.75,78.0,0.42,173.0,0.0,0.0,3.5,997.5,,335.0,592.0,135.43,124.7,176.15,75.88,10.6,4.84,58.65,10.62,9.68,,,,,13.92,69.75,0.42,323.5,0.0,0.0,10.25,966.0,,474.0,672.5,78.68,48.1,89.55,41.2,8.93,3.35,3.42,4.82,44.0,,,,,16.92,63.25,0.57,264.25,0.0,0.0,5.0,987.0,,426.0,721.0,88.82,88.42,119.25,45.48,18.38,3.36,13.18,4.3,268.6,,,,,15.2,74.75,0.95,42.5,0.0,0.0,8.0,977.0,,195.0,276.0,60.0,44.95,72.75,47.6,38.83,2.58,4.62,0.3,3.52,,,,,15.02,84.0,0.82,90.0,0.0,0.0,8.0,990.0,,137.9,272.18,32.74,36.32,45.94,52.88,25.33,2.29,15.46,1.09,7.69,1.99,,2.75,1.01,30.15,29.59,,,0.0,0.0,,996.5,,,,,,,,,,,,,,,,,,,,,,0.0,,,
2024-12-26 22:00:00,169.03,348.86,99.71,105.07,137.01,,,3.21,17.58,,,,,,,,,,,,0,,,,99.45,347.52,16.48,33.19,31.05,46.8,9.32,2.91,48.91,1.92,2.92,1.96,,1.3,1.8,,65.37,0.87,107.37,,0,14.22,,-0.08,310.0,500.45,22.73,19.24,41.91,36.38,49.76,5.17,21.37,0.26,,,,0.02,0.39,14.52,88.34,0.7,105.44,0.0,0.0,,,,495.0,691.0,50.6,72.88,79.65,36.2,17.08,1.18,5.6,3.15,9.07,,,,,15.18,71.5,0.28,194.0,0.0,0.0,6.75,975.0,,276.0,375.0,27.55,86.98,68.7,68.6,14.55,2.73,9.75,0.15,1.75,,,,,16.68,78.0,0.45,252.0,0.0,0.0,3.0,997.25,,342.0,574.0,72.3,119.82,122.32,74.85,10.05,3.81,62.82,10.7,8.9,,,,,14.32,67.25,1.12,299.75,0.0,0.0,10.0,966.0,,388.0,508.0,78.03,47.8,88.88,40.9,8.07,1.98,3.38,4.8,41.3,,,,,17.35,59.25,1.25,272.0,0.0,0.0,5.0,987.0,,437.0,784.0,40.0,78.58,74.32,41.05,16.45,2.95,11.52,5.68,282.18,,,,,15.38,71.5,0.73,74.25,0.0,0.0,8.0,978.75,,218.5,309.25,131.52,62.55,140.18,55.18,41.55,3.68,4.12,0.38,4.35,,,,,15.42,84.5,1.12,100.5,0.0,0.0,8.0,989.75,,145.05,294.3,33.57,36.38,46.6,53.54,25.24,2.08,15.74,1.12,7.61,1.96,,2.67,0.92,30.14,29.58,,,0.0,0.0,,996.5,,,,,,,,,,,,,,,,,,,,,,0.0,,,
2024-12-26 23:00:00,183.76,332.5,71.56,95.2,108.7,,,2.91,16.25,,,,,,,,,,,,0,,,,94.6,358.4,18.14,34.33,33.01,48.38,9.61,1.46,47.97,1.91,2.83,1.92,,1.34,1.73,,68.04,0.67,175.9,,0,13.8,,-0.09,326.84,510.72,23.38,18.51,41.95,36.47,49.74,5.11,21.24,0.36,,,,0.03,0.2,13.97,89.28,0.6,89.44,0.0,0.0,,,,267.0,427.0,38.38,64.35,65.55,35.88,15.65,0.86,5.82,2.8,7.75,,,,,14.88,73.0,0.25,173.5,0.0,0.0,6.75,975.0,,291.0,402.75,36.9,78.92,71.97,69.42,14.68,3.02,9.72,0.0,0.5,,,,,16.45,79.5,0.4,231.75,0.0,0.0,3.0,997.0,,315.0,516.0,68.15,119.78,118.9,92.75,8.7,3.23,56.58,9.78,10.3,,,,,13.88,69.0,0.95,270.5,0.0,0.0,10.25,966.0,,312.5,432.0,64.65,48.35,78.28,41.0,6.68,1.63,3.85,4.55,35.2,,,,,16.95,62.25,1.18,209.0,0.0,0.0,5.0,987.0,,357.0,603.0,49.9,78.1,82.08,33.2,15.78,1.85,11.02,4.97,301.6,,,,,15.1,73.5,0.72,74.0,0.0,0.0,8.0,980.75,,244.25,363.25,144.62,55.78,147.25,54.4,41.62,3.72,3.85,0.5,5.9,,,,,15.42,84.0,0.82,188.0,0.0,0.0,8.0,989.75,,160.73,318.83,32.54,36.1,45.66,53.33,25.09,1.98,12.25,1.1,7.77,2.02,,2.74,0.95,30.15,29.62,,,0.0,0.0,,996.5,,,,,,,,,,,,,,,,,,,,,,0.0,,,
2024-12-27 00:00:00,206.48,307.11,56.24,84.64,90.73,,,2.68,16.6,,,,,,,,,,,,0,,,,95.42,342.92,18.65,36.03,34.33,48.74,9.68,1.15,48.14,1.98,2.9,1.94,,1.36,1.73,,77.46,0.2,104.13,,0,13.7,,-0.1,348.55,466.28,22.9,18.55,41.52,36.56,49.75,4.96,22.06,0.41,,,,,0.16,13.83,90.78,0.12,35.24,0.0,0.0,,,,234.0,368.0,25.48,56.48,50.75,36.95,14.35,0.47,5.8,2.35,6.05,,,,,14.68,74.75,0.25,163.75,0.0,0.0,7.0,975.0,,327.0,432.75,52.52,75.97,83.08,69.28,14.5,3.1,10.23,0.0,0.48,,,,,16.3,82.75,0.3,286.0,0.0,0.0,3.0,997.0,,266.0,417.0,20.05,104.45,71.77,102.58,5.88,2.57,41.3,9.05,8.68,,,,,13.58,70.25,0.4,317.5,0.0,0.0,10.75,966.0,,305.0,406.0,53.22,46.35,67.92,41.18,5.3,1.38,3.52,3.88,29.28,,,,,16.38,66.0,0.52,208.25,0.0,0.0,5.0,987.0,,338.0,597.0,39.12,70.97,69.58,31.08,10.77,1.73,10.9,4.55,342.25,,,,,15.2,73.75,0.4,74.0,0.0,0.0,8.0,981.5,,244.75,347.0,189.22,25.98,167.65,53.2,40.9,3.89,4.03,0.52,6.8,,,,,15.1,84.0,0.88,81.0,0.0,0.0,8.0,989.25,,163.22,302.48,33.92,35.82,46.66,54.17,25.85,2.17,11.58,2.58,7.1,5.76,,3.68,2.83,30.15,29.59,,,0.0,0.0,,996.5,,,,,,,,,,,,,,,,,,,,,,0.0,,,
2024-12-27 01:00:00,206.88,292.67,69.41,76.5,97.11,,,2.69,15.9,,,,,,,,,,,,0,,,,73.98,310.5,13.12,23.54,23.18,47.57,9.52,0.38,48.84,1.95,2.92,1.94,,1.27,1.74,,80.9,0.48,92.22,,0,14.88,,-0.08,343.18,484.2,22.93,18.42,41.32,36.5,50.22,4.87,22.59,0.39,,,,0.14,0.18,14.23,91.1,0.22,35.09,0.0,0.0,,,,212.0,334.0,43.18,61.85,68.0,39.9,14.58,0.32,5.3,2.33,4.65,,,,,14.8,76.0,0.2,172.0,0.0,0.0,6.75,973.75,,330.75,457.5,59.7,86.38,94.52,82.9,14.65,3.02,10.1,2.2,12.55,,,,,17.05,80.5,0.45,201.5,0.0,0.0,3.25,996.75,,268.0,405.0,34.83,103.6,83.75,111.7,4.3,2.78,22.3,9.1,7.3,,,,,13.68,72.25,0.32,322.75,0.0,0.0,9.5,965.25,,259.75,338.5,44.95,44.2,60.0,41.92,4.85,1.42,4.8,3.5,24.05,,,,,16.38,68.0,0.4,291.67,0.0,0.0,5.0,986.75,,323.0,596.0,74.65,71.58,98.8,31.32,11.0,2.18,11.3,3.9,268.25,,,,,15.5,73.5,0.82,65.0,0.0,0.0,8.0,981.5,,237.0,325.0,174.08,21.92,153.2,56.0,40.85,3.91,3.9,0.57,7.3,,,,,15.6,84.0,0.78,93.5,0.0,0.0,8.0,989.0,,187.58,303.88,34.57,33.47,45.92,53.69,25.94,1.99,11.5,2.58,6.92,5.76,,3.66,2.92,30.14,29.56,,,0.0,0.0,,996.5,,,,,,,,,,,,,,,,,,,,,,0.0,,,
2024-12-27 02:00:00,198.74,295.24,87.94,74.32,111.02,,,2.77,15.04,,,,,,,,,,,,0,,,,83.35,272.1,15.76,34.39,31.11,47.77,9.49,0.0,49.04,1.97,2.9,1.88,,1.34,1.8,,74.59,0.7,110.91,,0,14.88,,-0.08,359.79,482.05,23.06,18.66,41.68,36.44,50.29,4.81,21.94,0.18,,,,0.03,0.19,14.52,91.25,0.22,35.08,0.0,0.0,,,,228.0,366.0,42.8,39.0,55.55,59.1,11.15,1.12,12.07,3.08,6.15,,,,,15.25,75.0,0.25,169.5,0.0,0.0,7.0,973.0,,305.0,429.5,55.8,72.7,83.9,80.8,14.8,3.01,10.42,7.4,39.88,,,,,17.2,80.75,0.55,128.25,0.0,0.0,3.25,996.0,,280.0,392.0,81.3,110.4,124.8,104.5,,2.87,28.55,9.88,7.05,,,,,13.98,71.5,0.85,293.5,0.0,0.0,9.75,965.5,,266.5,345.0,41.82,43.88,57.32,41.58,5.3,1.4,3.68,3.12,20.18,,,,,16.75,65.0,1.0,310.33,0.0,0.0,5.0,987.0,,371.0,715.0,76.8,64.1,96.5,35.8,10.4,2.12,11.47,3.55,327.95,,,,,15.18,77.75,0.8,51.0,0.0,0.0,8.0,980.0,,238.75,325.5,164.7,27.1,148.3,57.1,41.0,4.01,4.9,0.6,7.57,,,,,15.98,84.75,0.75,106.75,0.0,0.0,8.0,989.0,,186.9,302.85,34.04,34.35,46.08,53.88,26.06,2.09,11.01,2.56,6.89,5.82,,3.68,2.94,30.15,29.57,,,0.0,0.0,,996.5,,,,,,,,,,,,,,,,,,,,,,0.0,,,
2024-12-27 03:00:00,209.32,329.72,39.07,79.48,74.03,,,2.29,15.46,,,,,,,,,,,,0,,,,102.9,273.38,15.64,33.22,30.39,48.21,9.36,1.33,47.7,1.95,2.87,1.92,,1.29,1.77,,69.26,0.55,180.96,,0,13.7,,-0.1,363.17,479.6,22.89,18.55,41.5,36.47,49.92,4.64,21.94,0.26,,,,0.06,0.21,14.41,90.46,0.63,32.33,0.0,0.0,,,,219.0,349.0,29.75,54.82,53.32,42.65,11.15,0.35,4.95,7.3,11.02,,,,,,,,,,0.0,,,,297.5,405.25,73.2,67.28,95.25,81.9,16.2,3.32,10.4,7.9,40.95,,,,,17.08,81.25,0.45,165.25,0.0,0.0,3.25,996.0,,262.0,353.0,15.92,83.45,57.22,82.5,7.55,2.25,62.02,9.07,6.12,,,,,14.1,70.25,1.6,236.0,0.0,0.0,10.0,966.0,,291.25,360.5,37.7,43.5,53.78,40.48,6.85,1.34,4.0,2.95,17.85,,,,,16.98,62.75,1.18,182.5,0.0,0.0,5.0,987.0,,318.0,533.0,19.1,66.9,51.05,43.2,9.07,1.29,12.85,4.5,245.28,,,,,15.52,75.5,0.73,52.0,0.0,0.0,8.0,978.0,,246.75,336.75,148.5,30.85,137.15,46.35,39.75,3.39,4.47,0.65,7.52,,,,,16.12,85.0,0.85,119.75,0.0,0.0,8.0,989.0,,175.18,275.3,29.45,39.09,44.76,52.66,26.3,1.73,12.2,2.61,7.02,5.86,,3.72,2.93,30.14,29.59,,,0.0,0.0,,996.5,,,,,,,,,,,,,,,,,,,,,,0.0,,,
2024-12-27 04:00:00,280.26,396.0,39.54,59.12,63.54,,,2.27,15.0,,,,,,,,,,,,0,,,,57.4,267.48,15.7,33.87,30.78,47.45,9.36,1.56,48.48,2.02,2.9,1.85,,1.33,1.82,,75.13,0.9,140.27,,0,12.9,,-0.11,326.32,414.0,22.53,18.48,41.0,36.57,49.48,4.22,21.93,0.1,,,,0.03,0.1,14.47,89.2,0.92,126.32,0.0,0.0,,,,227.0,348.0,31.32,54.9,54.82,42.22,15.95,0.77,5.4,7.52,7.25,,,,,,,,,,0.0,,,,310.75,413.75,70.0,59.18,88.35,74.45,14.55,3.18,10.8,7.6,41.32,,,,,17.1,82.75,0.5,193.0,0.0,0.0,3.0,995.75,,272.0,353.0,17.12,80.03,56.42,65.38,8.72,2.42,49.6,8.48,5.7,,,,,14.05,71.75,1.48,203.25,0.0,0.0,10.0,966.0,,296.0,381.5,32.38,42.0,48.7,40.8,6.2,1.34,3.9,2.88,16.47,,,,,16.65,65.75,1.23,171.75,0.0,0.0,5.0,987.0,,262.0,416.0,23.42,67.7,55.02,45.3,8.57,1.23,11.0,3.35,138.85,,,,,15.35,80.0,0.75,48.25,0.5,0.5,8.0,978.0,,246.0,334.0,137.95,38.85,132.8,50.1,41.22,2.94,4.62,0.7,7.45,,,,,16.27,85.0,1.1,88.75,0.0,0.0,8.0,989.0,,188.55,280.73,27.33,42.28,44.94,52.45,26.3,2.03,11.71,2.58,6.95,5.87,,3.64,2.92,30.14,29.46,,,0.0,0.0,,996.5,,,,,,,,,,,,,,,,,,,,,,0.0,,,
2024-12-27 05:00:00,238.88,373.91,37.96,44.89,54.77,,,2.27,11.64,,,,,,,,,,,,0,,,,83.68,257.08,16.21,35.62,32.12,47.16,9.42,1.81,49.82,1.92,2.91,1.87,,1.3,1.75,,89.78,0.56,130.45,,0,14.45,,-0.11,300.72,388.92,23.06,18.49,41.51,36.46,48.82,3.68,21.86,0.18,,,,0.04,0.07,14.07,93.72,0.29,107.34,0.0,0.0,,,,241.0,381.0,27.58,43.28,45.62,39.52,15.05,1.33,7.43,,11.82,,,,,14.5,90.0,0.3,162.0,0.0,0.0,7.0,974.0,,299.0,384.0,66.02,67.2,89.48,71.95,14.05,2.98,10.35,7.12,38.98,,,,,16.9,83.0,0.82,125.75,0.0,0.0,3.0,994.75,,282.0,383.0,31.52,73.35,64.55,68.0,7.32,2.52,70.85,9.07,6.12,,,,,13.02,85.5,0.82,194.5,0.0,0.0,10.0,966.0,,295.5,360.25,28.75,42.4,45.9,40.38,5.48,1.5,4.62,3.2,15.75,,,,,16.18,76.5,0.85,340.5,0.0,0.0,5.0,987.0,,279.0,426.0,22.25,61.45,50.78,47.3,8.32,1.38,11.25,3.62,121.68,,,,,14.9,87.0,0.72,46.25,0.0,0.0,8.0,977.75,,248.0,337.25,85.92,41.38,91.85,49.0,41.12,2.22,5.28,0.62,7.02,,,,,16.12,84.0,0.95,166.25,0.0,0.0,8.0,988.25,,196.6,276.98,24.6,44.78,43.9,51.46,26.9,1.88,15.8,2.6,7.0,5.84,,3.67,2.9,30.14,29.44,,,0.0,0.0,,996.5,,,,,,,,,,,,,,,,,,,,,,0.0,,,
2024-12-27 06:00:00,168.62,281.56,34.72,50.6,55.12,,,2.14,10.95,,,,,,,,,,,,0,,,,93.6,244.22,16.08,33.46,30.88,48.72,9.45,1.66,49.4,2.04,2.96,1.9,,1.33,1.75,,94.58,0.89,132.5,,0,14.42,,-0.11,299.37,367.16,23.06,18.54,41.59,36.5,48.15,3.15,21.61,0.27,,,,0.02,0.15,14.02,95.55,0.52,55.47,0.0,0.0,,,,219.0,342.0,27.52,40.7,44.12,36.58,8.32,1.42,6.75,,7.3,,,,,14.35,90.25,0.38,170.25,0.0,0.0,7.0,974.5,,245.0,300.0,21.08,74.32,56.65,70.3,12.55,1.89,14.98,1.7,11.02,,,,,16.92,83.0,0.95,102.25,0.0,0.0,3.75,995.0,,280.0,350.0,39.83,84.52,77.32,72.88,7.68,2.63,63.82,9.3,5.65,,,,,13.15,86.75,1.45,305.0,0.0,0.0,10.0,966.0,,335.75,389.75,30.8,42.02,47.38,41.65,5.57,1.73,5.05,3.6,16.3,,,,,16.18,79.0,0.92,300.5,0.0,0.0,5.0,987.0,,268.0,405.0,6.72,40.28,26.88,41.72,7.1,1.09,14.4,3.32,74.22,,,,,14.65,88.75,0.62,47.5,1.75,1.75,8.0,978.75,,238.5,312.75,71.5,37.45,78.08,47.35,40.4,1.94,4.8,0.55,6.3,,,,,16.18,83.25,0.98,150.75,0.0,0.0,8.0,988.75,,194.65,225.0,22.27,47.05,43.18,51.0,27.43,2.2,15.67,2.6,7.02,5.7,,3.65,2.86,30.14,29.48,,,0.0,0.0,,996.5,,,,,,,,,,,,,,,,,,,,,,0.0,,,
2024-12-27 07:00:00,163.04,272.09,35.65,41.76,51.16,,,2.15,11.18,,,,,,,,,,,,0,,,,103.95,506.25,16.3,35.52,32.14,48.56,9.27,1.82,49.21,1.98,2.79,1.91,,1.3,1.74,,94.2,0.76,154.38,,0,15.4,,-0.09,290.9,367.65,23.4,18.4,41.8,36.51,47.67,2.7,21.43,0.16,,,,0.04,0.14,14.12,95.62,0.6,65.09,0.0,0.0,,,,185.0,272.0,12.73,39.98,31.58,39.33,7.52,1.11,6.28,,5.32,,,,,14.2,91.75,0.43,192.5,0.0,0.0,7.25,975.0,,201.0,233.0,15.65,53.45,41.22,75.6,11.6,1.53,30.1,0.0,0.35,,,,,16.9,83.0,0.4,230.75,0.0,0.0,3.5,995.75,,261.0,311.0,18.1,82.9,58.72,93.48,6.95,2.34,65.82,7.98,4.85,,,,,12.85,87.75,1.27,283.25,0.0,0.0,10.0,965.75,,404.0,466.5,36.1,40.5,50.88,41.68,6.22,1.8,4.53,3.78,16.12,,,,,16.2,79.0,0.78,323.25,0.0,0.0,6.5,987.0,,171.0,269.0,2.1,35.42,18.58,33.33,6.35,0.95,23.55,2.02,44.9,,,,,14.3,90.75,0.68,78.75,1.25,1.25,9.0,980.75,,229.75,293.5,63.65,41.6,73.85,48.92,39.88,1.74,4.35,0.5,5.82,,,,,16.23,83.0,1.18,83.75,0.0,0.0,8.75,989.0,,182.45,253.25,19.49,46.49,40.59,50.68,27.4,1.94,22.52,1.69,7.66,1.85,,0.94,0.46,30.14,29.47,,,0.0,0.0,,996.5,,,,,,,,,,,,,,,,,,,,,,0.0,,,
2024-12-27 08:00:00,127.12,219.0,18.39,50.59,41.87,,,2.04,11.2,,,,,,,,,,,,0,,,,110.5,278.8,18.54,41.06,36.91,47.22,9.47,1.34,48.75,1.97,2.85,1.87,,1.37,1.79,,94.32,0.99,94.12,,0,15.8,,-0.06,287.17,353.5,22.8,18.53,41.35,36.53,47.44,2.41,22.02,0.35,,,,0.05,0.22,14.02,96.38,1.75,139.93,0.0,0.0,1.18,,,162.0,255.0,26.2,51.02,48.35,41.15,10.57,1.24,8.02,20.08,4.35,,,,,14.3,92.25,0.38,198.25,0.0,0.0,8.25,975.0,,166.0,186.0,13.42,46.75,35.78,64.5,11.62,1.39,27.95,0.0,0.3,,,,,16.88,83.0,0.57,244.5,0.0,0.0,4.75,997.25,,182.0,227.0,31.15,96.75,76.9,106.1,4.4,2.64,26.8,7.75,4.4,,,,,12.9,89.0,0.8,266.0,0.0,0.0,10.0,966.0,,355.75,426.0,39.38,39.22,52.9,39.83,5.8,1.52,4.92,3.9,16.08,,,,,15.98,83.25,1.55,310.5,3.0,3.0,7.0,987.0,,182.0,282.0,3.82,49.15,29.22,32.08,6.42,1.14,15.68,1.82,50.9,,,,,14.4,91.5,0.82,47.25,2.25,2.25,11.75,981.0,,228.75,288.5,37.0,54.65,59.2,49.32,37.75,1.44,3.92,0.5,5.0,,,,,16.2,83.0,1.9,76.25,0.0,0.0,10.0,989.5,,165.98,190.1,15.93,48.73,38.88,48.86,28.0,2.26,17.0,1.68,7.68,1.78,,0.97,0.46,30.14,29.48,,,0.0,0.0,,996.5,,,,,,,,,,,,,,,,,,,,,,0.0,,,
2024-12-27 09:00:00,73.37,167.76,21.81,67.04,53.42,,,1.96,11.43,,,,,,,,,,,,0,,,,86.88,166.45,17.48,37.52,34.17,47.11,9.38,1.44,49.08,1.95,2.88,1.88,,1.28,1.77,,94.86,1.56,124.81,,0,22.8,,-0.04,236.78,293.73,22.91,18.51,41.42,36.43,47.25,1.99,22.39,0.16,,,,0.04,0.15,13.8,97.0,1.04,49.1,0.0,0.0,7.78,,,153.0,266.0,45.0,53.9,65.05,40.6,15.23,1.18,7.15,24.22,4.62,,,,,14.68,93.5,0.42,178.5,0.25,0.25,15.75,973.75,,151.0,167.0,11.05,44.8,32.83,63.15,11.8,1.26,40.92,0.15,0.85,,,,,16.8,82.25,0.82,92.5,0.0,0.0,7.0,998.25,,,,,,,,,,,,,,,,,,,,,,0.0,,,,221.75,278.25,35.6,39.33,49.82,38.88,5.68,1.25,3.68,3.38,16.12,,,,,15.95,85.75,2.08,320.75,2.25,2.25,17.25,987.0,,186.0,283.0,3.6,46.15,27.5,33.98,6.25,1.08,18.12,1.95,66.25,,,,,14.5,92.0,0.73,71.5,1.25,1.25,17.5,981.0,,200.5,258.0,7.68,65.72,41.18,49.98,36.85,1.22,12.75,0.48,3.95,,,,,16.1,83.0,1.32,131.25,0.0,0.0,17.5,990.0,,138.97,159.17,14.36,46.12,36.25,45.64,27.7,2.22,27.95,1.72,7.66,1.8,,0.99,0.47,30.14,29.56,,,0.0,0.0,,996.5,,,,,,,,,,,,,,,,,,,,,,0.0,,,
2024-12-27 10:00:00,31.32,108.2,12.37,48.22,35.66,,,1.78,9.94,,,,,,,,,,,,0,,,,47.42,149.0,18.56,38.08,35.34,48.48,9.34,1.27,49.82,2.01,2.88,1.87,,1.35,1.76,,94.94,1.74,138.89,,0,28.12,,-0.05,163.57,204.25,23.19,18.35,41.45,36.35,46.58,1.6,21.76,0.28,,,,0.04,0.08,14.09,97.07,1.0,43.41,0.0,0.0,10.8,,,165.0,227.0,21.32,32.85,34.65,53.9,11.25,0.78,7.55,19.0,4.88,,,,,14.42,94.0,0.35,182.0,0.0,0.0,19.75,974.25,,127.0,146.0,9.45,47.28,32.78,59.45,12.4,1.31,37.62,2.05,9.02,,,,,16.98,82.0,1.1,108.0,0.0,0.0,9.0,998.75,,,,,,,,,,,,,,,,,,,,,,0.0,,,,160.75,177.5,30.95,38.55,45.68,37.0,5.4,0.99,4.68,3.02,14.45,,,,,15.88,85.25,2.35,315.25,0.0,0.0,28.0,987.0,,125.0,212.0,2.52,40.62,23.67,43.3,6.4,0.87,20.68,1.48,43.92,,,,,14.7,92.25,0.85,78.25,1.0,1.0,18.0,979.75,,149.75,188.0,8.57,71.58,45.05,49.12,36.83,1.15,16.77,0.4,3.15,,,,,16.27,83.0,1.27,133.0,0.0,0.0,22.25,990.0,,,,12.27,45.36,34.14,42.66,28.56,2.34,32.94,1.72,7.71,1.88,,0.93,0.46,30.15,29.59,,,0.0,0.0,,996.5,,,,,,,,,,,,,,,,,,,,,,0.0,,,
2024-12-27 11:00:00,38.02,100.41,9.93,39.81,29.26,,,1.82,10.48,,,,,,,,,,,,0,,,,52.08,152.2,19.42,38.99,36.53,49.16,9.23,1.29,49.19,2.04,2.89,1.83,,1.31,1.78,,94.94,1.28,119.14,,0,21.2,,-0.06,123.12,151.65,23.92,33.44,55.96,32.13,46.48,1.39,22.59,0.09,,,,0.04,0.13,14.19,97.76,1.4,119.14,0.0,0.0,8.82,,,115.0,183.0,22.3,40.22,39.62,58.98,12.95,1.3,6.52,9.15,3.32,,,,,14.3,96.25,0.57,199.25,0.25,0.25,15.25,975.0,,117.0,135.0,11.9,51.0,36.9,57.8,12.6,1.26,30.7,2.2,11.2,,,,,17.1,82.0,0.7,193.0,0.0,0.0,8.0,999.0,,,,,,,,,,,,,,,,,,,,,,0.0,,,,137.75,163.75,24.48,38.62,40.45,39.4,5.4,1.15,4.55,2.75,16.62,,,,,15.8,85.5,2.82,299.25,2.5,2.5,16.25,986.5,,128.0,195.0,4.42,46.15,28.15,67.97,7.12,1.04,16.75,1.62,63.22,,,,,14.52,92.5,0.7,80.25,3.75,3.75,12.25,978.0,,114.25,143.25,13.58,72.38,49.52,48.22,36.05,1.1,7.22,0.35,2.62,,,,,16.4,83.0,1.52,114.25,0.0,0.0,20.25,990.0,,94.23,114.1,11.81,40.98,31.44,39.39,29.36,2.57,45.28,1.68,7.71,1.96,,0.95,0.44,30.14,29.5,,,0.0,0.0,,996.5,,,,,,,,,,,,,,,,,,,,,,0.0,,,
2024-12-27 12:00:00,84.6,158.86,8.34,37.37,26.64,,,1.87,12.19,,,,,,,,,,,,0,,,,60.6,148.85,18.78,36.62,34.75,48.27,9.34,1.65,48.98,1.94,2.9,1.86,,1.35,1.77,,94.93,2.0,140.14,,0,19.88,,-0.06,115.53,147.37,21.38,38.06,59.12,39.94,46.21,1.27,21.76,0.33,,,,0.07,0.16,13.64,97.95,2.02,77.99,0.0,0.0,5.48,,,180.0,280.0,22.45,36.5,37.78,62.65,14.7,1.29,6.78,4.65,4.25,,,,,14.18,97.0,0.5,199.75,1.88,1.88,11.75,975.0,,,,,,,,,,,,,,,,,,,,,,0.0,,,,,,,,,,,,,,,,,,,,,,,,0.0,,,,184.75,210.5,20.05,37.85,36.42,38.5,5.9,1.2,4.75,2.82,20.12,,,,,15.72,86.25,3.68,313.25,1.5,1.5,13.0,986.0,,182.0,252.0,3.6,42.92,25.75,63.03,7.18,1.18,19.88,1.8,51.18,,,,,14.28,93.0,0.7,77.5,3.75,3.75,12.0,978.0,,85.25,106.5,7.82,49.42,32.65,44.4,37.05,1.02,14.27,0.3,2.48,,,,,16.32,83.0,2.0,130.0,0.0,0.0,17.25,990.0,,89.9,,9.08,40.23,28.78,36.12,30.3,2.24,46.3,0.87,7.77,0.83,,1.72,1.44,30.14,29.46,,,0.0,0.0,,996.5,,,,,,,,,,,,,,,,,,,,,,0.0,,,
2024-12-27 13:00:00,86.1,138.29,9.09,41.61,29.53,,,1.82,13.2,,,,,,,,,,,,0,,,,36.28,134.02,15.82,29.22,28.38,48.18,9.21,1.4,48.39,1.92,2.9,1.86,,1.32,1.75,,94.94,1.26,144.16,,0,27.6,,-0.04,145.94,190.4,22.35,35.17,58.27,44.7,46.14,1.18,22.5,0.12,,,,0.07,0.16,13.64,98.26,1.65,174.36,0.0,0.0,14.65,,,172.0,260.0,18.38,35.05,33.55,64.45,15.28,1.03,6.48,3.25,7.28,,,,,14.02,98.0,0.8,184.5,3.25,3.25,15.0,975.0,,,,,,,,,,,,,,,,,,,,,,0.0,,,,,,,,,,,,,,,,,,,,,,,,0.0,,,,183.5,221.5,15.0,36.48,31.6,36.4,5.12,0.9,6.58,2.85,22.65,,,,,15.65,88.25,4.07,259.25,4.0,4.0,24.5,986.0,,180.0,265.0,3.78,43.4,26.18,58.2,6.78,1.23,23.2,2.47,80.0,,,,,14.38,93.25,0.72,58.75,2.0,2.0,15.75,978.0,,110.25,132.25,8.07,47.98,32.08,42.62,37.7,1.15,17.35,0.3,2.08,,,,,16.15,83.0,1.98,154.0,0.0,0.0,27.75,989.75,,95.15,,8.55,36.79,26.52,33.2,31.69,2.22,27.44,0.82,7.77,0.87,,1.7,1.46,30.14,29.52,,,0.0,0.0,,996.5,,,,,,,,,,,,,,,,,,,,,,0.0,,,
2024-12-27 14:00:00,47.06,86.65,8.2,43.26,29.68,,,1.77,14.02,,,,,,,,,,,,0,,,,21.48,103.35,20.87,39.66,38.06,49.66,9.25,1.1,48.63,2.0,2.82,1.86,,1.32,1.8,,94.95,0.7,177.76,,0,22.4,,-0.05,160.61,192.59,23.2,33.47,56.68,41.97,45.96,1.07,22.16,0.24,,,,0.08,0.11,13.79,98.28,0.9,321.26,0.0,0.0,8.21,,,120.0,188.0,16.8,30.6,29.85,61.68,15.33,0.59,6.57,3.35,4.1,,,,,14.1,98.0,0.78,174.25,1.0,1.0,15.75,975.0,,,,,,,,,,,,,,,,,,,,,,0.0,,,,,,,,,,,,,,,,,,,,,,,,0.0,,,,118.5,138.75,8.75,38.28,27.48,36.1,5.02,0.76,7.45,2.25,22.78,,,,,15.78,87.5,2.68,192.25,0.5,0.5,18.0,986.75,,156.0,229.0,3.1,39.25,23.4,48.05,5.95,1.1,26.2,2.52,66.65,,,,,14.5,93.0,0.75,60.75,1.5,1.5,14.0,979.25,,115.0,143.25,7.82,48.18,32.0,40.83,37.42,1.02,21.3,0.3,1.88,,,,,16.2,83.0,1.52,189.0,0.0,0.0,23.5,989.0,,88.58,485.3,8.53,35.83,26.0,32.25,31.85,2.13,64.99,0.86,7.62,0.89,,1.68,1.45,30.14,29.45,,,0.0,0.0,,996.5,,,,,,,,,,,,,,,,,,,,,,0.0,,,
2024-12-27 15:00:00,37.04,69.54,8.98,44.37,30.93,,,1.72,13.76,,,,,,,,,,,,0,,,,19.62,81.85,22.16,40.72,39.67,49.06,9.2,1.54,48.64,2.05,2.88,1.84,,1.37,1.79,,94.95,0.72,159.74,,0,19.15,,-0.05,113.7,138.4,23.28,33.48,56.76,36.56,46.28,1.05,22.92,0.4,,,,0.02,0.27,13.91,98.66,1.4,75.48,0.0,0.0,7.12,,,86.0,140.0,19.58,36.25,35.22,59.1,16.45,0.65,7.05,3.35,3.42,,,,,14.28,98.0,0.6,178.0,0.25,0.25,16.75,975.0,,,,,,,,,,,,,,,,,,,,,,0.0,,,,,,,,,,,,,,,,,,,,,,,,0.0,,,,95.5,108.5,10.42,33.42,26.28,35.48,4.68,0.97,5.68,1.9,17.5,,,,,15.9,89.25,2.17,249.25,3.0,3.0,11.5,986.5,,135.0,200.0,4.9,42.52,26.6,36.98,5.6,1.19,20.88,2.52,95.48,,,,,14.65,93.0,0.75,52.75,1.0,1.0,19.25,981.0,,94.25,116.75,11.3,58.72,40.42,40.05,36.97,1.2,12.18,0.28,1.9,,,,,16.3,83.0,1.8,157.0,0.0,0.0,18.75,989.0,,83.7,308.4,8.8,34.12,25.32,31.3,32.41,2.01,65.22,0.86,7.75,0.86,,1.74,1.46,30.14,29.44,,,0.0,0.0,,996.5,,,,,,,,,,,,,,,,,,,,,,0.0,,,
2024-12-27 16:00:00,30.4,58.24,7.76,46.09,30.82,,,1.71,14.12,,,,,,,,,,,,0,,,,23.62,65.38,17.36,29.34,29.72,50.21,9.14,2.35,48.84,1.94,2.88,1.85,,1.26,1.83,,94.95,0.77,187.74,,0,17.92,,-0.06,106.59,125.26,23.47,33.2,56.68,52.66,46.2,0.96,22.42,0.3,,,,0.02,0.1,14.16,98.82,1.62,150.98,0.0,0.0,3.84,,,74.0,129.0,18.38,36.57,34.35,61.42,16.08,0.6,6.35,3.02,3.02,,,,,14.3,98.0,0.7,161.0,0.12,0.12,12.75,975.0,,,,,,,,,,,,,,,,,,,,,,0.0,,,,,,,,,,,,,,,,,,,,,,,,0.0,,,,109.0,122.75,12.85,32.9,27.9,34.5,4.6,0.9,6.15,1.92,18.55,,,,,16.0,90.0,3.6,167.0,0.5,0.5,10.0,986.5,,123.0,195.0,2.52,39.7,23.2,33.17,5.62,1.07,26.48,3.0,89.35,,,,,14.8,92.5,0.72,81.0,0.5,0.5,13.5,981.0,,73.75,94.5,10.35,63.7,42.3,39.95,35.95,1.23,13.2,0.28,1.92,,,,,16.42,83.0,1.92,213.0,0.0,0.0,19.0,989.0,,,,,,,,,,,,,,,,,,,,,,0.0,,,,,,,,,,,,,,,,,,,,,,,,0.0,,,
2024-12-27 17:00:00,35.32,68.77,8.39,51.16,34.05,,,1.67,17.8,,,,,,,,,,,,0,,,,16.75,57.22,18.3,33.31,32.6,48.76,9.16,2.6,49.12,2.01,2.85,1.92,,1.34,1.75,,94.95,0.56,191.48,,0,15.2,,-0.04,101.61,123.5,22.71,33.92,56.64,56.74,45.92,0.86,22.21,0.16,,,,0.04,0.09,14.52,98.77,0.8,66.56,0.0,0.0,0.78,,,79.0,121.0,18.92,33.55,33.3,57.95,16.02,0.75,6.42,3.18,4.12,,,,,14.38,98.0,0.55,169.5,0.5,0.5,7.5,975.0,,,,,,,,,,,,,,,,,,,,,,0.0,,,,,,,,,,,,,,,,,,,,,,,,0.0,,,,89.75,97.25,13.2,34.1,28.88,34.3,3.88,0.65,8.05,1.82,15.6,,,,,16.27,86.75,2.82,159.25,1.0,1.0,6.0,986.25,,83.0,130.0,0.53,36.8,19.8,32.6,5.6,0.97,27.35,2.4,76.5,,,,,14.85,92.75,0.72,52.75,1.5,1.5,9.5,981.0,,71.25,96.75,6.88,59.88,37.42,39.55,35.6,1.19,15.25,0.22,2.05,,,,,16.6,83.0,1.38,187.0,0.0,0.0,10.5,989.0,,,,,,,,,,,,,,,,,,,,,,0.0,,,,,,,,,,,,,,,,,,,,,,,,0.0,,,
2024-12-27 18:00:00,23.16,45.09,6.57,41.25,27.27,,,1.56,18.55,,,,,,,,,,,,0,,,,10.7,59.95,16.84,28.8,29.01,47.33,9.07,1.04,50.12,2.0,2.86,1.88,,1.29,1.71,,94.95,0.77,179.8,,0,14.78,,-0.04,79.8,94.4,23.44,33.67,57.04,56.71,46.02,0.78,22.04,0.29,,,,0.03,0.12,14.43,98.76,1.39,157.56,0.0,0.0,,,,86.0,132.0,16.38,28.0,28.02,55.62,16.2,0.65,6.15,3.42,6.08,,,,,14.42,98.0,0.6,161.5,0.25,0.25,7.0,975.0,,,,,,,,,,,,,,,,,,,,,,0.0,,,,,,,,,,,,,,,,,,,,,,,,0.0,,,,63.0,71.0,12.75,31.92,27.35,33.67,4.03,0.73,7.65,1.55,14.1,,,,,16.27,86.0,3.0,174.5,0.5,0.5,5.0,986.0,,97.0,146.0,2.98,45.18,26.45,37.15,6.18,0.94,23.7,2.45,81.08,,,,,14.85,93.0,0.75,56.0,2.0,2.0,9.0,980.0,,61.5,80.25,5.55,51.22,31.75,39.3,35.2,1.12,21.18,0.2,1.88,,,,,16.7,83.0,1.4,182.0,0.0,0.0,8.5,988.75,,,,,,,,,,,,,,,,,,,,,,0.0,,,,,,,,,,,,,,,,,,,,,,,,0.0,,,
2024-12-27 19:00:00,23.99,42.68,6.7,44.44,29.08,,,1.67,18.6,,,,,,,,,,,,0,,,,12.98,40.9,16.56,30.45,29.64,48.72,8.85,0.99,48.98,1.95,2.92,1.92,,1.31,1.77,,94.95,0.6,197.82,,0,14.6,,-0.02,70.0,78.42,23.15,33.6,56.8,56.96,46.05,0.74,22.06,0.24,,,,0.04,0.14,14.46,98.52,1.06,10.34,0.0,0.0,,,,65.0,113.0,12.42,26.78,24.28,54.6,15.68,0.6,6.38,2.8,4.82,,,,,14.4,97.0,0.98,156.25,0.25,0.25,7.0,975.0,,,,,,,,,,,,,,,,,,,,,,0.0,,,,,,,,,,,,,,,,,,,,,,,,0.0,,,,70.75,75.75,12.15,32.02,26.92,33.45,4.28,0.84,8.15,1.68,13.4,,,,,16.3,85.25,3.3,184.25,0.0,0.0,5.0,986.25,,84.0,123.0,2.35,43.12,24.8,55.65,6.08,0.9,27.1,2.4,78.8,,,,,14.98,92.0,0.7,62.5,0.0,0.0,9.0,978.0,,52.75,62.75,7.93,58.47,37.58,38.88,34.83,1.23,15.72,0.2,1.7,,,,,16.62,83.0,1.35,192.0,0.0,0.0,9.0,989.0,,,,,,,,,,,,,,,,,,,,,,0.0,,,,,,,,,,,,,,,,,,,,,,,,0.0,,,
2024-12-27 20:00:00,26.64,52.89,5.44,33.92,22.46,,,1.54,21.14,,,,,,,,,,,,0,,,,8.5,39.62,15.06,30.7,28.57,46.43,8.98,0.86,49.48,1.97,2.84,1.86,,1.29,1.85,,94.95,0.87,256.57,,0,15.68,,0.0,69.42,86.45,23.16,33.75,56.92,56.84,45.75,0.72,21.76,0.16,,,,0.03,0.12,14.57,98.71,1.14,249.76,0.0,0.0,,,,71.0,107.0,11.98,25.3,23.05,54.18,14.63,0.81,7.6,2.02,4.35,,,,,14.52,97.0,2.08,159.25,0.38,0.38,7.0,975.0,,,,,,,,,,,,,,,,,,,,,,0.0,,,,,,,,,,,,,,,,,,,,,,,,0.0,,,,56.0,62.5,10.7,30.92,25.18,31.4,4.32,0.74,8.43,1.52,11.7,,,,,16.4,86.0,2.47,152.0,0.75,0.75,5.0,986.75,,84.0,121.0,2.62,42.25,24.62,56.2,5.95,0.9,25.92,2.4,71.78,,,,,15.12,91.25,0.72,59.0,0.25,0.25,8.75,978.0,,54.75,68.75,7.82,47.52,31.6,35.07,36.22,1.14,22.52,0.2,1.78,,,,,16.77,83.0,1.58,204.25,0.0,0.0,8.5,989.0,,,,,,,,,,,,,,,,,,,,,,0.0,,,,,,,,,,,,,,,,,,,,,,,,0.0,,,
2024-12-27 21:00:00,20.3,50.79,5.49,31.84,21.4,,,1.56,18.45,,,,,,,,,,,,0,,,,9.9,49.65,16.69,29.96,29.51,48.67,8.86,0.74,49.42,2.0,2.84,1.85,,1.3,1.78,,94.95,0.82,229.01,,0,18.32,,0.0,68.58,75.01,23.21,33.66,56.82,56.83,45.69,0.66,21.55,0.32,,,,,0.1,14.5,98.88,0.88,327.84,0.0,0.0,,,,54.0,96.0,13.12,23.8,23.15,53.9,14.82,0.65,6.62,1.72,2.58,,,,,14.7,97.0,0.9,163.5,0.0,0.0,7.0,975.0,,,,,,,,,,,,,,,,,,,,,,0.0,,,,,,,,,,,,,,,,,,,,,,,,0.0,,,,50.0,61.0,11.25,30.22,25.2,31.67,5.08,0.68,9.65,1.38,12.0,,,,,16.48,85.75,3.45,151.0,0.0,0.0,5.0,986.5,,63.0,92.0,2.6,42.05,24.45,51.8,5.68,0.78,28.78,2.1,49.52,,,,,15.35,89.25,0.7,59.0,0.0,0.0,9.0,978.0,,47.75,57.75,5.9,35.35,23.62,34.48,36.22,1.02,30.58,0.18,1.5,,,,,16.7,83.0,1.62,222.0,0.0,0.0,8.5,989.0,,,,,,,,,,,,,,,,,,,,,,0.0,,,,,,,,,,,,,,,,,,,,,,,,0.0,,,
2024-12-27 22:00:00,26.1,63.49,5.97,37.37,24.72,,,1.54,16.08,,,,,,,,,,,,0,,,,8.1,29.12,15.08,27.62,26.95,49.25,8.66,0.06,49.37,2.03,2.9,1.9,,1.32,1.75,,94.95,1.48,255.65,,0,19.1,,0.01,66.15,73.68,23.09,33.43,56.52,56.96,45.54,0.6,21.41,0.24,,,,0.05,0.22,14.53,98.9,0.85,53.7,0.0,0.0,,,,54.0,79.0,12.55,22.42,22.08,53.78,14.9,0.5,6.2,1.3,2.17,,,,,14.75,97.0,0.7,159.0,0.0,0.0,7.0,975.0,,,,,,,,,,,,,,,,,,,,,,0.0,,,,,,,,,,,,,,,,,,,,,,,,0.0,,,,58.0,59.0,9.35,27.8,22.38,31.18,6.35,0.61,8.3,1.05,12.1,,,,,16.52,84.5,2.78,143.25,0.0,0.0,5.0,987.0,,59.0,92.0,4.12,44.78,27.2,43.98,5.12,0.89,20.32,2.25,45.15,,,,,15.28,89.75,0.8,56.25,0.0,0.0,8.75,978.75,,44.25,48.5,8.0,51.88,34.12,33.75,36.67,1.04,13.75,0.2,1.27,,,,,16.7,83.0,1.6,237.25,0.0,0.0,8.5,989.0,,,,,,,,,,,,,,,,,,,,,,0.0,,,,,,,,,,,,,,,,,,,,,,,,0.0,,,
2024-12-27 23:00:00,21.41,53.86,5.33,22.96,16.55,,,1.49,13.14,,,,,,,,,,,,0,,,,21.6,32.6,13.85,29.19,26.78,45.56,8.6,0.01,48.5,1.92,2.9,1.86,,1.29,1.84,,94.92,0.38,272.2,,0,17.83,,0.01,58.49,67.1,23.17,33.36,56.55,56.96,45.58,0.55,21.29,0.22,,,,,0.41,14.35,99.04,0.57,22.11,0.0,0.0,,,,67.0,95.0,15.28,21.0,23.6,53.45,13.72,0.65,8.18,0.9,1.72,,,,,14.7,97.0,0.42,208.75,0.0,0.0,6.25,975.0,,,,,,,,,,,,,,,,,,,,,,0.0,,,,,,,,,,,,,,,,,,,,,,,,0.0,,,,56.25,57.5,11.5,26.08,23.2,31.7,4.8,0.54,6.78,1.0,11.8,,,,,16.42,84.25,1.55,217.25,0.0,0.0,5.0,986.75,,70.0,102.0,11.82,49.22,35.8,33.6,4.62,0.97,11.32,1.23,36.98,,,,,15.12,91.0,0.85,44.75,0.0,0.0,9.0,981.0,,48.5,59.0,5.75,26.82,18.95,34.12,35.9,0.93,22.85,0.12,1.2,,,,,16.55,83.0,1.32,147.25,0.0,0.0,8.25,989.0,,,,,,,,,,,,,,,,,,,,,,0.0,,,,,,,,,,,,,,,,,,,,,,,,0.0,,,
2024-12-28 00:00:00,31.46,51.68,6.18,28.2,20.03,,,1.47,12.27,,,,,,,,,,,,0,,,,16.1,26.72,13.52,28.96,26.39,46.98,8.68,1.1,48.99,1.97,2.85,1.91,,1.27,1.78,,94.9,0.68,148.61,,0,17.82,,0.02,65.37,69.0,22.94,33.54,56.47,56.93,45.64,0.52,21.98,0.26,,,,0.04,0.24,14.4,99.3,1.46,62.96,0.0,0.0,,,,53.0,88.0,17.4,26.85,28.42,52.78,14.05,0.72,10.92,1.23,2.17,,,,,14.78,97.0,0.55,202.25,0.5,0.5,6.5,975.0,,,,,,,,,,,,,,,,,,,,,,0.0,,,,,,,,,,,,,,,,,,,,,,,,0.0,,,,52.0,54.25,12.02,26.05,23.62,31.35,4.5,0.67,3.85,0.85,10.42,,,,,16.42,85.0,1.78,244.75,0.25,0.25,5.0,986.5,,72.0,122.0,5.05,35.7,23.08,29.3,7.8,0.84,16.95,0.9,26.85,,,,,14.8,92.5,0.75,70.5,3.5,3.5,9.0,981.0,,42.5,55.5,5.5,21.88,16.1,32.1,34.8,0.87,23.98,0.12,1.1,,,,,16.6,83.0,1.38,133.5,0.0,0.0,8.25,989.0,,,,,,,,,,,,,,,,,,,,,,0.0,,,,,,,,,,,,,,,,,,,,,,,,0.0,,,
2024-12-28 01:00:00,18.62,53.42,7.54,25.32,19.6,,,1.47,11.96,,,,,,,,,,,,0,,,,27.5,39.2,14.85,30.98,28.55,48.22,8.75,1.34,48.89,2.03,2.92,1.86,,1.32,1.75,,94.9,0.5,228.53,,0,18.15,,0.0,70.22,82.0,23.25,33.34,56.62,57.02,46.02,0.48,22.68,0.52,,,,0.03,0.16,14.2,99.4,0.55,31.6,0.0,0.0,,,,58.0,95.0,31.55,29.68,41.45,52.9,14.28,0.74,9.2,1.62,5.18,,,,,14.58,97.0,0.28,176.5,0.0,0.0,6.75,975.0,,,,,,,,,,,,,,,,,,,,,,0.0,,,,,,,,,,,,,,,,,,,,,,,,0.0,,,,56.5,60.0,13.95,24.9,24.6,31.42,5.35,0.76,6.1,0.9,10.07,,,,,16.18,87.0,0.4,286.0,0.0,0.0,5.0,986.25,,78.0,116.0,3.92,32.4,20.4,29.8,9.12,0.78,18.7,0.8,19.9,,,,,14.65,93.5,0.8,63.0,0.75,0.75,9.0,981.5,,37.0,51.5,4.82,17.8,13.4,31.75,34.52,0.81,24.0,0.1,1.0,,,,,16.4,83.0,1.02,112.75,0.0,0.0,8.0,989.0,,,,,,,,,,,,,,,,,,,,,,0.0,,,,,,,,,,,,,,,,,,,,,,,,0.0,,,
2024-12-28 02:00:00,21.96,65.49,10.65,29.92,24.57,,,1.48,11.6,,,,,,,,,,,,0,,,,15.85,38.7,15.29,36.8,32.01,47.05,8.85,1.28,49.72,2.05,2.88,1.87,,1.23,1.75,,94.92,0.55,244.12,,0,18.0,,0.0,,,,,,,,,,,,,,,,,,,,,0.0,,,,59.0,91.0,53.5,28.4,58.7,54.0,,0.71,10.37,1.62,5.28,,,,,14.68,97.0,0.48,176.75,0.88,0.88,6.75,975.0,,,,,,,,,,,,,,,,,,,,,,0.0,,,,,,,,,,,,,,,,,,,,,,,,0.0,,,,60.5,64.75,16.32,24.3,26.2,31.42,5.2,0.81,4.28,1.0,10.58,,,,,16.4,88.0,1.23,145.25,0.25,0.25,5.0,986.0,,66.0,111.0,9.9,43.0,30.9,34.8,9.2,0.79,14.1,1.1,29.1,,,,,14.78,93.5,0.62,44.25,0.0,0.0,9.0,980.0,,35.25,42.75,4.3,15.3,11.6,32.3,35.4,0.79,16.32,0.1,0.9,,,,,16.48,83.0,1.38,137.0,0.0,0.0,8.0,988.75,,,,,,,,,,,,,,,,,,,,,,0.0,,,,,,,,,,,,,,,,,,,,,,,,0.0,,,
2024-12-28 03:00:00,29.47,56.47,5.27,16.02,12.81,,,1.35,13.3,,,,,,,,,,,,0,,,,22.9,41.2,15.38,35.82,31.56,47.7,8.88,2.52,48.58,1.98,2.89,1.91,,1.34,1.79,,94.93,0.54,170.24,,0,17.92,,-0.06,,,,,,,,,,,,,,,,,,,,,0.0,,,,59.0,97.0,21.02,25.52,30.55,48.58,8.75,0.64,10.6,1.45,5.52,,,,,14.32,97.0,0.32,190.25,0.0,0.0,6.5,975.0,,,,,,,,,,,,,,,,,,,,,,0.0,,,,,,,,,,,,,,,,,,,,,,,,0.0,,,,62.75,65.5,18.45,24.3,27.92,30.1,5.35,0.79,3.92,0.98,11.4,,,,,16.02,89.0,0.75,210.25,0.0,0.0,5.0,986.75,,62.0,111.0,12.95,38.78,31.12,42.0,9.48,0.73,12.42,1.35,37.48,,,,,14.52,93.5,0.32,52.0,0.0,0.0,9.0,978.0,,34.25,45.25,6.38,34.35,23.48,30.22,34.35,0.85,10.95,0.1,0.85,,,,,16.0,83.0,0.95,161.75,0.0,0.0,8.25,988.25,,,,,,,,,,,,,,,,,,,,,,0.0,,,,,,,,,,,,,,,,,,,,,,,,0.0,,,
2024-12-28 04:00:00,15.0,41.8,7.4,21.16,17.27,,,1.43,11.26,,,,,,,,,,,,0,,,,12.12,43.22,15.51,35.88,31.69,46.94,8.85,4.26,49.74,1.9,2.93,1.86,,1.3,1.78,,94.93,0.39,119.39,,0,17.8,,-0.04,,,,,,,,,,,,,,,,,,,,,0.0,,,,46.0,79.0,13.05,21.98,22.12,51.9,9.75,0.6,9.02,1.1,2.97,,,,,14.32,97.0,0.22,162.75,0.0,0.0,7.0,975.0,,,,,,,,,,,,,,,,,,,,,,0.0,,,,,,,,,,,,,,,,,,,,,,,,0.0,,,,72.25,77.25,18.77,23.65,27.85,29.28,5.0,0.75,4.15,1.12,14.82,,,,,15.98,89.5,0.65,300.5,0.0,0.0,5.0,987.0,,62.0,105.0,10.7,47.22,33.83,39.65,9.35,0.75,11.0,1.2,35.78,,,,,14.6,93.25,0.45,52.0,0.0,0.0,9.0,978.0,,30.25,45.5,12.68,37.3,30.15,29.05,35.48,0.87,4.53,0.1,0.88,,,,,15.98,83.0,0.88,164.75,0.0,0.0,8.0,988.75,,,,,,,,,,,,,,,,,,,,,,0.0,,,,,,,,,,,,,,,,,,,,,,,,0.0,,,
2024-12-28 05:00:00,13.1,41.16,11.42,26.01,23.13,,,1.38,11.86,,,,,,,,,,,,0,,,,12.8,49.68,14.81,29.19,27.56,48.56,8.7,5.2,49.8,1.98,2.8,1.83,,1.26,1.76,,94.95,0.52,138.57,,0,18.12,,-0.08,,,,,,,,,,,,,,,,,,,,,0.0,,,,42.0,83.0,34.72,25.58,41.92,52.32,10.32,0.78,8.72,1.12,2.32,,,,,14.3,97.0,0.25,171.25,0.0,0.0,7.0,975.0,,,,,,,,,,,,,,,,,,,,,,0.0,,,,,,,,,,,,,,,,,,,,,,,,0.0,,,,67.0,72.0,19.32,23.68,28.32,29.8,5.1,0.7,4.62,0.95,17.55,,,,,15.68,87.75,0.42,259.5,0.0,0.0,5.0,987.0,,63.0,103.0,13.55,44.08,34.42,39.02,9.07,0.77,9.82,0.92,34.52,,,,,14.52,93.0,0.85,52.0,0.0,0.0,9.0,978.0,,32.75,41.25,11.42,24.28,22.2,28.12,36.83,0.86,3.72,0.1,0.88,,,,,15.5,83.75,0.78,106.25,0.0,0.0,8.0,988.0,,,,,,,,,,,,,,,,,,,,,,0.0,,,,,,,,,,,,,,,,,,,,,,,,0.0,,,
2024-12-28 06:00:00,13.98,46.68,8.09,22.74,18.65,,,1.36,11.7,,,,,,,,,,,,0,,,,11.07,43.3,14.88,33.09,29.03,46.16,8.85,1.01,48.95,2.0,2.92,1.89,,1.25,1.72,,94.95,0.8,127.81,,0,18.03,,-0.08,,,,,,,,,,,,,,,,,,,,,0.0,,,,56.0,86.0,27.78,26.02,36.33,52.88,10.35,0.91,8.7,1.12,2.28,,,,,14.3,97.0,0.25,208.25,0.0,0.0,6.25,975.0,,,,,,,,,,,,,,,,,,,,,,0.0,,,,,,,,,,,,,,,,,,,,,,,,0.0,,,,,,20.48,23.58,29.2,30.12,5.47,0.79,5.6,0.9,19.3,,,,,15.7,89.75,0.35,197.75,0.0,0.0,5.0,986.5,,59.0,92.0,14.08,40.83,33.15,36.15,9.57,0.82,8.48,0.8,31.78,,,,,14.5,93.0,0.98,52.0,0.0,0.0,9.0,978.75,,26.5,34.75,20.85,22.2,28.78,27.28,36.85,0.95,3.92,0.1,0.8,,,,,15.58,83.75,0.98,131.25,0.0,0.0,8.0,989.0,,,,,,,,,,,,,,,,,,,,,,0.0,,,,,,,,,,,,,,,,,,,,,,,,0.0,,,
2024-12-28 07:00:00,18.24,46.4,9.66,20.1,18.56,,,1.4,11.98,,,,,,,,,,,,0,,,,7.18,46.05,15.14,36.82,31.89,47.07,8.82,1.32,49.52,1.92,2.9,1.84,,1.34,1.78,,94.94,0.73,98.62,,0,21.1,,-0.02,59.17,66.4,23.35,53.31,57.64,59.32,45.91,0.37,21.48,0.14,,,,0.03,0.27,13.55,99.7,1.09,124.63,0.0,0.0,4.69,,,68.0,119.0,36.68,32.7,47.2,52.2,12.9,1.19,7.52,1.38,3.1,,,,,14.35,97.0,0.28,196.25,0.0,0.0,7.5,975.0,,,,,,,,,,,,,,,,,,,,,,0.0,,,,,,,,,,,,,,,,,,,,,,,,0.0,,,,86.0,89.0,24.85,23.8,32.83,29.35,5.2,0.99,4.9,0.88,20.12,,,,,15.85,89.25,0.7,262.25,0.0,0.0,7.75,987.0,,63.0,103.0,11.55,33.02,26.95,29.45,9.35,0.89,9.3,0.85,27.8,,,,,14.5,93.0,0.78,52.0,0.0,0.0,10.25,981.0,,35.25,44.25,9.07,26.92,21.7,29.5,35.62,0.89,5.95,0.1,0.85,,,,,15.82,83.25,1.15,76.75,0.0,0.0,10.0,990.0,,,,,,,,,,,,,,,,,,,,,,0.0,,,,,,,,,,,,,,,,,,,,,,,,0.0,,,
2024-12-28 08:00:00,36.94,50.84,20.43,25.0,29.91,,,1.52,11.72,,,,,,,,,,,,0,,,,,65.43,15.3,34.14,30.6,47.46,8.89,1.32,49.49,1.98,2.93,1.86,,1.3,1.78,,94.93,0.49,72.62,,0,26.3,,0.05,59.88,72.79,22.72,52.99,75.71,59.72,46.08,0.54,21.82,0.19,,,,0.04,0.15,13.91,99.7,0.37,128.95,0.0,0.0,10.87,,,102.0,163.0,41.32,33.22,51.4,52.25,12.8,1.48,8.1,1.65,4.82,,,,,14.6,97.0,0.32,201.5,0.0,0.0,17.75,975.0,,,,,,,,,,,,,,,,,,,,,,0.0,,,,,,,,,,,,,,,,,,,,,,,,0.0,,,,87.5,92.5,29.35,24.98,37.15,28.72,5.7,1.25,4.28,1.02,21.92,,,,,16.2,86.25,0.55,258.25,0.0,0.0,17.5,987.0,,72.0,114.0,9.4,31.28,24.28,26.32,9.35,1.05,10.15,1.05,26.88,,,,,14.68,93.0,0.8,52.0,0.0,0.0,19.0,981.0,,36.75,53.25,11.28,32.42,26.4,30.15,35.0,0.99,4.85,0.1,0.9,,,,,16.12,83.0,1.0,116.0,0.0,0.0,17.0,991.5,,,,,,,,,,,,,,,,,,,,,,0.0,,,,,,,,,,,,,,,,,,,,,,,,0.0,,,
2024-12-28 09:00:00,49.81,67.9,35.49,30.54,45.12,,,1.72,13.43,,,,,,,,,,,,0,,,,8.82,74.95,15.64,35.76,31.73,48.23,10.33,1.51,48.97,2.03,2.84,1.88,,1.27,1.81,,94.93,0.8,100.1,,0,34.65,,0.11,68.14,87.0,23.14,53.52,77.87,60.02,46.74,0.62,22.29,0.12,,,,0.09,0.09,14.24,99.68,0.5,129.04,0.0,0.0,13.71,,,124.0,202.0,36.92,36.83,49.75,52.72,15.38,1.48,7.95,1.98,5.45,,,,,14.75,97.0,0.3,192.25,0.0,0.0,20.25,975.0,,,,,,,,,,,,,,,,,,,,,,0.0,,,,,,,,,,,,,,,,,,,,,,,,0.0,,,,95.5,107.5,35.08,24.82,41.72,29.35,5.53,1.48,4.6,1.23,22.22,,,,,16.48,85.75,0.8,293.25,0.0,0.0,35.0,987.0,,106.0,167.0,15.42,35.8,31.6,25.7,9.4,1.2,9.6,1.4,26.28,,,,,14.82,93.0,0.68,52.0,0.0,0.0,17.0,981.75,,36.0,56.5,28.7,35.1,42.02,30.08,34.95,1.1,4.6,0.1,0.82,,,,,16.45,83.0,0.9,110.25,0.0,0.0,26.5,992.5,,,,,,,,,,,,,,,,,,,,,,0.0,,,,,,,,,,,,,,,,,,,,,,,,0.0,,,
2024-12-28 10:00:00,66.56,89.07,61.1,36.99,69.36,,,1.92,13.84,,,,,,,,,,,,0,,,,35.12,88.9,15.01,34.78,30.7,46.85,9.76,1.83,49.62,1.94,2.91,1.92,,1.3,1.76,,94.93,0.89,124.7,,0,39.28,,0.16,90.71,110.15,22.64,34.56,57.59,56.61,46.84,0.75,22.02,0.38,,,,0.03,0.15,14.59,99.57,0.17,129.0,0.0,0.0,23.68,,,128.0,219.0,41.55,33.42,51.65,52.65,16.05,1.65,7.0,1.78,4.35,,,,,14.78,97.0,0.25,162.25,0.0,0.0,18.75,975.0,,,,,,,,,,,,,,,,,,,,,,0.0,,,,,,,,,,,,,,,,,,,,,,,,0.0,,,,115.75,131.5,39.75,26.35,46.32,28.88,6.1,1.66,4.15,1.6,22.22,,,,,16.55,84.0,1.23,319.75,0.0,0.0,37.75,987.0,,116.0,186.0,26.4,48.82,47.42,28.2,10.45,1.57,10.55,1.75,47.2,,,,,15.12,92.25,0.78,52.0,0.0,0.0,27.5,980.0,,38.25,58.5,47.22,44.42,62.08,32.75,35.17,1.33,4.4,0.1,0.88,,,,,16.75,83.0,0.88,119.75,0.0,0.0,36.25,993.0,,,,,,,,,,,,,,,,,,,,,,0.0,,,,,,,,,,,,,,,,,,,,,,,,0.0,,,
2024-12-28 11:00:00,71.0,103.76,70.36,50.16,83.88,,,2.2,13.09,,,,,,,,,,,,0,,,,37.48,96.85,14.32,33.72,29.58,47.22,8.71,1.65,49.65,2.0,2.84,1.9,,1.34,1.84,,94.91,0.84,142.28,,0,35.1,,0.15,92.7,114.1,22.86,33.61,56.46,56.9,46.75,0.88,21.97,0.26,,,,0.07,0.12,14.84,99.33,0.32,129.0,0.0,0.0,20.58,,,157.0,229.0,27.45,36.02,41.48,52.28,14.6,1.19,7.58,1.85,4.62,,,,,14.9,98.0,0.28,168.5,0.0,0.0,33.25,975.0,,,,,,,,,,,,,,,,,,,,,,0.0,,,,,,,,,,,,,,,,,,,,,,,,0.0,,,,155.75,181.0,39.65,26.88,46.52,29.2,6.82,1.57,3.68,1.88,24.1,,,,,16.6,81.5,2.0,266.0,0.0,0.0,28.5,987.0,,167.0,263.0,34.0,53.58,56.12,38.1,11.68,1.45,10.65,3.08,106.78,,,,,15.5,91.0,0.52,52.0,0.0,0.0,35.25,978.25,,49.5,69.5,56.48,50.68,72.85,34.7,36.02,1.57,4.65,0.12,1.23,,,,,17.0,83.0,0.88,133.0,0.0,0.0,40.5,993.0,,,,,,,,,,,,,,,,,,,,,,0.0,,,,,,,,,,,,,,,,,,,,,,,,0.0,,,
2024-12-28 12:00:00,83.34,117.64,43.62,56.1,65.28,,,2.21,12.73,,,,,,,,,,,,0,,,,23.25,121.95,19.48,43.78,39.12,48.39,8.89,0.76,48.83,2.0,2.9,1.92,,1.34,1.7,,94.9,0.98,130.43,,0,44.62,,0.18,110.08,136.52,23.29,33.78,57.07,56.76,46.89,1.03,21.9,0.09,,,,0.05,0.11,14.91,98.71,0.31,129.07,0.0,0.0,30.13,,,115.0,193.0,27.28,32.42,39.52,52.42,13.22,1.27,7.98,2.68,3.82,,,,,14.98,98.0,0.32,179.75,0.0,0.0,35.25,975.0,,117.0,135.0,,,0.0,,,,,,,,,,,,,,,,0.0,,,,,,,,,,,,,,,,,,,,,,,,0.0,,,,174.5,215.0,37.83,27.68,45.5,28.98,6.53,1.13,4.4,2.35,28.2,,,,,16.7,80.5,2.1,312.5,0.0,0.0,50.75,987.0,,178.0,276.0,28.88,50.58,50.35,42.2,11.65,1.17,10.48,2.68,76.32,,,,,15.6,90.0,0.72,47.0,0.0,0.0,35.0,978.0,,56.75,85.75,67.3,58.55,85.88,34.62,37.45,1.87,4.72,0.15,1.6,,,,,17.38,83.0,0.95,101.25,0.0,0.0,48.0,992.0,,,,,,,,,,,,,,,,,,,,,,0.0,,,,,,,,,,,,,,,,,,,,,,,,0.0,,,
2024-12-28 13:00:00,108.4,148.38,33.56,60.63,59.54,,,2.17,13.15,,,,,,,,,,,,0,,,,16.38,102.93,18.86,41.94,37.64,49.44,8.89,0.14,49.2,1.96,2.88,1.91,,1.31,1.72,,94.72,1.02,126.96,,0,38.67,,0.06,125.0,167.7,23.06,33.47,56.54,56.88,46.74,1.15,21.77,0.12,,,,0.05,0.06,15.07,97.93,0.67,111.91,0.0,0.0,29.81,,,120.0,200.0,21.38,28.25,32.25,53.0,12.35,1.17,6.68,1.78,3.45,,,,,15.02,98.0,0.35,194.75,0.0,0.0,32.5,975.0,,,,6.0,28.92,20.18,63.1,11.6,0.57,,0.0,0.57,,,,,17.9,82.75,0.55,133.0,0.0,0.0,43.75,995.75,,,,,,,,,,,,,,,,,,,,,,0.0,,,,136.75,155.0,34.25,27.28,42.38,29.5,5.85,1.06,4.22,2.68,27.55,,,,,16.9,78.0,1.8,323.75,0.0,0.0,40.5,986.75,,169.0,259.0,23.25,47.97,44.42,40.67,11.35,0.97,11.42,2.05,85.7,,,,,15.68,89.5,0.72,52.0,0.0,0.0,61.25,978.0,,70.75,109.5,66.12,70.4,91.2,35.05,38.12,2.03,4.25,0.2,1.95,,,,,17.35,83.0,1.3,96.75,0.0,0.0,46.5,991.5,,,,,,,,,,,,,,,,,,,,,,0.0,,,,,,,,,,,,,,,,,,,,,,,,0.0,,,
2024-12-28 14:00:00,115.05,148.78,24.26,47.5,44.98,,,1.99,12.39,,,,,,,,,,,,0,,,,11.95,109.32,19.06,39.62,36.58,49.33,8.97,0.02,48.07,1.98,2.88,1.9,,1.29,1.79,,93.84,1.14,132.19,,0,37.65,,-0.09,125.0,177.61,22.98,33.44,56.45,57.0,46.55,1.23,21.52,0.21,,,,0.04,0.2,15.17,96.05,1.06,61.1,0.0,0.0,51.27,,,122.0,191.0,18.95,27.25,29.75,53.25,11.6,0.74,7.85,1.02,2.48,,,,,15.15,97.75,0.28,184.5,0.0,0.0,49.5,975.0,,90.0,99.0,6.22,22.25,16.9,77.25,8.9,0.61,14.85,0.0,0.02,,,,,18.12,83.0,0.6,130.5,0.0,0.0,51.5,995.0,,,,,,,,,,,,,,,,,,,,,,0.0,,,,144.0,158.5,27.68,33.62,40.4,32.25,5.9,1.18,3.3,2.82,23.32,,,,,16.82,79.75,1.95,321.75,0.0,0.0,37.0,986.75,,140.0,212.0,7.68,37.65,26.3,36.08,10.65,0.67,16.55,1.55,68.2,,,,,15.85,87.0,0.72,65.5,0.0,0.0,54.5,978.75,,89.25,142.25,32.85,70.8,64.32,35.35,37.88,2.01,7.4,0.3,2.75,,,,,17.42,83.0,1.65,118.75,0.0,0.0,70.75,991.0,,,,,,,,,,,,,,,,,,,,,,0.0,,,,,,,,,,,,,,,,,,,,,,,,0.0,,,
2024-12-28 15:00:00,80.39,113.73,11.72,32.76,26.96,,,1.74,14.51,,,,,,,,,,,,0,,,,8.62,116.9,11.36,20.48,20.1,47.66,8.83,0.67,48.5,1.98,2.84,1.84,,1.33,1.8,,92.94,1.03,106.92,,0,43.05,,-0.08,129.4,200.84,22.86,33.62,56.48,56.87,46.33,1.18,21.34,0.24,,,,0.06,0.26,15.24,93.72,1.18,87.29,0.0,0.0,32.47,,,112.0,182.0,15.15,27.98,27.2,52.9,11.62,0.84,8.52,0.92,2.35,,,,,15.42,95.75,0.5,190.75,0.0,0.0,52.75,975.0,,86.0,100.0,5.95,23.22,17.3,88.75,9.22,0.52,31.22,0.52,2.65,,,,,18.35,83.0,0.68,118.25,0.0,0.0,35.0,994.0,,,,,,,,,,,,,,,,,,,,,,0.0,,,,139.25,168.75,24.97,29.07,35.77,31.63,5.97,1.18,19.7,2.62,19.92,,,,,17.02,79.75,1.82,327.75,0.0,0.0,46.25,986.0,,130.0,196.0,4.9,34.4,22.3,27.52,9.65,0.62,16.1,1.08,46.1,,,,,15.8,87.75,0.95,69.25,0.0,0.0,28.75,981.0,,102.25,166.0,13.95,60.32,43.42,33.78,37.48,1.44,12.2,0.3,4.03,,,,,17.3,83.0,1.62,117.5,0.0,0.0,51.5,989.75,,,,,,,,,,,,,,,,,,,,,,0.0,,,,,,,,,,,,,,,,,,,,,,,,0.0,,,
2024-12-28 16:00:00,84.18,133.91,9.32,35.02,26.21,,,1.78,14.82,,,,,,,,,,,,0,,,,23.3,113.6,14.33,25.73,25.34,48.45,8.76,0.74,49.12,1.99,2.87,1.89,,1.32,1.72,,92.91,0.84,93.98,,0,27.28,,-0.1,131.05,147.75,22.87,33.76,56.68,56.82,46.15,1.07,21.71,0.6,,,,0.05,0.07,15.25,92.85,1.05,131.39,0.0,0.0,12.64,,,125.0,201.0,19.95,34.08,34.62,52.12,12.82,1.04,8.78,1.18,2.92,,,,,15.25,96.5,0.45,196.25,0.0,0.0,23.75,975.0,,78.0,96.0,6.08,25.38,18.42,86.28,6.85,0.57,33.88,0.9,5.62,,,,,18.42,83.0,0.55,107.75,0.0,0.0,18.0,994.5,,,,,,,,,,,,,,,,,,,,,,0.0,,,,135.0,168.0,,,,,,,5.22,2.62,17.15,,,,,16.98,81.0,1.45,319.0,0.0,0.0,20.0,986.0,,129.0,196.0,4.58,36.95,23.4,25.62,9.4,0.69,14.38,1.1,40.83,,,,,15.55,88.0,0.48,74.5,0.0,0.0,14.75,981.25,,99.0,153.0,9.25,51.68,35.0,33.83,36.6,1.2,12.95,0.3,3.97,,,,,17.18,83.0,1.55,102.0,0.0,0.0,34.5,989.0,,,,,,,,,,,,,,,,,,,,,,0.0,,,,,,,,,,,,,,,,,,,,,,,,0.0,,,
2024-12-28 17:00:00,81.17,135.08,7.49,31.47,22.83,,,1.68,14.42,,,,,,,,,,,,0,,,,23.35,109.38,15.2,33.32,30.08,47.89,8.74,0.9,49.32,1.99,2.9,1.86,,1.25,1.72,,94.02,0.86,79.57,,0,19.05,,-0.11,118.86,160.25,22.98,33.51,56.46,57.0,46.48,0.96,22.4,0.47,,,,0.04,0.12,15.21,92.98,1.15,136.94,0.0,0.0,1.32,,,161.0,246.0,20.6,39.85,38.0,51.25,14.75,1.35,6.5,2.05,5.12,,,,,15.18,96.25,0.42,197.0,0.0,0.0,9.25,975.0,,77.0,83.0,9.3,29.6,23.3,78.08,7.53,0.77,28.4,0.68,3.18,,,,,18.32,83.0,0.65,104.0,0.0,0.0,5.25,995.0,,,,,,,,,,,,,,,,,,,,,,0.0,,,,131.75,161.25,18.38,36.85,34.55,37.62,4.4,1.12,4.45,2.8,31.58,,,,,16.77,82.0,1.48,325.5,0.0,0.0,6.5,986.0,,132.0,218.0,4.6,36.4,23.12,24.1,9.4,0.89,16.2,0.95,33.48,,,,,15.25,88.75,0.8,43.5,0.0,0.0,10.25,981.0,,98.5,154.5,8.72,51.72,34.6,35.4,36.07,1.22,7.8,0.22,4.5,,,,,17.05,83.0,1.32,87.75,0.0,0.0,11.0,987.5,,,,,,,,,,,,,,,,,,,,,,0.0,,,,,,,,,,,,,,,,,,,,,,,,0.0,,,
2024-12-28 18:00:00,80.38,140.97,6.8,31.72,22.4,,,1.69,13.48,,,,,,,,,,,,0,,,,15.68,100.02,15.99,34.13,31.16,48.09,8.6,1.35,49.2,2.02,2.86,1.87,,1.3,1.84,,94.2,0.88,93.58,,0,18.42,,-0.11,136.0,186.85,23.29,33.8,57.05,56.87,46.44,0.88,22.08,0.44,,,,0.04,0.19,15.21,92.52,1.82,162.11,0.0,0.0,,,,174.0,284.0,25.22,42.25,43.25,50.58,16.7,1.77,7.28,2.12,5.1,,,,,15.2,96.25,0.38,199.5,0.0,0.0,6.5,975.0,,102.0,107.0,11.6,37.55,29.35,77.05,9.05,1.01,20.4,0.0,0.1,,,,,17.95,83.0,0.48,115.25,0.0,0.0,4.0,995.5,,,,,,,,,,,,,,,,,,,,,,0.0,,,,114.0,140.25,20.9,29.52,32.68,33.17,4.77,1.09,4.22,2.65,32.62,,,,,16.7,82.0,1.45,312.0,0.0,0.0,5.0,986.0,,132.0,208.0,5.05,36.38,23.42,25.2,9.6,0.89,16.32,1.05,22.88,,,,,15.2,89.0,0.65,39.75,0.0,0.0,9.0,980.25,,103.5,160.75,10.48,52.52,36.45,37.5,36.05,1.26,5.08,0.3,5.28,,,,,17.02,83.0,1.27,80.25,0.0,0.0,8.0,987.0,,,,,,,,,,,,,,,,,,,,,,0.0,,,,,,,,,,,,,,,,,,,,,,,,0.0,,,
2024-12-28 19:00:00,77.06,136.85,7.98,37.32,26.34,,,1.76,13.15,,,,,,,,,,,,0,,,,13.48,110.1,14.56,33.07,29.43,47.11,8.45,1.49,49.16,1.96,2.83,1.94,,1.35,1.76,,93.58,0.94,89.63,,0,18.45,,-0.1,139.04,203.6,22.72,33.73,56.49,56.86,46.19,0.84,22.0,0.4,,,,0.04,0.09,15.11,93.03,0.69,82.77,0.0,0.0,,,,219.0,374.0,30.4,38.72,45.4,50.85,19.02,2.04,7.35,2.98,6.6,,,,,15.12,96.0,0.32,190.75,0.0,0.0,6.25,975.0,,123.0,141.0,13.0,37.35,30.42,74.8,10.5,1.16,23.92,0.0,0.1,,,,,17.8,83.0,0.35,160.25,0.0,0.0,3.5,996.0,,,,,,,,,,,,,,,,,,,,,,0.0,,,,116.25,138.75,23.88,26.75,33.6,31.78,5.1,1.0,3.92,2.48,29.45,,,,,16.7,82.0,1.92,308.25,0.0,0.0,5.0,987.0,,136.0,244.0,5.82,40.85,26.45,33.08,9.82,0.99,13.48,1.27,23.82,,,,,14.98,90.0,0.62,53.25,0.0,0.0,9.0,978.0,,110.25,171.0,8.9,43.22,30.22,37.5,35.6,1.25,5.32,0.35,5.4,,,,,16.88,83.5,1.3,99.25,0.0,0.0,8.0,988.0,,,,,,,,,,,,,,,,,,,,,,0.0,,,,,,,,,,,,,,,,,,,,,,,,0.0,,,
2024-12-28 20:00:00,86.27,141.12,11.89,35.54,28.58,,,1.92,12.92,,,,,,,,,,,,0,,,,33.95,108.02,16.41,35.65,32.3,46.84,8.78,1.71,49.19,1.9,2.88,1.88,,1.22,1.74,,93.01,0.88,71.8,,0,16.32,,-0.09,149.59,212.48,22.9,33.75,56.67,56.88,46.34,0.91,21.96,0.16,,,,0.08,0.13,14.86,94.96,0.72,152.85,0.0,0.0,,,,216.0,346.0,43.7,38.48,55.95,51.3,15.3,1.91,6.42,2.48,5.7,,,,,14.92,97.0,0.28,195.25,0.0,0.0,6.5,975.0,,114.0,135.0,14.98,35.98,31.28,70.72,10.28,1.3,17.5,0.0,0.15,,,,,17.6,83.0,0.32,224.75,0.0,0.0,3.0,996.75,,149.0,210.0,,,68.3,69.5,,,,6.9,10.9,,,,,,,,,,0.0,,,,120.25,146.25,26.35,26.08,35.3,32.65,5.22,1.32,3.85,2.48,31.28,,,,,16.6,82.25,1.2,294.5,0.0,0.0,5.0,987.0,,158.0,255.0,7.55,38.7,26.72,37.2,10.02,1.1,11.92,1.35,28.52,,,,,14.88,90.5,0.8,37.5,0.0,0.0,9.0,978.0,,109.0,173.25,11.25,31.82,26.08,34.85,36.28,1.21,4.42,0.3,4.5,,,,,16.75,83.0,1.12,63.25,0.0,0.0,8.0,989.0,,,,,,,,,,,,,,,,,,,,,,0.0,,,,,,,,,,,,,,,,,,,,,,,,0.0,,,
2024-12-28 21:00:00,92.83,151.59,21.11,36.08,36.36,,,2.09,13.87,,,,,,,,,,,,0,,,,51.1,117.32,16.3,35.85,32.32,47.32,9.8,2.03,50.44,1.97,2.87,1.88,,1.32,1.78,,94.74,0.83,53.36,,0,17.5,,-0.08,159.3,216.32,22.88,33.52,56.36,57.02,46.27,1.11,21.62,0.2,,,,,0.14,14.49,96.6,1.62,156.8,0.0,0.0,,,,218.0,351.0,41.15,33.88,51.45,52.2,14.25,1.5,6.88,3.02,6.92,,,,,14.72,97.75,0.45,224.0,0.0,0.0,6.0,975.0,,100.0,121.0,15.08,31.58,29.05,71.05,10.75,1.44,18.68,0.48,2.85,,,,,17.53,83.0,0.43,329.25,0.0,0.0,3.0,997.0,,218.0,283.0,50.22,62.72,74.18,66.12,7.15,2.45,58.07,7.48,11.0,,,,,14.95,94.5,0.78,315.75,0.0,0.0,49.5,989.25,,147.25,174.75,31.35,27.68,40.2,32.65,6.0,1.8,4.05,2.38,32.48,,,,,16.38,84.0,1.65,305.25,0.0,0.0,5.0,987.0,,152.0,246.0,4.65,35.0,22.42,36.48,9.82,0.96,12.72,1.23,23.2,,,,,14.6,91.5,0.9,39.0,0.0,0.0,9.0,978.0,,101.25,164.75,21.1,30.25,33.25,33.83,37.08,1.5,4.03,0.3,4.38,,,,,16.45,83.0,1.25,73.5,0.0,0.0,8.0,990.0,,,,,,,,,,,,,,,,,,,,,,0.0,,,,,,,,,,,,,,,,,,,,,,,,0.0,,,
2024-12-28 22:00:00,100.04,181.7,15.32,33.38,30.2,,,2.06,13.25,,,,,,,,,,,,0,,,,27.62,130.43,15.25,34.28,30.63,48.34,10.48,1.75,48.42,2.01,2.9,1.87,,1.28,1.81,,94.9,0.85,74.2,,0,17.08,,-0.1,171.17,236.38,23.22,33.66,56.85,56.82,46.23,1.16,21.42,0.41,,,,0.02,0.14,14.08,96.96,0.38,150.88,0.0,0.0,,,,163.0,291.0,37.25,32.52,47.65,51.98,12.4,1.11,6.28,1.55,4.42,,,,,14.55,98.0,0.4,203.5,0.0,0.0,6.5,975.0,,86.0,112.0,15.2,30.1,28.38,63.22,10.82,1.97,15.18,1.55,6.6,,,,,17.12,83.0,0.35,311.75,0.0,0.0,3.0,997.0,,183.0,237.0,40.38,55.1,62.2,52.95,6.67,2.26,,7.62,8.93,,,,,14.78,96.5,0.95,314.5,0.0,0.0,50.0,989.75,,172.5,220.5,39.33,29.65,47.72,32.58,5.92,1.57,3.32,2.98,40.6,,,,,16.1,85.0,1.18,319.25,0.0,0.0,5.0,987.0,,140.0,224.0,4.15,33.5,21.18,33.38,9.98,0.96,11.4,1.32,22.22,,,,,14.18,93.0,0.7,45.0,0.0,0.0,9.0,978.75,,105.0,168.75,19.52,37.08,35.62,34.8,37.02,1.41,3.42,0.3,4.18,,,,,16.18,83.0,1.32,114.75,0.0,0.0,8.0,990.0,,,,,,,,,,,,,,,,,,,,,,0.0,,,,,,,,,,,,,,,,,,,,,,,,0.0,,,
2024-12-28 23:00:00,78.18,169.24,11.18,26.47,23.17,,,2.01,12.84,,,,,,,,,,,,0,,,,67.3,141.9,16.94,37.53,33.73,47.06,10.48,1.23,49.3,2.08,2.85,1.83,,1.31,1.77,,94.9,0.7,102.41,,0,17.67,,-0.09,170.08,223.46,22.54,33.8,56.35,56.87,46.25,1.17,21.36,0.21,,,,0.09,0.09,14.07,97.67,0.93,155.2,0.0,0.0,,,,158.0,279.0,35.5,35.2,47.65,50.78,11.6,0.62,5.85,1.12,3.55,,,,,14.42,98.0,0.3,205.75,0.0,0.0,6.5,975.0,,79.0,100.0,13.85,27.8,26.05,57.75,10.33,2.02,30.35,1.42,3.65,,,,,16.95,82.75,0.55,303.5,0.0,0.0,3.0,997.0,,153.0,221.0,31.18,57.08,55.95,45.32,7.1,1.92,10.77,6.65,7.82,,,,,14.7,97.0,0.75,306.25,0.0,0.0,51.75,990.75,,171.25,238.25,42.08,29.25,49.78,32.5,5.8,1.4,3.45,2.62,41.5,,,,,15.95,86.0,0.7,293.25,0.0,0.0,5.0,987.0,,149.0,248.0,9.1,34.12,25.52,27.5,8.88,1.16,10.0,1.3,30.88,,,,,14.2,94.0,0.7,74.25,0.0,0.0,9.0,981.0,,107.0,163.5,21.15,26.32,31.2,33.35,36.58,1.37,4.25,0.25,4.1,,,,,15.92,83.0,1.27,98.75,0.0,0.0,8.0,990.0,,,,,,,,,,,,,,,,,,,,,,0.0,,,,,,,,,,,,,,,,,,,,,,,,0.0,,,
2024-12-29 00:00:00,74.25,148.8,8.86,29.72,23.0,,,1.79,12.2,,,,,,,,,,,,0,,,,56.65,141.67,15.66,32.72,30.14,47.72,8.72,1.39,48.73,1.93,2.94,1.92,,1.3,1.78,,94.92,1.01,98.45,,0,17.8,,-0.09,156.32,207.1,23.28,33.32,56.58,56.85,46.16,1.1,21.58,0.64,,,,0.05,0.09,14.38,96.97,1.52,170.0,0.0,0.0,,,,131.0,235.0,24.88,30.42,36.42,50.68,9.32,0.38,21.7,1.08,2.88,,,,,14.6,97.75,0.52,199.75,0.0,0.0,6.75,975.0,,67.0,88.0,12.2,27.02,24.25,53.0,10.02,1.09,35.8,1.05,1.85,,,,,17.0,83.0,0.52,214.25,0.0,0.0,3.0,997.0,,147.0,205.0,16.92,50.1,40.45,44.28,7.08,1.5,31.9,5.85,6.0,,,,,14.8,95.75,1.8,315.0,0.0,0.0,48.5,988.75,,166.5,230.0,45.58,29.12,52.5,32.15,5.87,1.12,3.65,2.5,35.38,,,,,16.1,85.75,1.58,310.5,0.0,0.0,5.0,987.0,,139.0,254.0,3.18,23.0,14.82,24.15,9.3,0.82,17.5,1.2,34.15,,,,,14.45,93.25,0.72,61.25,0.0,0.0,9.0,981.0,,93.5,149.0,9.38,32.55,24.98,35.3,35.62,1.14,6.15,0.2,3.35,,,,,16.42,83.0,1.75,85.5,0.0,0.0,8.0,990.0,,,,,,,,,,,,,,,,,,,,,,0.0,,,,,,,,,,,,,,,,,,,,,,,,0.0,,,
2024-12-29 01:00:00,56.81,113.23,5.81,16.08,13.28,,,1.62,13.47,,,,,,,,,,,,0,,,,84.4,138.45,15.28,31.71,29.29,48.37,8.78,1.03,49.2,1.97,2.86,1.87,,1.22,1.77,,94.93,1.1,110.48,,0,17.68,,-0.1,129.72,174.55,22.96,33.43,56.36,56.9,46.43,0.96,22.33,0.23,,,,0.1,0.14,14.4,95.57,1.99,137.54,0.0,0.0,,,,115.0,204.0,11.78,23.35,21.75,51.58,6.6,0.22,27.8,0.92,1.78,,,,,14.5,97.0,0.42,195.0,0.0,0.0,6.75,975.0,,83.0,94.0,10.6,31.32,25.22,50.58,9.55,0.68,33.4,0.78,1.23,,,,,16.98,83.0,0.4,222.25,0.0,0.0,3.0,996.75,,,161.0,8.55,37.8,27.2,45.5,5.18,1.24,15.5,4.53,4.88,,,,,14.62,94.5,1.9,306.0,0.0,0.0,46.5,987.75,,165.0,229.5,42.4,30.85,50.92,33.25,4.88,0.66,4.4,2.4,30.42,,,,,16.05,85.25,1.92,301.75,0.0,0.0,5.0,986.5,,84.0,167.0,1.75,20.35,12.25,22.78,9.07,0.72,18.1,0.9,12.05,,,,,14.4,93.0,0.72,52.75,0.0,0.0,9.0,981.5,,77.75,127.0,5.5,30.25,20.52,35.1,35.3,1.08,5.6,0.2,2.55,,,,,16.58,83.0,2.17,76.0,0.0,0.0,8.0,989.0,,,,,,,,,,,,,,,,,,,,,,0.0,,,,,,,,,,,,,,,,,,,,,,,,0.0,,,
2024-12-29 02:00:00,59.95,90.28,5.5,16.6,13.3,,,1.54,13.93,,,,,,,,,,,,0,,,,48.3,128.2,16.29,32.28,30.41,47.88,8.73,0.92,48.86,2.0,2.93,1.89,,1.34,1.78,,94.93,1.02,100.15,,0,18.1,,-0.1,124.53,170.65,22.97,33.5,56.45,57.01,46.49,0.8,22.15,0.16,,,,0.05,0.18,14.23,94.77,1.08,115.25,0.0,0.0,,,,95.0,158.0,13.6,23.3,23.5,52.0,,,13.27,0.72,1.9,,,,,14.55,97.0,0.5,190.0,0.0,0.0,7.0,975.0,,70.0,88.0,9.7,33.5,25.7,48.9,9.4,0.74,30.0,0.0,0.0,,,,,17.0,83.0,0.48,282.25,0.0,0.0,3.0,996.0,,,128.0,6.8,35.9,24.7,51.9,4.3,1.23,85.7,3.4,3.78,,,,,14.6,94.5,2.1,300.5,0.0,0.0,47.0,988.0,,125.25,170.0,37.3,28.68,45.6,32.33,4.4,0.56,4.05,2.02,25.12,,,,,16.0,85.25,1.62,312.75,0.0,0.0,5.0,987.0,,75.0,144.0,0.9,18.6,10.6,23.8,8.7,0.72,20.23,0.82,8.93,,,,,14.35,93.0,0.72,61.5,0.0,0.0,9.0,980.75,,76.25,123.25,2.4,21.0,13.1,36.5,34.8,0.96,18.18,0.18,2.22,,,,,16.48,83.0,1.75,83.75,0.0,0.0,8.0,989.0,,,,,,,,,,,,,,,,,,,,,,0.0,,,,,,,,,,,,,,,,,,,,,,,,0.0,,,
2024-12-29 03:00:00,63.84,112.63,4.79,12.89,10.75,,,1.5,14.3,,,,,,,,,,,,0,,,,36.83,125.28,16.97,34.53,32.17,50.04,8.72,0.94,49.07,1.98,2.92,1.9,,1.3,1.78,,94.93,0.96,94.16,,0,14.82,,-0.11,118.03,144.06,22.88,33.81,56.7,56.97,46.18,0.68,21.84,0.17,,,,0.04,0.21,14.12,95.46,2.0,129.31,0.0,0.0,,,,90.0,164.0,13.05,20.23,21.3,47.22,11.82,0.51,6.8,0.75,1.68,,,,,14.52,97.0,0.52,193.25,0.0,0.0,6.75,975.0,,83.0,110.0,12.05,30.35,25.92,55.7,10.45,0.78,31.38,0.0,0.0,,,,,16.8,83.0,0.57,317.0,0.0,0.0,3.0,996.0,,,121.0,13.27,36.25,29.98,53.02,2.62,1.21,86.08,3.02,3.2,,,,,14.6,95.0,1.58,309.25,0.0,0.0,47.5,988.0,,116.25,158.75,33.22,27.25,41.5,31.9,4.28,0.54,4.42,1.75,20.65,,,,,16.0,85.0,2.1,299.25,0.0,0.0,5.0,987.0,,83.0,149.0,3.2,21.2,13.9,31.42,9.3,0.61,20.0,0.82,8.25,,,,,14.4,92.0,0.75,62.75,0.0,0.0,9.0,978.0,,69.5,110.5,5.48,21.3,15.75,32.22,34.85,0.89,15.82,0.2,1.85,,,,,16.48,83.75,2.0,87.5,0.0,0.0,8.0,989.0,,,,,,,,,,,,,,,,,,,,,,0.0,,,,,,,,,,,,,,,,,,,,,,,,0.0,,,
2024-12-29 04:00:00,65.94,127.41,4.64,12.42,10.38,,,1.53,14.48,,,,,,,,,,,,0,,,,27.75,113.12,15.35,33.48,30.28,48.26,8.8,0.94,48.99,1.93,2.88,1.8,,1.3,1.86,,94.93,1.24,99.85,,0,14.48,,-0.11,122.71,167.59,22.81,33.8,56.62,56.92,46.16,0.59,21.9,0.22,,,,0.04,0.11,14.03,95.15,2.1,142.36,0.0,0.0,,,,103.0,188.0,11.35,18.75,19.27,50.72,12.3,0.54,8.75,0.82,1.72,,,,,14.45,97.0,0.48,201.5,0.0,0.0,6.25,975.0,,85.0,102.0,10.82,31.9,25.78,50.32,10.0,0.78,33.9,0.0,0.05,,,,,16.65,83.0,0.55,147.5,0.0,0.0,3.25,996.0,,,136.0,8.65,35.08,25.5,52.08,3.83,1.14,89.65,3.02,3.3,,,,,14.58,94.25,1.62,298.5,0.0,0.0,46.75,987.5,,125.5,163.5,31.25,27.25,39.88,33.17,4.02,0.55,3.95,1.6,16.15,,,,,16.0,85.0,2.5,298.5,0.0,0.0,5.0,987.0,,113.0,186.0,3.58,21.82,14.48,28.98,9.1,0.64,20.5,0.85,6.58,,,,,14.3,92.0,0.72,53.5,0.0,0.0,9.0,978.25,,67.75,110.5,4.55,18.05,13.3,32.1,35.28,0.88,15.98,0.1,1.72,,,,,16.5,84.0,2.05,78.5,0.0,0.0,8.0,989.0,,,,,,,,,,,,,,,,,,,,,,0.0,,,,,,,,,,,,,,,,,,,,,,,,0.0,,,
2024-12-29 05:00:00,74.28,113.82,4.33,12.78,10.32,,,1.46,14.55,,,,,,,,,,,,0,,,,19.88,117.88,16.0,33.46,30.8,48.25,8.83,1.08,48.71,2.0,2.93,1.96,,1.3,1.8,,94.83,1.34,100.88,,0,14.3,,-0.11,119.97,152.94,23.17,33.7,56.86,56.81,45.87,0.54,21.45,0.3,,,,0.04,0.11,13.98,94.59,1.81,127.38,0.0,0.0,,,,92.0,167.0,12.08,20.45,20.7,51.4,12.2,0.45,7.5,0.85,1.62,,,,,14.4,97.0,0.48,187.5,0.0,0.0,7.0,975.0,,80.0,100.0,10.45,30.42,24.68,53.02,11.0,0.81,30.52,0.32,0.45,,,,,16.68,83.0,0.45,258.25,0.0,0.0,3.0,996.0,,,138.0,11.82,37.0,29.1,51.42,8.4,1.1,67.25,3.12,3.08,,,,,14.5,94.0,2.45,296.5,0.0,0.0,47.0,988.0,,131.5,169.75,27.68,27.1,36.9,33.38,3.88,0.55,4.58,1.5,13.22,,,,,15.9,85.0,2.38,299.5,0.0,0.0,5.0,987.0,,94.0,152.0,1.42,22.62,13.18,28.85,9.12,0.84,18.7,0.8,7.32,,,,,14.25,92.0,0.7,67.25,0.0,0.0,9.0,978.0,,72.5,115.0,5.88,15.7,13.12,31.78,35.88,0.87,16.88,0.12,1.55,,,,,16.38,84.0,1.85,79.0,0.0,0.0,8.0,989.0,,,,,,,,,,,,,,,,,,,,,,0.0,,,,,,,,,,,,,,,,,,,,,,,,0.0,,,
2024-12-29 06:00:00,71.12,110.73,5.02,17.76,13.53,,,1.52,14.3,,,,,,,,,,,,0,,,,17.6,106.9,15.11,31.59,29.09,47.54,8.55,0.77,48.78,1.98,2.92,1.91,,1.29,1.82,,94.52,1.05,103.38,,0,14.35,,-0.09,115.44,152.32,23.04,33.64,56.68,56.98,45.67,0.48,21.24,0.38,,,,0.02,0.14,14.0,94.2,1.25,137.44,0.0,0.0,,,,96.0,163.0,13.18,22.52,22.67,50.78,12.55,0.46,7.52,0.82,1.9,,,,,14.32,97.0,0.57,190.5,0.0,0.0,6.5,975.0,,69.0,89.0,11.08,29.2,24.52,46.98,10.9,0.81,31.55,1.2,1.55,,,,,16.35,83.0,0.72,325.5,0.0,0.0,3.0,997.0,,,140.0,11.95,35.48,28.45,41.48,10.3,1.16,38.02,3.32,2.98,,,,,14.4,94.0,1.92,309.5,0.0,0.0,47.0,988.0,,125.0,160.5,26.08,25.25,34.62,33.02,3.47,0.52,4.5,1.48,11.08,,,,,15.82,85.0,1.88,295.5,0.0,0.0,5.0,987.0,,92.0,152.0,1.72,20.75,12.42,27.78,9.12,0.81,19.75,0.75,6.5,,,,,14.12,92.0,0.72,60.0,0.0,0.0,9.0,978.75,,73.25,121.25,4.85,19.65,14.38,31.1,35.8,0.88,13.38,0.15,1.35,,,,,16.4,84.0,1.78,74.0,0.0,0.0,8.0,989.5,,,,,,,,,,,,,,,,,,,,,,0.0,,,,,,,,,,,,,,,,,,,,,,,,0.0,,,
2024-12-29 07:00:00,78.7,111.88,5.04,18.42,13.9,,,1.51,14.34,,,,,,,,,,,,0,,,,30.3,113.38,15.88,33.94,30.96,47.88,8.57,0.64,49.06,1.97,2.9,1.89,,1.32,1.86,,94.52,1.18,102.08,,0,16.18,,-0.08,125.18,156.49,23.4,33.76,57.16,56.95,45.61,0.46,21.15,0.3,,,,0.06,0.14,14.02,93.42,2.1,157.6,0.0,0.0,3.35,,,113.0,194.0,14.6,20.5,22.75,50.22,13.25,0.59,7.78,0.55,1.83,,,,,14.2,96.75,0.62,198.25,0.0,0.0,8.0,975.0,,66.0,90.0,9.78,28.62,23.2,45.18,10.4,0.83,32.85,1.05,1.25,,,,,15.88,82.0,0.75,249.0,0.0,0.0,3.75,997.5,,,146.0,12.72,39.48,31.42,33.72,9.95,1.14,35.1,3.35,2.72,,,,,14.4,93.5,2.28,299.0,0.0,0.0,47.0,988.0,,121.25,145.75,24.72,25.72,33.78,32.45,4.3,0.62,4.88,1.2,9.62,,,,,15.88,84.0,1.9,291.75,0.0,0.0,8.0,987.0,,85.0,132.0,1.55,17.48,10.58,23.25,8.65,0.8,20.9,0.72,5.35,,,,,13.9,91.75,0.72,59.25,0.0,0.0,11.5,981.0,,76.0,123.0,6.3,21.48,16.48,30.98,35.58,0.87,13.68,0.12,1.3,,,,,16.4,84.0,1.82,77.25,0.0,0.0,10.25,990.0,,,,,,,,,,,,,,,,,,,,,,0.0,,,,,,,,,,,,,,,,,,,,,,,,0.0,,,
2024-12-29 08:00:00,69.67,110.96,4.93,16.6,12.84,,,1.46,15.86,,,,,,,,,,,,0,,,,18.0,107.32,12.94,26.78,24.75,47.86,8.71,0.42,49.9,2.04,2.92,1.82,,1.34,1.78,,94.78,1.07,86.43,,0,28.18,,-0.02,133.58,165.08,23.28,33.51,56.84,56.96,45.68,0.45,21.32,0.26,,,,0.05,0.14,14.0,92.46,2.26,131.2,0.0,0.0,17.32,,,119.0,194.0,14.78,23.88,24.7,50.12,14.6,0.95,8.48,0.72,2.92,,,,,14.3,94.25,0.57,200.5,0.0,0.0,17.5,975.0,,61.0,78.0,8.57,28.58,22.18,41.95,10.5,0.89,31.48,1.08,1.42,,,,,15.9,82.0,0.45,235.75,0.0,0.0,12.0,999.0,,,157.0,10.72,39.65,29.8,32.83,10.62,1.1,36.1,3.48,2.65,,,,,14.2,91.5,2.8,304.5,0.0,0.0,46.0,985.25,,134.25,157.5,24.28,25.55,33.3,32.02,4.78,0.64,4.22,1.3,8.38,,,,,15.9,83.25,2.08,282.0,0.0,0.0,25.0,987.0,,101.0,152.0,1.5,19.92,11.8,21.18,8.5,0.85,22.15,0.8,5.68,,,,,13.8,91.0,0.72,60.75,0.0,0.0,23.75,981.0,,78.5,129.75,8.6,26.78,21.22,32.7,35.12,0.9,10.62,0.12,1.18,,,,,16.38,84.0,2.15,72.5,0.0,0.0,25.5,990.0,,,,,,,,,,,,,,,,,,,,,,0.0,,,,,,,,,,,,,,,,,,,,,,,,0.0,,,
2024-12-29 09:00:00,71.09,113.58,7.77,17.16,15.44,,,1.47,15.86,,,,,,,,,,,,0,,,,18.85,111.02,12.43,26.78,24.33,47.2,8.62,1.34,44.31,1.95,2.9,1.87,,1.3,1.83,,93.39,1.23,91.12,,0,83.1,,0.09,135.58,168.39,23.04,33.38,56.4,56.91,46.05,0.47,22.15,0.21,,,,0.07,0.16,14.18,91.16,2.26,153.99,0.0,0.0,63.1,,,148.0,232.0,16.9,26.0,27.42,49.4,16.82,1.13,7.82,0.62,2.38,,,,,14.32,92.25,0.55,200.5,0.0,0.0,54.5,975.0,,64.0,80.0,8.6,33.55,24.85,40.38,10.35,0.95,33.8,0.82,1.2,,,,,16.38,83.0,0.5,188.25,0.0,0.0,45.25,999.0,,,150.0,16.1,37.88,33.28,33.72,11.05,1.19,62.4,3.55,2.65,,,,,14.35,89.5,2.1,282.25,0.0,0.0,85.25,985.0,,154.25,181.25,23.72,26.18,33.22,33.88,5.25,0.66,4.08,1.32,7.85,,,,,16.3,80.0,2.45,281.0,0.0,0.0,103.75,987.0,,111.0,166.0,2.08,20.88,12.82,19.8,8.72,0.87,23.4,0.85,5.38,,,,,13.82,89.75,0.75,65.0,0.0,0.0,60.75,981.0,,80.5,130.5,12.88,27.1,24.9,33.6,35.0,0.98,10.02,0.1,1.12,,,,,16.5,84.5,2.52,68.75,0.0,0.0,88.5,990.25,,,,,,,,,,,,,,,,,,,,,,0.0,,,,,,,,,,,,,,,,,,,,,,,,0.0,,,
2024-12-29 10:00:00,66.31,100.03,6.92,13.96,13.05,,,1.51,17.66,,,,,,,,,,,,0,,,,36.78,122.5,13.08,30.19,26.69,46.21,8.48,1.16,49.48,1.94,2.86,1.91,,1.34,1.81,,86.54,1.19,81.12,,0,176.75,,0.24,137.87,180.0,22.82,33.48,56.34,56.96,46.2,0.49,22.02,0.14,,,,0.02,0.12,14.92,87.5,2.52,166.98,0.0,0.0,86.45,,,185.0,266.0,19.0,25.3,28.88,49.52,18.73,1.14,10.2,0.88,4.0,,,,,14.68,90.0,0.72,191.25,0.0,0.0,118.5,975.0,,79.0,89.0,8.48,33.48,24.67,41.02,9.43,1.02,40.75,0.05,0.18,,,,,17.15,79.25,0.62,219.25,0.0,0.0,63.0,999.0,,,168.0,20.78,43.72,40.2,39.52,9.47,1.36,82.58,3.5,2.65,,,,,15.0,84.0,2.2,293.25,0.0,0.0,176.5,984.25,,158.0,191.5,26.0,25.98,34.98,33.05,5.78,0.71,5.5,1.25,7.9,,,,,17.42,72.75,2.52,258.0,0.0,0.0,245.25,987.0,,113.0,164.0,4.18,21.52,14.85,20.02,8.85,0.88,26.22,0.75,6.5,,,,,14.55,85.75,0.7,68.0,0.0,0.0,138.0,980.75,,87.0,136.75,8.73,19.4,17.4,34.2,35.28,1.0,25.7,0.1,1.08,,,,,17.35,78.25,2.38,84.0,0.0,0.0,221.75,990.25,,,,,,,,,,,,,,,,,,,,,,0.0,,,,,,,,,,,,,,,,,,,,,,,,0.0,,,
2024-12-29 11:00:00,61.76,114.7,5.66,15.07,12.62,,,1.58,22.53,,,,,,,,,,,,0,,,,57.03,125.28,16.96,39.68,34.9,47.96,8.5,1.15,48.94,1.96,2.84,1.9,,1.33,1.7,,77.82,1.21,86.77,,0,229.32,,0.28,138.86,176.56,23.19,33.65,56.76,56.87,45.88,0.5,21.79,0.43,,,,0.03,0.18,15.91,83.04,2.74,156.93,0.0,0.0,99.77,,,145.0,229.0,16.12,27.38,27.35,49.05,18.6,0.99,16.23,0.95,2.72,,,,,15.18,86.75,0.75,198.0,0.0,0.0,146.25,975.0,,,,8.02,31.7,23.45,39.85,9.5,1.03,49.78,0.0,0.0,,,,,17.02,78.0,0.57,233.5,0.0,0.0,58.0,999.0,,,199.0,16.15,44.18,36.4,47.28,7.88,1.39,88.78,3.95,6.9,,,,,16.5,75.75,2.17,264.5,0.0,0.0,268.5,983.25,,153.5,178.5,25.15,26.52,34.58,33.5,6.72,0.73,7.48,1.15,8.85,,,,,18.45,67.5,2.52,257.75,0.0,0.0,328.0,986.5,,119.0,167.0,3.65,22.52,14.95,25.12,8.95,0.85,28.68,0.85,6.55,,,,,15.52,80.0,0.7,66.75,0.0,0.0,169.5,978.5,,82.25,130.75,9.7,26.52,22.0,33.95,35.65,1.02,39.95,0.12,1.1,,,,,18.3,71.0,3.1,68.75,0.0,0.0,302.0,990.0,,,,,,,,,,,,,,,,,,,,,,0.0,,,,,,,,,,,,,,,,,,,,,,,,0.0,,,
2024-12-29 12:00:00,55.77,127.12,4.56,13.18,10.72,,,1.51,27.13,,,,,,,,,,,,0,,,,36.25,117.8,19.48,42.38,38.38,48.21,8.48,0.71,48.6,1.96,2.97,1.8,,1.32,1.81,,73.52,1.38,78.12,,0,224.62,,0.23,132.98,155.84,23.29,33.63,56.92,56.9,45.84,0.5,21.86,0.31,,,,0.07,0.13,16.34,80.76,3.25,164.71,0.0,0.0,133.78,,,152.0,238.0,12.48,19.48,20.42,48.78,18.7,0.74,22.25,1.27,2.62,,,,,15.9,81.75,0.9,230.25,0.0,0.0,183.75,975.0,,,,7.58,31.88,23.12,38.28,10.85,1.06,54.15,0.0,0.02,,,,,16.85,78.0,0.7,278.5,0.0,0.0,65.0,998.25,,,200.0,12.75,41.72,32.6,48.1,7.95,1.21,95.3,3.68,10.6,,,,,16.7,73.25,2.45,258.25,0.0,0.0,288.25,983.0,,138.25,164.75,22.55,27.45,32.92,33.55,7.37,0.74,8.62,1.38,9.93,,,,,19.02,64.25,3.18,253.75,0.0,0.0,359.25,986.25,,111.0,160.0,3.68,22.78,15.08,29.1,9.25,0.84,30.2,0.85,6.18,,,,,15.25,80.0,0.75,69.5,0.0,0.0,136.5,978.0,,69.5,119.75,8.57,24.3,19.88,32.45,36.08,0.99,49.05,0.1,1.0,,,,,18.52,68.75,3.4,65.75,0.0,0.0,251.0,990.0,,,,,,,,,,,,,,,,,,,,,,0.0,,,,,,,,,,,,,,,,,,,,,,,,0.0,,,
2024-12-29 13:00:00,62.88,125.96,4.64,12.56,10.45,,,1.52,28.32,,,,,,,,,,,,0,,,,31.6,122.28,20.64,42.91,39.6,50.52,8.56,0.22,48.5,2.01,2.9,1.88,,1.31,1.8,,73.31,1.68,78.92,,0,185.12,,0.14,121.16,150.55,23.01,33.62,56.68,56.91,45.63,0.49,21.54,0.16,,,,0.09,0.21,15.41,82.52,4.54,179.84,0.0,0.0,184.2,,,95.0,182.0,11.48,16.92,18.4,49.75,16.4,0.61,22.75,0.9,1.65,,,,,15.65,80.25,0.95,229.25,0.0,0.0,225.25,975.0,,75.0,81.0,8.0,31.75,23.38,41.75,10.82,1.1,52.58,0.25,0.43,,,,,16.9,78.0,0.7,251.0,0.0,0.0,59.5,997.75,,,164.0,11.28,38.25,29.45,50.7,6.75,1.13,98.35,3.38,7.3,,,,,16.48,73.5,2.78,259.75,0.0,0.0,252.5,983.0,,128.25,167.75,17.4,28.08,29.08,33.85,7.78,0.67,8.02,1.3,12.98,,,,,18.65,64.5,3.62,262.0,0.0,0.0,322.25,986.0,,111.0,156.0,2.95,26.15,16.3,30.08,9.07,0.86,32.02,0.92,6.78,,,,,14.8,81.75,0.72,71.0,0.0,0.0,117.0,977.75,,75.75,137.25,7.2,21.82,17.48,32.3,36.45,0.96,45.48,0.18,0.98,,,,,17.75,71.0,3.68,67.75,0.0,0.0,267.5,990.0,,,,,,,,,,,,,,,,,,,,,,0.0,,,,,,,,,,,,,,,,,,,,,,,,0.0,,,
2024-12-29 14:00:00,59.69,108.76,3.91,10.9,8.97,,,1.52,29.55,,,,,,,,,,,,0,,,,21.68,115.88,10.38,20.47,19.32,46.73,8.5,0.23,48.76,1.94,2.93,1.86,,1.27,1.76,,76.87,1.6,72.88,,0,130.38,,0.06,115.35,141.8,22.75,34.03,56.76,56.84,45.42,0.47,21.84,0.21,,,,0.04,0.12,14.18,85.42,4.08,173.79,0.0,0.0,140.25,,,82.0,135.0,14.5,22.18,23.62,49.68,13.87,0.63,22.55,0.57,1.58,,,,,15.22,81.25,0.82,216.5,0.0,0.0,142.75,975.0,,75.0,79.0,5.98,29.0,20.25,37.88,10.58,1.14,54.48,0.98,1.08,,,,,16.75,78.25,0.72,217.25,0.0,0.0,45.0,997.0,,94.0,157.0,11.38,35.6,28.12,41.98,5.18,1.12,79.22,3.3,4.32,,,,,15.32,78.0,3.12,271.25,0.0,0.0,178.5,983.5,,110.5,148.0,15.2,27.42,26.95,33.85,7.32,0.62,7.5,1.32,14.58,,,,,17.7,67.5,3.68,259.25,0.0,0.0,251.75,986.0,,102.0,156.0,3.35,24.75,15.88,28.25,8.32,0.82,32.67,0.85,7.7,,,,,14.35,83.75,0.7,69.5,0.0,0.0,84.75,978.0,,67.0,117.0,6.5,20.62,16.25,30.9,35.88,0.9,41.0,0.1,0.82,,,,,16.92,74.5,3.48,72.25,0.0,0.0,184.25,989.0,,70.38,173.95,14.94,79.09,54.38,54.7,22.1,2.28,63.72,0.84,7.74,0.84,,1.7,1.45,30.0,30.3,,,0.0,0.0,,996.5,,,,,,,,,,,,,,,,,,,,,,0.0,,,
2024-12-29 15:00:00,61.42,102.32,3.52,11.77,9.12,,,1.5,29.63,,,,,,,,,,,,0,,,,42.68,110.57,13.79,29.27,26.78,48.94,8.34,0.71,48.28,1.98,2.85,1.86,,1.26,1.8,,81.95,1.62,77.97,,0,63.58,,-0.04,113.2,136.94,22.6,33.69,56.29,56.85,45.64,1.22,22.98,0.22,,,,0.05,0.45,13.6,87.7,3.51,175.68,0.0,0.0,56.16,,,84.0,144.0,13.22,21.42,22.12,48.75,14.28,0.72,20.45,0.95,2.0,,,,,14.45,84.75,0.88,213.25,0.0,0.0,69.0,975.0,,64.0,68.0,6.8,28.18,20.52,36.83,10.55,1.18,56.5,0.92,1.05,,,,,16.5,81.5,0.78,289.5,0.0,0.0,38.0,997.0,,83.0,133.0,15.35,36.85,32.25,35.1,5.65,1.18,70.53,3.4,4.1,,,,,14.55,81.75,2.48,268.25,0.0,0.0,91.0,983.5,,100.5,137.25,14.08,26.6,25.6,33.3,6.05,0.65,7.0,1.1,15.1,,,,,16.73,71.75,3.42,262.0,0.0,0.0,122.25,986.0,,97.0,147.0,1.7,21.1,12.62,22.48,8.38,0.81,34.67,0.8,8.32,,,,,14.1,85.25,0.7,72.75,0.0,0.0,55.5,980.75,,62.25,105.75,6.52,21.45,16.7,30.35,35.78,0.93,37.5,0.1,0.7,,,,,16.23,78.25,3.32,73.5,0.0,0.0,93.25,989.0,,68.28,121.82,19.89,77.22,57.25,57.26,22.73,2.18,64.4,0.85,7.75,0.86,,1.68,1.5,30.0,29.91,,,0.0,0.0,,996.5,,,,,,,,,,,,,,,,,,,,,,0.0,,,
2024-12-29 16:00:00,45.32,78.06,3.18,10.26,8.04,,,1.46,30.36,,,,,,,,,,,,0,,,,39.6,103.2,16.5,38.64,33.95,48.9,8.28,1.08,47.9,2.02,2.87,1.85,,1.32,1.74,,86.53,1.48,78.13,,0,30.68,,-0.1,122.04,148.93,22.94,33.6,56.52,56.86,75.56,,,7.76,,,,7.64,7.92,13.1,89.34,3.2,137.35,0.0,0.0,22.18,,,102.0,166.0,15.32,26.55,26.4,48.1,15.4,0.5,16.6,1.15,2.48,,,,,13.95,87.75,0.72,214.75,0.0,0.0,30.25,975.0,,69.0,70.0,5.48,28.72,19.73,38.02,11.4,1.22,57.68,0.82,1.0,,,,,16.25,82.75,0.7,238.0,0.0,0.0,18.25,997.0,,91.0,141.0,12.32,37.5,30.08,35.05,6.75,1.18,67.9,3.6,4.5,,,,,14.0,85.0,1.95,251.5,0.0,0.0,56.75,983.0,,105.75,143.5,14.25,25.78,25.28,32.9,5.75,0.69,6.12,1.2,16.6,,,,,15.8,76.5,3.05,267.5,0.0,0.0,34.5,986.0,,94.0,139.0,1.18,20.45,11.82,20.3,8.48,0.8,33.9,0.75,7.3,,,,,13.75,87.25,0.7,71.75,0.0,0.0,25.75,981.0,,68.0,108.75,6.02,22.52,16.9,30.7,34.9,0.95,37.5,0.15,0.68,,,,,15.9,80.5,3.0,72.25,0.0,0.0,44.5,989.25,,63.68,95.18,15.25,76.67,53.28,52.87,22.56,2.17,41.94,0.85,7.72,0.86,,1.68,1.47,30.0,29.62,,,0.0,0.0,,996.5,,,,,,,,,,,,,,,,,,,,,,0.0,,,
2024-12-29 17:00:00,50.09,76.7,3.24,11.66,8.84,,,1.47,28.49,,,,,,,,,,,,0,,,,26.8,102.8,14.65,35.09,30.56,46.83,8.23,1.16,48.74,1.9,2.92,1.8,,1.28,1.82,,90.1,1.3,90.37,,0,16.82,,-0.13,115.62,144.82,22.92,33.59,56.51,56.84,46.3,,,0.08,,,,0.05,0.08,12.66,90.51,2.96,154.0,0.0,0.0,4.07,,,153.0,224.0,15.0,28.58,27.35,47.88,16.48,0.73,14.45,1.05,2.9,,,,,13.55,90.25,0.75,218.0,0.0,0.0,10.5,975.0,,69.0,85.0,5.5,33.7,22.38,33.88,10.13,1.28,57.38,0.8,1.02,,,,,15.95,83.0,0.8,216.0,0.0,0.0,5.75,997.0,,100.0,152.0,10.18,36.83,27.88,35.45,6.88,1.2,79.45,3.65,5.93,,,,,13.48,87.5,2.58,282.75,0.0,0.0,39.5,983.0,,117.0,150.75,15.15,26.4,26.32,33.12,5.85,0.75,6.5,1.23,16.92,,,,,15.22,79.75,2.72,274.25,0.0,0.0,8.75,986.0,,89.0,146.0,1.27,20.42,11.9,19.18,8.35,0.83,33.9,0.75,4.53,,,,,13.32,89.5,0.7,69.5,0.0,0.0,11.25,981.0,,63.25,110.0,5.58,24.4,17.48,30.92,34.9,1.0,33.58,0.1,0.82,,,,,15.68,83.75,2.72,69.0,0.0,0.0,15.25,989.0,,61.0,100.28,38.31,63.15,64.67,63.52,22.31,2.19,42.35,0.86,7.83,0.88,,1.66,1.41,30.0,29.44,,,0.0,0.0,,996.5,,,,,,,,,,,,,,,,,,,,,,0.0,,,
2024-12-29 18:00:00,48.1,83.44,3.19,11.46,8.69,,,1.57,29.34,,,,,,,,,,,,0,,,,24.6,102.5,19.47,42.36,38.36,49.91,8.25,0.92,49.57,2.0,2.83,1.94,,1.32,1.81,,91.6,1.33,88.93,,0,14.72,,-0.14,115.18,140.2,23.26,33.44,56.69,56.89,46.43,,,0.29,,,,0.04,0.15,12.42,91.46,2.82,161.56,0.0,0.0,,,,170.0,262.0,16.08,31.6,29.85,47.42,17.4,0.98,11.12,1.08,3.68,,,,,13.42,91.0,0.68,217.5,0.0,0.0,6.25,975.0,,62.0,80.0,5.82,33.57,22.62,34.22,9.57,1.3,58.18,0.05,0.25,,,,,15.75,83.0,0.92,244.25,0.0,0.0,3.25,997.0,,89.0,139.0,10.8,40.05,30.0,42.55,6.22,1.26,88.18,3.58,4.05,,,,,13.3,89.25,2.33,277.25,0.0,0.0,39.0,983.0,,121.25,155.75,16.6,25.6,27.12,32.8,5.3,0.82,5.9,1.27,16.32,,,,,15.02,81.25,2.78,261.5,0.0,0.0,5.0,986.75,,84.0,134.0,1.65,23.6,13.85,18.98,8.1,0.82,32.3,0.7,4.3,,,,,13.12,90.0,0.7,70.0,0.0,0.0,9.0,980.75,,70.75,125.0,4.7,26.0,17.65,31.78,34.88,1.05,28.68,0.1,0.92,,,,,15.45,85.0,2.65,72.75,0.0,0.0,8.0,989.5,,60.53,102.52,39.92,68.93,69.31,68.63,23.51,2.31,25.22,1.06,7.78,1.9,,2.76,0.96,30.0,29.4,,,0.0,0.0,,996.5,,,,,,,,,,,,,,,,,,,,,,0.0,,,
2024-12-29 19:00:00,60.18,94.68,3.04,15.12,10.52,,,1.51,26.95,,,,,,,,,,,,0,,,,13.25,109.18,17.09,37.0,33.57,48.36,8.35,0.69,48.98,2.0,2.94,1.83,,1.3,1.76,,92.56,1.4,75.2,,0,14.48,,-0.12,122.42,144.5,23.03,33.52,56.58,56.9,46.42,,,0.1,,,,0.02,0.11,12.17,92.26,3.16,169.26,0.0,0.0,,,,167.0,235.0,16.6,29.67,29.2,47.18,17.95,0.81,11.35,1.3,4.12,,,,,13.2,91.75,0.75,199.0,0.0,0.0,6.5,975.0,,69.0,81.0,5.98,32.48,22.18,34.25,9.88,1.33,55.98,0.0,0.05,,,,,15.55,83.0,0.75,291.5,0.0,0.0,3.0,997.75,,99.0,152.0,9.55,37.0,27.5,45.58,5.9,1.19,87.55,3.58,3.68,,,,,13.0,90.25,2.45,286.25,0.0,0.0,39.25,983.0,,130.75,168.75,17.0,24.95,27.1,32.58,4.55,0.81,6.15,1.45,18.4,,,,,14.85,81.75,3.0,272.5,0.0,0.0,5.0,987.0,,102.0,171.0,2.2,27.9,16.6,22.45,7.8,0.84,26.48,0.78,4.7,,,,,13.1,90.0,0.7,67.5,0.0,0.0,9.0,979.0,,70.25,124.75,5.7,21.48,16.05,31.08,35.0,1.03,32.38,0.15,0.95,,,,,15.25,84.75,2.92,68.25,0.0,0.0,8.0,990.0,,58.38,137.15,42.9,69.69,72.08,71.01,23.17,2.34,25.54,1.1,7.62,1.95,,2.74,0.96,30.0,29.38,,,0.0,0.0,,996.5,,,,,,,,,,,,,,,,,,,,,,0.0,,,
2024-12-29 20:00:00,75.36,121.58,3.21,16.82,11.56,,,1.46,24.92,,,,,,,,,,,,0,,,,8.6,105.07,16.09,35.04,31.71,47.51,8.43,0.87,49.19,1.92,2.88,1.83,,1.25,1.85,,94.41,1.35,69.47,,0,14.58,,-0.11,121.28,154.21,22.74,33.55,56.31,56.82,46.03,,,0.34,,,,0.06,0.15,11.68,93.27,3.38,176.4,0.0,0.0,,,,139.0,219.0,12.3,25.2,23.4,47.48,14.9,0.71,13.75,0.98,3.7,,,,,13.2,92.5,0.68,210.75,0.0,0.0,6.5,975.0,,69.0,73.0,6.45,32.22,22.4,33.85,9.52,1.39,53.9,0.0,0.0,,,,,15.35,82.5,0.82,321.5,0.0,0.0,3.0,998.0,,124.0,178.0,11.8,42.62,32.15,47.72,5.38,1.2,83.18,3.58,3.32,,,,,12.98,91.0,2.15,273.5,0.0,0.0,39.0,983.0,,118.75,154.5,16.8,26.52,27.8,34.6,4.18,0.69,6.2,1.32,17.77,,,,,14.52,83.0,3.12,267.25,0.0,0.0,5.0,986.5,,128.0,202.0,2.78,30.02,18.2,25.98,7.72,0.86,24.48,0.75,5.65,,,,,13.12,90.0,0.75,68.5,0.0,0.0,9.0,978.25,,63.0,114.0,5.52,18.77,14.48,29.25,34.95,0.99,32.0,0.1,0.8,,,,,15.02,84.0,2.62,72.5,0.0,0.0,8.0,990.0,,62.2,182.22,50.76,64.67,75.73,74.34,23.3,2.18,15.01,1.04,7.74,1.95,,2.82,1.0,30.0,29.36,,,0.0,0.0,,996.5,,,,,,,,,,,,,,,,,,,,,,0.0,,,
2024-12-29 21:00:00,105.5,137.06,3.11,11.5,8.65,,,1.46,29.24,,,,,,,,,,,,0,,,,43.03,98.1,16.79,37.47,33.58,46.72,8.44,0.86,48.11,2.01,2.86,1.89,,1.32,1.78,,94.9,1.39,76.67,,0,14.72,,-0.12,125.76,160.47,22.96,33.51,56.44,56.98,45.77,,,0.37,,,,0.06,0.13,11.67,93.86,3.3,171.39,0.0,0.0,,,,106.0,183.0,13.32,19.8,21.3,47.65,13.2,0.68,17.8,1.12,2.2,,,,,13.28,93.0,0.72,195.75,0.0,0.0,6.25,975.5,,66.0,81.0,6.65,30.7,21.75,37.35,10.05,1.43,52.48,0.08,0.18,,,,,15.4,82.0,0.68,296.5,0.0,0.0,3.0,998.0,,112.0,162.0,11.42,37.45,29.2,46.72,5.52,1.05,80.92,3.35,4.05,,,,,13.0,91.0,2.6,265.5,0.0,0.0,39.25,983.0,,111.0,147.75,16.85,26.18,27.62,33.88,4.28,0.66,7.0,1.38,15.28,,,,,14.62,83.75,2.65,263.25,0.0,0.0,5.0,987.0,,136.0,211.0,2.33,27.72,16.62,27.12,7.62,0.85,25.7,0.8,5.12,,,,,13.1,90.0,0.7,67.75,0.0,0.0,9.0,978.0,,63.25,111.0,4.45,19.23,13.9,27.95,35.85,0.95,30.75,0.1,0.65,,,,,14.9,84.0,2.95,71.75,0.0,0.0,8.0,990.0,,67.85,131.25,57.56,57.92,77.67,76.21,23.52,2.18,15.56,1.1,7.74,1.92,,2.71,0.94,30.0,29.36,,,0.0,0.0,,996.5,,,,,,,,,,,,,,,,,,,,,,0.0,,,
2024-12-29 22:00:00,39.33,103.52,3.16,8.91,7.3,,,1.47,29.46,,,,,,,,,,,,0,,,,22.43,100.03,20.4,43.96,39.96,48.46,8.59,1.17,48.84,1.89,2.89,1.86,,1.29,1.74,,94.88,1.37,80.74,,0,14.47,,-0.12,132.68,185.8,22.94,33.44,56.38,56.92,45.59,,,0.2,,,,0.03,0.15,11.6,94.24,2.99,171.26,0.0,0.0,,,,97.0,153.0,9.9,17.53,17.3,47.8,13.07,0.5,18.6,1.0,2.07,,,,,13.3,93.0,0.6,216.67,0.0,0.0,6.0,975.33,,59.0,83.0,6.32,27.9,19.95,34.45,10.35,1.47,56.88,0.95,1.08,,,,,15.4,82.0,0.57,294.75,0.0,0.0,3.0,998.0,,89.0,123.0,12.48,30.67,26.38,37.08,6.05,1.07,84.72,3.1,4.08,,,,,12.98,91.25,2.1,283.5,0.0,0.0,38.5,983.0,,103.75,135.5,16.98,26.6,27.95,33.08,4.1,0.56,9.02,1.35,12.98,,,,,14.68,83.25,2.62,270.0,0.0,0.0,5.0,987.0,,121.0,202.0,1.68,20.83,12.45,25.48,7.52,0.79,32.45,0.75,4.82,,,,,13.05,90.75,0.7,67.75,0.0,0.0,9.0,978.75,,74.5,121.5,5.32,20.4,15.15,27.85,35.35,0.96,28.1,0.1,0.6,,,,,14.9,83.75,2.58,73.5,0.0,0.0,8.0,990.0,,67.3,130.43,62.07,54.02,79.45,77.6,23.52,2.17,15.32,1.07,7.7,1.97,,2.74,0.94,30.0,29.38,,,0.0,0.0,,996.5,,,,,,,,,,,,,,,,,,,,,,0.0,,,
2024-12-29 23:00:00,44.86,92.13,3.05,5.43,5.36,,,1.44,32.29,,,,,,,,,,,,0,,,,26.0,80.8,20.16,43.61,39.59,48.18,8.55,1.54,48.67,1.97,2.95,1.93,,1.31,1.86,,94.89,1.33,84.37,,0,14.4,,-0.13,120.92,161.2,22.83,33.62,56.48,56.92,45.51,,,0.4,,,,0.02,0.04,11.58,94.42,3.0,150.19,0.0,0.0,,,,82.0,149.0,8.1,24.15,19.58,47.98,12.25,0.4,18.55,0.8,1.48,,,,,13.25,93.25,0.72,188.0,0.0,0.0,6.75,975.5,,55.0,74.0,6.02,29.42,20.58,34.67,10.43,1.54,54.58,0.9,1.02,,,,,15.48,82.0,0.57,280.5,0.0,0.0,3.0,997.75,,79.0,111.0,8.32,33.75,24.7,31.52,8.78,1.03,81.28,2.85,2.65,,,,,12.92,91.0,2.65,280.25,0.0,0.0,36.75,981.75,,86.25,113.25,16.05,26.08,26.9,32.15,4.0,0.5,9.85,1.2,10.38,,,,,14.6,83.25,2.78,272.25,0.0,0.0,5.0,987.0,,91.0,158.0,2.28,17.9,11.38,22.18,7.75,0.8,31.78,0.57,3.8,,,,,13.0,91.75,0.72,62.75,0.0,0.0,9.0,981.0,,81.75,128.75,4.8,21.78,15.52,28.42,35.17,0.96,26.48,0.1,0.57,,,,,14.9,83.5,2.65,73.75,0.0,0.0,8.0,990.0,,61.6,115.1,64.4,50.14,78.96,77.51,24.14,2.15,11.55,1.04,7.75,2.07,,2.68,0.97,30.0,29.36,,,0.0,0.0,,996.5,,,,,,,,,,,,,,,,,,,,,,0.0,,,
2024-12-30 00:00:00,32.32,69.94,2.97,3.57,4.32,,,1.41,33.77,,,,,,,,,,,,0,,,,26.8,77.4,17.78,34.67,32.9,49.66,8.73,0.99,48.37,1.96,2.84,1.88,,1.31,1.81,,94.46,1.4,86.31,,0,14.55,,-0.14,106.0,126.14,22.77,33.74,56.48,56.88,45.54,,,0.26,,,,0.02,0.08,11.71,94.19,2.55,153.06,0.0,0.0,,,,73.0,135.0,11.35,19.9,19.75,48.68,12.12,0.3,22.02,0.78,1.6,,,,,13.3,93.0,0.65,194.0,0.0,0.0,6.5,976.0,,53.0,85.0,5.92,30.6,21.1,34.58,11.25,0.88,55.65,0.9,1.1,,,,,15.6,82.0,0.68,234.25,0.0,0.0,3.0,997.0,,78.0,107.0,6.55,28.48,20.5,31.32,8.7,0.94,76.9,2.78,2.58,,,,,12.85,90.25,2.8,271.25,0.0,0.0,34.5,980.5,,73.5,94.75,16.2,24.15,26.02,32.62,4.03,0.47,10.98,1.0,8.65,,,,,14.68,82.75,2.82,271.0,0.0,0.0,5.0,987.0,,97.0,183.0,1.08,16.95,9.9,20.05,8.93,0.79,36.7,0.57,3.92,,,,,13.1,91.25,0.7,68.5,0.0,0.0,9.0,981.0,,83.75,133.0,5.08,17.9,13.65,27.7,34.78,0.94,29.08,0.1,0.6,,,,,14.92,83.75,2.33,79.25,0.0,0.0,8.0,990.0,,54.78,133.18,65.86,49.49,79.93,77.7,24.87,2.2,11.51,2.58,7.05,5.87,,3.72,2.92,30.0,29.36,,,0.0,0.0,,996.5,,,,,,,,,,,,,,,,,,,,,,0.0,,,
2024-12-30 01:00:00,31.66,77.14,2.89,2.81,3.85,,,1.42,35.95,,,,,,,,,,,,0,,,,15.95,70.97,18.72,33.52,33.05,49.27,8.74,0.86,48.43,1.97,2.91,1.9,,1.32,1.82,,92.83,1.03,77.95,,0,14.48,,-0.15,102.98,143.68,22.34,33.5,55.9,56.93,45.92,,,0.43,,,,0.02,0.09,11.86,93.42,3.08,166.2,0.0,0.0,,,,65.5,124.0,9.35,16.65,16.6,48.32,11.08,0.24,24.4,0.8,1.58,,,,,13.32,92.0,0.52,201.5,0.0,0.0,6.25,975.5,,61.0,101.0,4.9,33.4,21.75,33.6,11.22,0.52,53.7,0.78,1.02,,,,,15.72,82.75,0.82,162.0,0.0,0.0,3.5,997.0,,69.0,89.0,5.82,26.78,19.05,33.17,8.7,0.84,78.7,2.45,2.62,,,,,12.98,89.75,1.75,255.0,0.0,0.0,34.5,980.0,,75.75,89.75,14.9,26.15,26.02,34.35,4.3,0.44,13.2,1.05,7.98,,,,,14.8,81.75,2.75,265.75,0.0,0.0,5.0,986.75,,96.0,179.0,1.05,17.62,9.6,19.02,9.15,0.81,38.5,0.62,5.25,,,,,13.25,90.5,0.72,57.75,0.0,0.0,9.0,981.5,,75.0,134.0,4.28,15.32,11.65,26.98,34.95,0.88,34.2,0.1,0.57,,,,,15.05,84.0,2.68,75.25,0.0,0.0,8.0,990.0,,51.22,103.78,69.29,42.86,78.96,77.58,24.39,2.08,10.2,2.6,6.98,5.82,,3.72,2.92,30.0,29.37,,,0.0,0.0,,996.5,,,,,,,,,,,,,,,,,,,,,,0.0,,,
2024-12-30 02:00:00,36.11,69.17,2.7,1.98,3.25,,,1.34,41.76,,,,,,,,,,,,0,,,,10.62,61.28,19.18,35.16,34.3,49.72,8.84,1.04,48.27,2.0,2.91,1.86,,1.22,1.69,,87.96,1.25,89.66,,0,14.18,,-0.18,96.16,133.3,22.8,33.7,56.49,56.93,46.26,,,0.18,,,,0.03,0.21,12.02,92.25,2.21,154.44,0.0,0.0,,,,63.0,119.0,9.9,15.8,16.4,47.9,,,24.6,0.5,1.08,,,,,13.28,90.25,0.55,186.25,0.0,0.0,6.5,975.0,,75.0,125.0,5.0,32.9,21.6,34.8,11.2,0.52,50.6,0.05,0.15,,,,,15.85,83.0,0.7,153.0,0.0,0.0,3.75,996.5,,69.0,96.0,11.6,28.2,24.7,38.4,8.9,0.76,103.28,2.08,2.62,,,,,12.98,86.5,2.12,251.0,0.0,0.0,34.25,980.0,,68.5,82.5,15.12,22.45,24.28,33.28,4.05,0.36,13.0,1.03,6.6,,,,,14.78,78.25,2.65,281.25,0.0,0.0,5.0,987.0,,110.0,174.0,0.6,15.7,8.9,20.2,9.5,0.77,37.93,0.62,6.98,,,,,13.22,87.75,0.75,64.75,0.0,0.0,9.0,981.25,,70.5,125.75,4.6,10.2,9.2,28.0,34.9,0.84,44.6,0.1,0.6,,,,,15.2,84.25,2.35,78.25,0.0,0.0,8.0,989.25,,47.97,76.75,70.36,42.31,79.29,77.68,24.34,2.17,12.35,2.61,7.02,5.75,,3.71,2.79,30.0,29.35,,,0.0,0.0,,996.5,,,,,,,,,,,,,,,,,,,,,,0.0,,,
2024-12-30 03:00:00,380.06,71.94,2.98,2.28,3.64,,,1.33,42.39,,,,,,,,,,,,0,,,,13.38,54.5,20.7,36.98,36.5,48.39,8.86,1.03,48.53,1.97,2.92,1.88,,1.29,1.78,,87.4,1.19,78.31,,0,14.0,,-0.18,,,,,,,,,,,,,,,,,,,,,0.0,,,,71.25,119.0,5.98,17.1,13.88,45.42,13.88,0.24,26.32,0.4,1.1,,,,,13.0,89.0,0.68,202.75,0.0,0.0,6.5,975.0,,83.0,111.0,6.02,32.22,22.05,41.03,10.9,0.55,57.05,0.0,0.0,,,,,15.8,83.0,0.78,196.0,0.0,0.0,3.5,996.0,,79.0,96.0,5.88,26.3,18.62,39.8,7.12,0.72,112.42,1.9,2.72,,,,,12.8,85.75,2.2,261.75,0.0,0.0,34.5,980.0,,70.25,75.5,14.52,25.02,25.15,32.08,3.75,0.35,11.92,0.72,6.02,,,,,14.72,78.5,2.3,274.25,0.0,0.0,5.0,987.0,,95.0,133.0,1.2,19.15,11.15,24.02,9.52,0.66,35.67,0.68,7.98,,,,,13.18,86.0,0.72,63.25,0.0,0.0,9.0,979.0,,67.0,111.0,4.95,13.35,11.18,25.88,34.33,0.82,40.92,0.1,0.55,,,,,15.2,84.75,2.22,71.75,0.0,0.0,8.0,989.0,,45.05,97.05,70.46,41.53,79.15,77.35,24.62,2.1,10.54,2.61,6.94,5.77,,3.7,2.89,30.0,29.39,,,0.0,0.0,,996.5,,,,,,,,,,,,,,,,,,,,,,0.0,,,
2024-12-30 04:00:00,295.54,91.36,2.94,3.94,4.49,,,1.38,37.91,,,,,,,,,,,,0,,,,10.98,56.52,19.98,37.87,36.38,47.88,8.92,1.44,48.24,1.87,2.86,1.88,,1.32,1.79,,86.83,1.4,75.48,,0,13.88,,-0.19,,,,,,,,,,,,,,,,,,,,,0.0,,,,77.75,119.0,7.35,16.75,14.85,46.62,14.8,0.34,25.02,0.4,1.02,,,,,12.82,89.0,0.7,189.75,0.0,0.0,6.75,975.0,,78.0,85.0,5.22,30.72,20.65,36.85,10.65,0.58,61.8,0.0,0.08,,,,,15.52,82.25,0.65,227.75,0.0,0.0,3.0,995.75,,72.0,88.0,7.55,27.8,20.8,39.98,6.45,0.74,114.1,1.92,2.98,,,,,12.68,86.0,2.55,268.25,0.0,0.0,34.0,980.0,,82.25,89.25,14.2,25.92,25.35,32.92,3.78,0.4,11.68,0.7,5.22,,,,,14.35,78.0,2.88,280.75,0.0,0.0,5.0,987.0,,128.0,182.0,1.2,21.3,12.32,22.82,9.28,0.7,32.65,0.62,7.58,,,,,12.95,86.0,0.7,75.0,0.0,0.0,9.0,979.0,,59.25,105.5,4.62,12.58,10.45,25.38,35.28,0.81,42.58,0.1,0.5,,,,,15.12,84.0,2.42,74.75,0.0,0.0,8.0,989.0,,42.55,95.95,66.25,47.72,79.12,77.2,24.62,2.19,12.13,2.61,7.0,5.75,,3.74,2.91,30.0,29.36,,,0.0,0.0,,996.5,,,,,,,,,,,,,,,,,,,,,,0.0,,,
2024-12-30 05:00:00,90.1,100.1,2.82,6.42,5.71,,,1.34,36.08,,,,,,,,,,,,0,,,,7.85,65.1,18.43,28.42,30.1,49.32,8.93,1.74,49.22,2.0,2.84,1.88,,1.25,1.81,,87.46,1.14,70.96,,0,14.0,,-0.2,,,,,,,,,,,,,,,,,,,,,0.0,,,,84.25,152.0,8.72,15.9,15.62,46.9,14.92,0.42,24.52,0.57,1.3,,,,,12.62,89.25,0.6,216.75,0.0,0.0,6.25,975.5,,70.0,77.0,4.22,33.88,21.45,36.05,10.9,0.64,56.72,0.0,0.02,,,,,15.25,83.0,0.82,211.5,0.0,0.0,3.25,995.5,,78.0,92.0,5.25,29.08,19.77,37.65,7.4,0.8,106.88,2.08,2.92,,,,,12.38,86.5,1.98,247.25,0.0,0.0,34.5,980.0,,88.0,98.0,14.55,25.08,25.15,32.78,3.75,0.46,12.38,0.75,4.82,,,,,14.15,79.0,2.7,284.0,0.0,0.0,5.0,987.0,,116.0,166.0,1.23,21.42,12.4,23.42,8.72,0.78,31.52,0.6,7.42,,,,,12.68,86.75,0.75,93.25,0.0,0.0,9.0,979.0,,64.5,108.75,5.25,14.15,11.75,24.32,35.58,0.84,37.6,0.1,0.52,,,,,15.02,84.0,2.25,75.5,0.0,0.0,8.0,989.0,,41.7,110.6,62.58,52.54,78.53,77.02,24.86,2.2,15.47,2.59,6.97,5.81,,3.72,2.88,30.0,29.4,,,0.0,0.0,,996.5,,,,,,,,,,,,,,,,,,,,,,0.0,,,
2024-12-30 06:00:00,67.63,99.41,2.94,6.45,5.82,,,1.37,32.91,,,,,,,,,,,,0,,,,11.7,60.5,21.14,35.51,36.07,47.92,8.96,0.59,48.44,1.98,2.88,1.88,,1.24,1.84,,87.88,1.19,61.58,,0,14.05,,-0.18,,,,,,,,,,,,,,,,,,,,,0.0,,,,82.25,135.0,8.57,18.1,16.38,47.1,14.38,0.48,23.32,0.45,1.4,,,,,12.5,89.5,0.72,222.5,0.0,0.0,6.25,976.0,,69.0,75.0,5.58,28.88,19.85,33.83,10.38,0.7,56.15,0.75,0.92,,,,,14.92,83.0,0.7,119.5,0.0,0.0,3.75,996.0,,79.0,99.0,10.25,25.0,21.58,28.92,8.0,0.86,98.3,2.25,5.1,,,,,12.18,86.25,2.17,245.25,0.0,0.0,35.0,980.25,,88.5,99.25,14.62,25.72,25.6,33.02,3.57,0.49,9.07,0.72,4.38,,,,,14.08,79.0,2.72,286.0,0.0,0.0,5.0,987.0,,107.0,160.0,2.3,22.98,14.08,22.98,8.68,0.8,29.7,0.6,5.25,,,,,12.45,87.0,0.7,102.75,0.0,0.0,9.0,979.25,,69.25,111.5,4.9,17.58,13.3,23.9,35.3,0.88,33.22,0.1,0.5,,,,,14.72,84.0,2.55,70.0,0.0,0.0,8.0,989.0,,41.08,90.92,60.24,57.23,79.37,79.37,24.46,2.23,15.14,2.57,7.04,5.72,,3.68,2.83,30.0,29.42,,,0.0,0.0,,996.5,,,,,,,,,,,,,,,,,,,,,,0.0,,,
2024-12-30 07:00:00,80.26,97.57,2.82,9.09,7.13,,,1.39,29.0,,,,,,,,,,,,0,,,,9.65,65.3,8.5,12.84,13.54,46.65,8.68,0.25,49.0,2.02,2.85,1.83,,1.27,1.8,,88.13,1.12,69.93,,0,17.58,,-0.12,107.68,143.1,23.06,51.52,49.74,59.97,45.66,0.0,,0.27,,,,0.04,0.19,10.83,90.22,2.15,165.77,0.0,0.0,4.78,,,84.75,133.0,9.12,19.75,17.95,46.9,14.2,0.58,20.72,0.43,1.52,,,,,12.35,89.75,0.62,202.5,0.0,0.0,8.5,976.0,,61.0,69.0,5.03,29.38,19.68,33.0,10.5,0.76,52.68,0.88,1.0,,,,,14.75,83.0,0.62,282.25,0.0,0.0,4.5,996.5,,79.0,108.0,5.85,32.45,22.05,25.02,7.9,0.93,88.88,2.5,3.02,,,,,12.08,86.5,1.68,210.0,0.0,0.0,34.5,980.0,,100.5,114.25,16.42,27.1,27.75,33.52,4.0,0.57,9.35,0.78,4.4,,,,,13.9,79.25,2.38,271.25,0.0,0.0,9.75,987.0,,103.0,157.0,1.78,20.08,12.15,19.98,8.95,0.8,29.42,0.57,5.15,,,,,12.18,87.0,0.7,79.0,0.0,0.0,11.5,981.0,,69.25,115.0,5.4,15.9,12.85,23.28,36.17,0.88,34.92,0.1,0.5,,,,,14.42,84.0,2.33,70.0,0.0,0.0,10.75,989.0,,42.97,128.57,48.4,73.12,78.32,78.52,24.25,2.3,22.49,1.69,7.87,1.76,,0.97,0.45,30.0,29.47,,,0.0,0.0,,996.5,,,,,,,,,,,,,,,,,,,,,,0.0,,,
2024-12-30 08:00:00,76.36,99.85,3.17,10.36,8.09,,,1.38,26.58,,,,,,,,,,,,0,,,,28.42,69.12,10.44,24.4,21.44,44.83,8.5,1.45,48.13,1.99,2.96,1.86,,1.3,1.79,,87.08,1.21,76.62,,0,29.65,,-0.04,108.72,135.07,22.53,50.96,73.46,60.06,45.51,,,0.28,,,,0.05,0.33,10.56,89.48,2.71,169.96,0.0,0.0,18.23,,,98.75,168.0,14.05,19.45,21.58,46.58,14.07,0.75,16.92,0.32,1.83,,,,,12.3,89.0,0.68,212.25,0.0,0.0,22.25,976.0,,66.0,73.0,5.52,28.98,19.88,32.42,10.45,0.78,51.35,0.92,0.95,,,,,14.68,82.75,0.78,243.0,0.0,0.0,15.75,997.25,,117.0,158.0,12.32,37.92,30.0,25.1,8.5,1.06,80.3,3.42,2.48,,,,,12.08,85.75,2.1,234.25,0.0,0.0,41.75,980.0,,107.0,125.25,17.95,26.8,28.85,32.88,4.03,0.61,6.68,0.78,4.2,,,,,13.9,78.25,2.48,270.75,0.0,0.0,29.25,987.0,,100.0,153.0,1.45,20.0,11.78,18.23,9.35,0.84,28.75,0.62,4.9,,,,,12.22,86.5,0.7,73.0,0.0,0.0,25.75,981.0,,61.5,109.25,5.82,22.35,16.62,25.05,35.5,0.92,27.18,0.1,0.5,,,,,14.3,83.75,2.33,67.5,0.0,0.0,28.5,990.0,,44.72,125.98,30.96,96.84,76.68,76.68,24.66,2.23,22.67,1.7,7.76,1.84,,0.97,0.44,30.0,29.59,,,0.0,0.0,,996.5,,,,,,,,,,,,,,,,,,,,,,0.0,,,
2024-12-30 09:00:00,72.98,92.62,3.95,11.19,9.16,,,1.42,25.56,,,,,,,,,,,,0,,,,32.33,76.93,12.39,29.15,25.58,46.76,8.25,0.53,49.04,,,,,,,,84.98,1.16,60.74,,0,59.95,,0.02,106.72,135.0,22.88,52.63,75.44,59.68,45.88,,,0.2,,,,0.04,0.11,10.85,87.41,2.17,150.57,0.0,0.0,50.66,,,119.5,183.0,12.92,25.18,23.82,45.88,14.8,0.78,16.8,0.52,2.2,,,,,12.42,87.25,0.65,213.0,0.0,0.0,58.0,976.0,,66.0,72.0,5.98,31.18,21.42,31.7,9.22,0.79,53.95,0.78,0.85,,,,,15.08,79.5,0.72,241.5,0.0,0.0,37.75,998.0,,125.0,182.0,16.92,37.12,33.38,26.72,9.12,1.15,77.32,3.08,2.65,,,,,12.38,83.5,1.75,229.25,0.0,0.0,69.0,980.0,,115.25,142.5,18.48,26.88,29.35,32.7,4.03,0.59,6.82,0.9,4.3,,,,,14.15,75.5,2.25,271.5,0.0,0.0,80.25,987.0,,105.0,152.0,3.28,20.85,13.72,17.23,9.15,0.87,28.18,0.6,5.32,,,,,12.42,84.75,0.72,82.25,0.0,0.0,50.25,981.0,,53.75,110.75,6.2,20.35,15.82,25.28,34.78,0.88,30.6,0.1,0.5,,,,,14.42,80.5,2.38,70.75,0.0,0.0,68.0,990.0,,48.72,135.95,22.52,102.49,72.62,72.88,24.21,1.94,32.5,1.69,7.66,1.9,,0.97,0.47,30.0,29.88,,,0.0,0.0,,996.5,,,,,,,,,,,,,,,,,,,,,,0.0,,,
2024-12-30 10:00:00,66.94,96.85,4.64,13.45,10.93,,,1.48,26.62,,,,,,,,,,,,0,,,,57.65,83.55,15.21,33.78,30.34,47.74,8.14,1.08,49.43,,,,,,,,80.46,1.13,74.92,,0,110.88,,0.11,108.29,131.04,23.08,53.9,77.17,59.09,46.38,0.25,22.35,0.07,,,,0.03,0.15,11.36,85.26,2.78,153.25,0.0,0.0,99.68,,,131.0,210.0,13.05,22.95,22.78,45.78,15.35,0.82,17.75,0.55,2.45,,,,,12.88,84.5,0.62,202.0,0.0,0.0,93.5,975.75,,63.0,69.0,5.85,32.08,21.78,31.35,9.6,0.79,53.3,0.18,0.22,,,,,15.35,77.25,0.62,305.0,0.0,0.0,52.0,998.25,,136.0,238.0,15.1,40.9,34.02,28.45,8.8,1.3,102.95,3.3,7.38,,,,,12.75,80.5,1.92,235.5,0.0,0.0,96.5,980.0,,125.5,158.5,19.92,27.52,30.85,34.65,3.92,0.64,6.9,0.75,4.6,,,,,14.72,71.75,2.35,264.0,0.0,0.0,137.75,987.0,,96.0,151.0,1.98,22.8,13.75,17.35,9.05,0.88,30.63,0.75,6.75,,,,,12.8,82.5,0.72,71.5,0.0,0.0,81.25,980.75,,52.75,109.0,7.75,21.6,17.77,25.78,34.65,0.88,30.95,0.1,0.5,,,,,14.92,76.5,2.38,72.0,0.0,0.0,128.75,990.0,,52.68,155.48,21.88,94.98,68.31,68.61,23.57,1.44,32.58,1.7,7.67,1.81,,0.94,0.47,30.0,30.12,,,0.0,0.0,,996.5,,,,,,,,,,,,,,,,,,,,,,0.0,,,
2024-12-30 11:00:00,70.72,110.6,5.01,14.8,11.94,,,1.48,27.68,,,,,,,,,,,,0,,,,39.95,97.43,17.66,41.66,36.52,46.35,8.01,,48.88,2.02,2.98,1.88,,1.3,1.82,,77.05,1.2,63.5,,0,138.92,,0.14,106.99,132.5,22.89,36.38,60.98,56.4,46.46,0.29,22.28,0.24,,,,0.02,0.2,12.0,83.22,3.05,166.23,0.0,0.0,132.48,,,121.75,195.0,14.2,23.48,23.85,45.87,15.1,0.83,19.77,0.78,2.4,,,,,13.15,82.0,0.8,214.0,0.0,0.0,118.75,976.0,,,,4.57,31.92,20.7,31.52,8.97,0.82,57.38,0.0,0.0,,,,,15.5,76.5,0.82,292.75,0.0,0.0,69.5,998.5,,129.0,221.0,17.85,38.42,35.02,32.35,9.38,1.21,106.38,3.9,5.42,,,,,13.02,79.0,2.15,219.0,0.0,0.0,115.25,980.0,,135.0,171.75,19.92,30.42,32.42,35.3,4.35,0.72,7.3,0.9,6.32,,,,,15.35,68.5,2.9,275.5,0.0,0.0,207.0,987.0,,116.0,164.0,2.73,23.97,14.93,20.43,8.97,0.79,27.3,1.02,19.02,,,,,13.25,80.5,0.7,82.5,0.0,0.0,95.5,978.75,,59.75,111.75,7.65,22.42,18.18,25.4,34.9,0.87,37.58,0.1,0.5,,,,,15.25,73.75,2.98,74.75,0.0,0.0,185.75,990.0,,54.55,131.35,21.54,85.41,63.07,63.22,23.01,1.47,45.69,1.68,7.57,1.87,,0.96,0.46,30.0,30.56,,,0.0,0.0,,996.5,,,,,,,,,,,,,,,,,,,,,,0.0,,,
2024-12-30 12:00:00,67.15,102.89,4.53,12.28,10.22,,,1.46,29.98,,,,,,,,,,,,0,,,,23.4,,16.39,36.23,32.6,50.22,8.18,,,2.0,2.89,1.9,,1.29,1.85,,72.94,1.05,65.69,,0,205.57,,0.21,104.54,142.26,24.02,29.18,53.19,56.29,46.16,0.34,22.16,0.21,,,,0.03,0.09,12.39,82.01,3.01,155.9,0.0,0.0,164.65,,,118.75,184.0,15.0,21.52,23.62,45.2,15.4,0.74,23.75,0.85,2.4,,,,,13.75,79.0,0.7,218.25,0.0,0.0,171.25,976.0,,59.0,72.0,5.88,31.22,21.4,31.6,11.28,0.87,58.85,0.0,0.0,,,,,15.8,75.25,0.7,252.5,0.0,0.0,83.0,998.0,,111.0,200.0,15.9,36.9,32.5,,10.3,1.17,106.98,3.88,8.52,,,,,13.52,77.0,2.42,233.5,0.0,0.0,171.25,980.0,,127.25,181.25,19.8,30.45,32.28,34.75,4.6,0.68,8.82,1.08,7.62,,,,,15.95,65.75,2.95,270.5,0.0,0.0,312.75,987.0,,117.0,162.0,14.7,20.0,25.1,30.3,117.4,5.28,23.45,1.02,19.0,,,,,13.72,78.25,0.7,92.75,0.0,0.0,151.5,978.0,,57.5,110.75,7.45,18.45,15.85,25.78,35.38,0.86,42.48,0.1,0.5,,,,,15.98,71.25,2.7,71.75,0.0,0.0,242.25,990.0,,53.68,131.4,18.56,79.08,57.16,57.19,22.39,1.42,45.84,0.86,7.65,0.87,,1.74,1.47,30.0,30.83,,,0.0,0.0,,996.5,,,,,,,,,,,,,,,,,,,,,,0.0,,,
2024-12-30 13:00:00,59.22,131.37,4.72,15.05,11.84,,,1.47,34.09,,,,,,,,,,,,0,,,,,,18.47,37.57,35.0,49.44,8.12,0.9,48.93,1.95,2.82,1.81,,1.35,1.79,,69.21,1.09,68.91,,0,175.67,,0.15,110.25,148.17,23.64,31.01,54.37,55.4,46.2,0.3,22.87,0.68,,,,0.02,0.04,13.22,79.33,3.16,174.31,0.0,0.0,248.34,,,102.5,161.0,11.28,22.35,21.05,45.38,15.62,0.8,27.3,0.88,2.22,,,,,14.2,76.25,0.78,224.0,0.0,0.0,167.5,976.0,,66.0,69.0,5.95,31.78,21.72,35.35,12.28,0.92,58.05,0.05,0.05,,,,,16.15,74.5,0.65,301.25,0.0,0.0,95.0,997.0,,108.0,194.0,24.75,49.8,46.58,47.52,9.35,1.21,68.55,3.72,8.2,,,,,14.42,72.25,2.15,228.5,0.0,0.0,220.5,979.25,,112.75,158.0,20.45,31.55,33.4,34.38,4.58,0.74,10.07,1.2,9.65,,,,,16.7,63.0,2.68,267.75,0.0,0.0,327.5,987.0,,95.0,149.0,3.3,26.18,16.58,27.85,9.45,0.83,24.58,0.98,19.05,,,,,14.3,75.0,0.7,91.0,0.0,0.0,141.0,978.0,,63.5,110.0,8.62,21.25,18.3,25.72,35.7,0.88,44.65,0.1,0.5,,,,,16.23,69.5,2.72,70.5,0.0,0.0,233.5,989.0,,54.82,133.12,17.22,71.68,52.01,52.18,22.51,1.49,45.86,0.86,7.56,0.87,,1.76,1.49,30.0,30.8,,,0.0,0.0,,996.5,,,,,,,,,,,,,,,,,,,,,,0.0,,,
2024-12-30 14:00:00,6.85,137.82,4.21,17.1,12.52,,,1.53,37.25,,,,,,,,,,,,0,,,,,,,,,,8.1,1.15,49.0,1.98,2.86,1.9,,1.29,1.82,,67.54,1.25,83.94,,0,118.5,,0.05,99.85,126.91,23.02,33.26,56.32,51.41,46.32,0.27,22.81,0.25,,,,0.02,0.19,13.47,78.23,3.13,162.07,0.0,0.0,160.26,,,99.25,171.0,12.98,21.1,21.9,45.82,16.03,0.54,29.42,0.75,2.1,,,,,14.48,74.75,0.72,211.25,0.0,0.0,153.25,975.5,,61.0,69.0,5.45,30.22,20.5,36.28,12.2,0.97,60.95,0.85,0.65,,,,,16.62,73.0,0.7,267.0,0.0,0.0,95.25,997.0,,110.0,205.0,24.1,50.72,46.6,39.12,10.23,1.22,50.42,3.85,7.98,,,,,14.38,72.25,2.35,235.75,0.0,0.0,209.5,980.0,,112.25,158.5,19.18,34.02,33.67,36.25,4.62,0.72,11.62,1.18,10.8,,,,,16.7,62.25,2.8,267.75,0.0,0.0,281.0,986.75,,116.0,186.0,3.2,26.02,16.45,26.32,9.45,0.9,25.4,1.18,30.2,,,,,14.4,74.5,0.7,91.5,0.0,0.0,179.0,978.5,,66.75,110.0,8.52,18.92,17.02,25.92,35.6,0.86,50.47,0.1,0.5,,,,,16.18,69.0,3.02,70.25,0.0,0.0,235.0,989.0,,57.32,143.55,15.71,63.48,46.58,46.98,21.86,1.31,65.85,0.87,7.67,0.85,,1.76,1.47,30.01,30.49,,,0.0,0.0,,996.5,,,,,,,,,,,,,,,,,,,,,,0.0,,,
2024-12-30 15:00:00,67.27,136.04,3.55,15.21,10.98,,,1.49,41.1,,,,,,,,,,,,0,,,,63.45,122.2,18.67,38.1,35.44,48.87,,0.68,49.36,2.0,2.82,1.94,,1.25,1.76,,69.25,1.27,91.96,,0,74.62,,-0.04,97.86,136.99,23.7,34.74,58.18,51.13,46.66,0.3,22.82,0.14,,,,0.02,0.09,13.55,78.42,2.42,160.14,0.0,0.0,82.09,,,101.5,172.0,12.65,24.6,23.3,45.3,15.78,0.63,30.5,1.05,2.22,,,,,14.25,76.5,0.65,209.0,0.0,0.0,99.5,975.0,,64.0,77.0,6.18,29.68,20.82,35.78,12.35,1.01,62.68,0.9,0.68,,,,,16.52,73.5,0.57,245.25,0.0,0.0,67.25,996.5,,106.0,213.0,23.02,53.98,47.6,39.6,10.75,1.31,79.9,3.48,7.82,,,,,14.35,72.75,2.02,230.25,0.0,0.0,143.75,980.0,,113.0,165.75,12.05,38.5,30.28,39.88,4.72,0.73,13.3,1.12,13.58,,,,,16.5,64.0,2.42,283.0,0.0,0.0,190.25,986.0,,103.0,155.0,3.78,21.58,14.58,30.58,9.48,0.76,26.52,0.88,15.15,,,,,14.5,74.75,0.7,82.0,0.0,0.0,137.25,976.25,,64.0,101.75,7.07,18.4,15.55,26.22,35.4,0.92,56.25,0.1,0.5,,,,,16.42,67.75,2.6,72.75,0.0,0.0,174.25,989.0,,61.43,127.0,10.3,64.61,42.68,43.36,24.44,1.56,61.53,0.8,7.51,0.82,,1.73,1.4,30.01,29.76,,,0.0,0.0,,996.5,,,,,,,,,,,,,,,,,,,,,,0.0,,,
2024-12-30 16:00:00,73.97,121.4,3.4,18.03,12.36,,,1.51,37.67,,,,,,,,,,,,0,,,,34.72,118.45,18.49,33.88,33.05,48.49,8.16,0.96,49.12,2.04,2.86,1.88,,1.29,1.82,,73.33,1.11,91.6,,0,40.33,,-0.1,105.72,151.21,23.08,36.32,59.57,66.75,46.65,0.32,22.51,0.17,,,,0.02,0.17,13.1,80.86,1.75,170.86,0.0,0.0,42.62,,,140.25,230.0,11.88,32.3,26.72,45.32,17.18,0.89,24.45,1.15,2.65,,,,,13.82,79.5,0.55,190.0,0.0,0.0,51.75,975.5,,72.0,78.0,5.25,30.22,20.38,36.72,11.95,1.07,64.2,0.92,0.72,,,,,16.18,75.5,0.5,250.25,0.0,0.0,34.5,996.0,,111.0,189.0,24.92,61.72,53.25,40.72,10.12,1.52,63.05,3.32,9.2,,,,,13.52,77.5,1.92,249.5,0.0,0.0,72.25,980.0,,115.25,181.0,7.98,32.45,23.75,39.52,4.4,0.75,12.1,1.23,13.05,,,,,15.82,67.5,1.88,284.0,0.0,0.0,74.25,986.0,,105.0,157.0,5.68,26.1,18.48,47.78,10.4,0.86,23.98,1.08,7.15,,,,,14.0,78.0,0.72,75.25,0.0,0.0,63.25,968.5,,72.0,117.0,5.65,26.68,18.77,28.18,35.42,1.01,50.28,0.1,0.5,,,,,15.75,71.5,2.22,69.5,0.0,0.0,80.25,989.0,,65.1,128.85,10.95,53.56,37.44,42.04,17.81,1.25,41.18,0.84,7.76,0.87,,1.7,1.47,,,,,0.0,0.0,,996.5,,,,,,,,,,,,,,,,,,,,,,0.0,,,
2024-12-30 17:00:00,76.98,124.72,3.12,21.36,13.9,,,1.54,25.83,,,,,,,,,,,,0,,,,35.85,120.78,12.71,21.21,21.58,46.82,8.19,0.88,48.42,1.96,2.86,1.85,,1.29,1.79,,79.22,1.15,92.48,,0,15.98,,-0.14,121.72,174.49,23.55,34.16,57.74,72.42,46.32,0.36,21.97,0.22,,,,0.03,0.15,12.11,84.85,1.28,161.53,0.0,0.0,5.61,,,159.75,251.0,14.88,40.4,33.83,49.12,18.95,1.27,11.88,1.05,3.2,,,,,13.28,83.5,0.45,193.5,0.0,0.0,16.0,975.0,,63.0,72.0,5.9,31.7,21.65,35.75,12.07,1.14,45.3,0.95,0.68,,,,,15.55,80.25,0.4,233.75,0.0,0.0,10.25,996.0,,119.0,211.0,31.82,72.82,64.6,46.0,8.82,1.74,40.4,3.6,9.68,,,,,12.92,81.5,1.55,247.5,0.0,0.0,37.75,979.75,,123.75,177.5,10.45,31.62,25.32,37.4,4.55,0.88,8.62,1.27,14.48,,,,,14.82,73.5,1.9,289.75,0.0,0.0,11.75,986.25,,108.0,167.0,5.92,42.4,27.38,61.82,11.5,0.85,16.23,2.58,7.43,,,,,13.35,83.0,0.68,77.25,0.0,0.0,17.5,962.5,,74.25,129.75,5.18,32.65,21.58,29.78,35.1,1.04,29.72,0.1,0.5,,,,,14.7,79.75,1.65,63.75,0.0,0.0,24.5,989.0,,69.22,168.4,14.24,66.0,46.72,54.98,13.45,1.28,43.22,0.88,7.8,0.85,,1.72,1.42,9.64,28.72,,,0.0,0.0,,996.5,,,,,,,,,,,,,,,,,,,,,,0.0,,,
2024-12-30 18:00:00,75.5,124.12,3.2,22.5,14.57,,,1.58,20.86,,,,,,,,,,,,0,,,,38.45,126.3,19.26,39.61,36.73,48.87,8.21,0.86,49.43,1.92,2.92,1.94,,1.32,1.78,,83.23,0.91,83.11,,0,13.52,,-0.15,135.71,188.5,23.68,34.2,57.91,72.76,46.23,0.48,21.45,0.38,,,,0.01,0.07,11.3,89.06,0.47,156.01,0.0,0.0,,,,240.75,382.0,27.38,45.25,46.42,48.22,22.4,1.86,8.93,1.38,5.85,,,,,12.95,86.25,0.43,183.0,0.0,0.0,7.0,975.0,,61.0,68.0,7.7,35.25,25.02,31.88,12.1,1.17,22.4,0.2,0.2,,,,,14.32,82.5,0.28,223.5,0.0,0.0,3.5,996.0,,134.0,219.0,29.5,73.53,63.3,46.62,8.55,1.78,66.32,4.28,8.02,,,,,12.55,83.75,1.52,270.25,0.0,0.0,33.75,979.75,,128.5,186.0,12.15,31.85,26.82,38.05,4.37,0.95,4.78,1.55,18.92,,,,,14.25,77.0,1.3,284.25,0.0,0.0,5.0,986.25,,130.0,227.0,11.05,59.9,40.8,74.78,13.2,1.1,5.28,4.5,9.3,,,,,12.85,87.0,0.35,67.0,0.0,0.0,8.0,958.5,,76.25,130.5,7.1,29.9,21.68,29.92,35.15,1.08,5.95,0.1,0.5,,,,,13.1,83.25,0.72,113.75,0.0,0.0,8.25,989.0,,73.5,136.57,18.26,68.91,51.64,60.54,13.53,1.41,25.16,1.06,7.67,1.95,,2.64,0.93,11.0,29.0,,,0.0,0.0,,996.5,,,,,,,,,,,,,,,,,,,,,,0.0,,,
2024-12-30 19:00:00,69.32,111.46,3.52,23.12,15.16,,,1.65,18.46,,,,,,,,,,,,0,,,,40.28,138.8,17.94,37.46,34.51,48.18,8.36,0.89,49.16,1.96,2.87,1.89,,1.25,1.84,,84.1,0.92,87.13,,0,14.45,,-0.14,166.17,223.89,23.04,33.85,57.03,74.19,46.55,0.72,21.5,0.29,,,,0.02,0.23,10.82,92.11,0.31,155.93,0.0,0.0,,,,261.75,401.0,24.72,40.62,41.85,51.92,25.32,1.93,8.15,1.62,7.08,,,,,12.82,87.25,0.45,177.75,0.0,0.0,7.0,975.0,,57.0,69.0,10.6,37.9,28.82,33.55,11.65,1.31,8.75,0.0,0.02,,,,,13.68,81.75,0.28,221.0,0.0,0.0,3.5,996.0,,136.0,204.0,29.17,71.03,61.45,49.42,9.05,2.04,47.25,4.47,7.32,,,,,12.32,86.0,1.48,279.0,0.0,0.0,34.0,980.0,,134.25,197.0,16.15,31.1,29.68,38.35,4.35,1.22,4.78,1.55,22.18,,,,,14.2,78.0,1.52,286.5,0.0,0.0,5.0,986.5,,145.0,257.0,3.65,29.12,15.9,41.9,13.18,0.92,24.42,3.6,8.88,,,,,12.63,86.33,0.73,63.33,0.0,0.0,8.67,977.67,,75.5,127.75,11.52,18.2,19.05,29.42,35.33,1.12,3.85,0.1,0.5,,,,,12.08,86.75,0.72,82.25,0.0,0.0,8.0,989.25,,77.75,169.58,34.84,64.79,62.88,72.96,14.34,1.86,25.07,1.05,7.79,1.95,,2.72,0.98,11.01,29.0,,,0.0,0.0,,996.5,,,,,,,,,,,,,,,,,,,,,,0.0,,,
2024-12-30 20:00:00,66.77,127.01,3.86,27.65,17.85,,,1.73,17.88,,,,,,,,,,,,0,,,,45.83,139.97,15.58,28.99,28.04,46.61,8.67,1.27,48.66,1.94,2.91,1.9,,1.31,1.81,,85.2,0.81,108.97,,0,13.63,,-0.12,172.4,266.32,22.9,34.37,57.09,76.28,46.84,0.99,21.47,0.14,,,,0.04,0.3,11.02,91.68,0.67,160.4,0.0,0.0,,,,228.5,359.0,16.35,38.6,33.65,49.05,15.9,0.98,8.9,1.35,5.55,,,,,12.75,88.0,0.4,214.75,0.0,0.0,6.75,975.0,,58.0,70.0,12.9,35.58,29.42,33.17,11.7,1.33,10.5,0.0,0.05,,,,,13.28,83.25,0.28,206.75,0.0,0.0,3.5,996.75,,171.0,255.0,27.9,67.78,58.68,43.92,8.2,2.09,73.53,5.12,6.93,,,,,12.42,86.0,1.15,253.5,0.0,0.0,34.0,980.0,,160.75,225.75,16.65,32.35,30.7,39.15,3.95,1.26,4.32,1.8,26.05,,,,,14.18,78.25,1.25,297.75,0.0,0.0,5.0,986.25,,135.0,208.0,2.22,25.65,15.45,24.8,9.88,0.83,25.28,0.82,7.32,,,,,12.38,86.75,0.78,112.0,0.0,0.0,9.0,984.5,,76.5,128.5,21.3,15.45,25.55,27.65,36.0,1.34,4.25,0.1,0.5,,,,,12.1,88.0,0.82,94.5,0.0,0.0,8.0,990.0,,84.4,181.45,80.9,39.02,86.52,100.22,14.03,1.09,14.52,0.99,7.72,1.94,,2.71,0.94,11.03,29.03,,,0.0,0.0,,996.5,,,,,,,,,,,,,,,,,,,,,,0.0,,,
2024-12-30 21:00:00,82.56,166.64,3.92,30.1,19.2,,,1.8,17.86,,,,,,,,,,,,0,,,,27.1,146.22,18.6,36.79,34.7,48.46,8.49,1.24,48.7,1.95,2.88,1.85,,1.29,1.82,,85.94,0.74,63.84,,0,14.82,,-0.13,179.0,259.32,22.62,33.74,56.5,76.51,46.5,0.96,21.17,0.31,,,,0.04,0.07,11.08,90.01,0.92,158.6,0.0,0.0,,,,206.0,335.0,15.48,30.83,29.02,47.0,12.3,0.9,11.42,1.48,4.1,,,,,12.52,88.25,0.57,198.5,0.0,0.0,6.75,975.0,,63.0,86.0,11.98,40.1,31.08,41.22,11.4,1.51,9.08,0.0,0.02,,,,,13.15,86.0,0.3,215.5,0.0,0.0,3.5,997.0,,156.0,248.0,15.32,57.42,43.4,37.78,8.85,1.95,84.82,5.3,7.18,,,,,12.25,85.75,1.62,258.5,0.0,0.0,34.0,980.0,,177.5,244.0,17.58,30.4,30.45,37.78,3.88,1.24,3.4,1.82,27.12,,,,,14.12,78.5,1.25,306.0,0.0,0.0,5.0,987.0,,144.0,219.0,2.58,33.72,20.05,26.28,9.28,0.9,16.75,1.02,12.4,,,,,11.62,90.5,0.45,73.5,0.0,0.0,9.0,984.5,,93.5,155.25,35.33,18.82,38.67,29.1,36.7,1.7,4.6,0.1,0.5,,,,,12.58,88.0,0.7,123.5,0.0,0.0,8.0,990.0,,87.9,204.05,115.0,24.46,102.42,119.64,13.75,1.0,14.87,1.03,7.64,2.01,,2.74,0.94,11.0,29.0,,,0.0,0.0,,996.5,,,,,,,,,,,,,,,,,,,,,,0.0,,,
2024-12-30 22:00:00,100.47,180.1,5.11,25.46,17.69,,,1.82,17.62,,,,,,,,,,,,0,,,,,157.25,20.36,39.83,37.74,49.88,8.35,1.16,50.5,1.95,2.94,1.92,,1.37,1.76,,87.04,1.0,117.96,,0,13.9,,-0.14,169.86,225.88,22.71,33.52,56.16,75.74,46.39,0.91,20.86,0.32,,,,0.04,0.13,10.35,93.12,0.16,159.05,0.0,0.0,,,,193.0,311.0,9.82,31.67,24.78,46.68,11.62,0.9,11.35,1.82,3.72,,,,,12.28,89.25,0.38,199.75,0.0,0.0,6.75,975.0,,97.0,107.0,13.78,33.98,29.28,34.9,11.92,1.59,8.12,1.55,1.92,,,,,12.5,86.0,0.3,169.25,0.0,0.0,3.5,997.0,,156.0,224.0,26.7,52.32,49.8,33.05,8.05,1.68,90.9,4.75,5.8,,,,,12.12,87.5,1.38,253.0,0.0,0.0,34.0,980.0,,189.0,261.25,16.8,32.48,30.92,39.67,3.8,1.19,3.2,1.9,27.68,,,,,14.0,78.5,1.3,317.25,0.0,0.0,5.0,986.5,,149.0,246.0,2.5,28.08,16.98,26.75,9.62,0.86,19.68,1.08,12.5,,,,,11.58,92.0,0.78,58.0,0.0,0.0,9.0,984.75,,132.0,212.0,35.55,14.62,36.67,29.6,36.88,1.76,3.98,0.1,0.5,,,,,12.02,88.0,0.72,96.75,0.0,0.0,8.0,990.0,,90.98,191.5,123.24,21.2,105.07,122.96,14.08,1.21,15.06,1.04,7.69,2.04,,2.57,0.96,11.0,29.0,,,0.0,0.0,,996.5,,,,,,,,,,,,,,,,,,,,,,0.0,,,
2024-12-30 23:00:00,76.1,157.67,3.61,26.39,16.97,,,1.72,18.47,,,,,,,,,,,,0,,,,,159.35,14.62,29.8,27.74,46.39,8.36,1.14,48.86,1.96,2.94,1.93,,1.38,1.81,,87.29,0.94,71.43,,0,14.2,,-0.12,175.57,255.65,23.61,32.83,56.43,75.53,46.12,0.86,20.69,0.14,,,,0.02,0.17,10.9,91.84,0.58,153.29,0.0,0.0,,,,181.0,293.0,11.35,31.12,25.78,46.32,9.72,0.76,13.55,1.15,3.4,,,,,12.28,89.0,0.4,196.5,0.0,0.0,7.0,975.0,,81.0,86.0,14.48,34.08,29.9,35.5,11.83,1.68,8.5,1.92,2.95,,,,,12.42,86.0,0.43,126.25,0.0,0.0,4.0,997.5,,141.0,208.0,12.3,50.02,36.67,35.62,9.5,1.71,89.32,4.22,8.1,,,,,12.05,87.0,1.23,269.5,0.0,0.0,33.75,980.0,,195.5,270.25,17.35,30.52,30.3,39.88,3.62,1.0,4.53,1.88,25.8,,,,,13.9,78.75,1.42,304.25,0.0,0.0,5.0,986.5,,145.0,271.0,1.88,27.75,16.27,28.72,9.75,0.88,27.5,1.12,13.98,,,,,12.3,89.5,0.72,66.5,0.0,0.0,9.0,979.0,,122.75,199.5,27.15,17.42,31.35,29.15,36.85,1.69,4.88,0.1,0.5,,,,,12.92,88.0,0.88,78.5,0.0,0.0,8.0,990.0,,91.7,158.87,129.98,18.31,105.3,124.28,13.89,1.15,12.48,1.11,7.67,1.88,,2.69,0.94,11.04,29.02,,,0.0,0.0,,996.5,,,,,,,,,,,,,,,,,,,,,,0.0,,,
2024-12-31 00:00:00,92.43,150.94,3.36,24.91,15.98,,,1.64,23.48,,,,,,,,,,,,0,,,,,154.02,16.14,30.33,29.25,48.15,8.31,0.55,48.58,1.97,2.91,1.83,,1.31,1.82,,88.06,0.84,184.15,,0,14.35,,-0.12,167.0,218.8,23.73,32.88,56.68,75.05,46.14,0.8,20.61,0.14,,,,0.04,0.05,10.84,90.89,0.6,107.71,0.0,0.0,,,,178.0,228.0,7.03,27.27,20.2,45.8,8.6,0.54,14.87,0.67,1.97,,,,,12.2,90.0,0.3,162.33,0.0,0.0,7.0,975.0,,79.0,116.0,10.32,39.42,29.38,40.65,10.4,1.1,16.55,2.0,5.28,,,,,13.65,86.0,0.38,167.25,0.0,0.0,3.75,997.0,,158.0,234.0,11.88,57.9,40.72,37.58,8.28,1.63,58.8,4.15,6.9,,,,,11.9,87.0,1.18,269.25,0.0,0.0,33.25,980.0,,186.75,255.5,15.65,30.88,29.12,38.45,3.5,0.93,4.65,1.78,24.38,,,,,13.75,78.75,1.6,254.75,0.0,0.0,5.0,986.75,,144.0,246.0,1.72,25.95,15.2,28.9,10.03,0.86,27.78,0.98,14.55,,,,,12.15,89.0,0.65,63.25,0.0,0.0,9.0,977.0,,112.25,182.5,8.32,33.65,24.68,30.3,35.88,1.42,8.95,0.1,0.5,,,,,13.72,88.0,0.98,120.0,0.0,0.0,8.0,990.0,,85.55,172.8,137.65,14.81,106.15,125.24,14.42,1.19,9.9,2.59,6.96,5.84,,3.6,2.86,11.0,29.0,,,0.0,0.0,,996.5,,,,,,,,,,,,,,,,,,,,,,0.0,,,
2024-12-31 01:00:00,107.92,175.8,3.67,29.02,18.42,,,1.66,21.32,,,,,,,,,,,,0,,,,,171.6,14.8,29.25,27.47,47.74,8.34,0.55,48.65,2.01,2.92,1.87,,1.34,1.8,,87.42,0.68,186.9,,0,14.13,,-0.11,167.28,211.54,23.1,33.19,56.19,74.86,46.3,0.71,21.19,0.19,,,,0.09,0.22,10.82,90.19,0.82,125.83,0.0,0.0,,,,134.0,196.0,7.65,22.72,18.32,46.3,7.62,0.48,18.6,1.3,2.25,,,,,12.1,89.75,0.5,190.5,0.0,0.0,7.0,975.0,,91.0,135.0,7.75,34.6,24.7,42.02,10.3,0.74,25.4,1.65,3.98,,,,,14.1,86.0,0.65,92.5,0.0,0.0,4.0,997.25,,152.0,216.0,9.5,44.3,31.35,43.85,7.45,1.45,77.8,3.92,5.2,,,,,11.88,86.0,1.82,287.75,0.0,0.0,34.0,980.0,,207.5,268.75,15.28,30.85,28.82,39.9,4.08,0.89,7.6,1.8,23.7,,,,,13.68,78.75,1.42,284.75,0.0,0.0,5.0,986.25,,150.0,245.0,1.3,27.55,15.72,29.6,10.18,0.84,23.9,1.08,18.12,,,,,12.25,87.5,0.75,72.5,0.0,0.0,9.0,977.25,,102.0,183.0,6.8,37.08,25.25,31.08,35.17,1.32,9.3,0.1,0.5,,,,,13.8,88.0,1.1,127.5,0.0,0.0,8.0,990.0,,83.85,176.25,134.72,15.95,105.32,123.32,14.66,1.06,13.02,2.64,7.04,5.72,,3.68,2.81,11.0,29.0,,,0.0,0.0,,996.5,,,,,,,,,,,,,,,,,,,,,,0.0,,,
2024-12-31 02:00:00,97.33,171.81,3.13,16.42,11.28,,,1.55,25.91,,,,,,,,,,,,0,,,,,177.35,17.04,35.36,32.66,48.02,8.4,0.63,49.51,2.05,2.88,1.86,,1.37,1.75,,87.49,1.36,134.39,,0,14.07,,-0.12,164.39,217.6,22.92,35.04,57.75,74.87,46.62,0.62,21.71,0.15,,,,0.02,0.05,10.66,89.58,0.56,123.84,0.0,0.0,,,,111.0,178.0,8.1,18.9,16.5,46.6,,,22.77,0.88,1.67,,,,,12.02,89.0,0.45,183.75,0.0,0.0,7.0,976.0,,78.0,160.0,7.2,35.7,24.9,40.9,9.9,0.67,55.02,0.48,1.1,,,,,14.02,86.0,0.8,96.75,0.0,0.0,4.0,997.0,,127.0,174.0,11.2,38.0,29.1,47.5,,1.4,79.5,3.32,4.03,,,,,11.78,86.0,1.82,281.5,0.0,0.0,33.5,980.0,,192.0,246.0,11.88,31.52,26.42,39.45,3.92,0.78,8.5,1.78,20.38,,,,,13.45,78.25,2.15,311.75,0.0,0.0,5.0,986.5,,140.0,223.0,0.5,23.5,12.9,31.7,10.5,0.78,27.5,1.12,19.2,,,,,12.1,86.75,0.75,83.75,0.0,0.0,9.0,977.5,,105.0,190.75,6.6,40.1,26.7,32.5,35.3,1.27,16.98,0.1,0.5,,,,,13.75,86.75,1.48,86.75,0.0,0.0,8.0,990.0,,81.03,133.07,136.36,15.14,106.06,124.2,14.82,1.2,10.45,2.62,7.01,5.74,,3.62,2.82,11.0,29.0,,,0.0,0.0,,996.5,,,,,,,,,,,,,,,,,,,,,,0.0,,,
2024-12-31 03:00:00,69.43,150.16,2.92,10.81,8.12,,,1.52,31.32,,,,,,,,,,,,0,,,,,170.1,15.86,34.29,31.37,46.33,8.32,1.0,49.2,2.01,2.9,1.96,,1.28,1.72,,86.68,1.04,129.36,,0,14.03,,-0.12,152.43,210.0,22.2,36.53,58.72,75.1,46.76,0.53,21.96,0.61,,,,0.03,0.04,10.48,88.85,0.92,18.08,0.0,0.0,,,,107.0,174.0,8.88,22.2,19.02,43.18,13.7,0.62,18.82,0.88,2.12,,,,,11.85,89.0,0.32,179.5,0.0,0.0,7.0,975.5,,81.0,136.0,5.48,35.72,23.45,45.75,9.22,0.7,57.72,0.0,0.08,,,,,14.0,83.25,0.7,132.25,0.0,0.0,4.0,997.0,,118.0,160.0,7.32,37.67,26.08,47.65,7.65,1.44,81.25,3.22,2.9,,,,,11.58,85.5,1.98,276.5,0.0,0.0,34.0,980.0,,165.25,205.0,11.78,29.4,25.22,39.12,4.0,0.74,11.28,1.48,14.85,,,,,13.32,78.0,2.1,284.0,0.0,0.0,5.0,986.75,,133.0,204.0,2.3,26.88,16.15,23.75,10.55,0.82,23.75,1.1,27.4,,,,,11.98,86.5,0.75,159.5,0.0,0.0,9.0,979.75,,106.25,183.25,5.3,38.58,24.85,27.85,34.95,1.17,15.3,0.1,0.5,,,,,13.88,83.25,1.02,124.0,0.0,0.0,8.0,990.0,,75.32,155.72,134.43,16.18,105.56,123.51,15.13,1.11,12.34,2.61,7.07,5.86,,3.7,2.88,11.0,29.0,,,0.0,0.0,,996.5,,,,,,,,,,,,,,,,,,,,,,0.0,,,
2024-12-31 04:00:00,71.62,131.1,2.64,9.12,7.0,,,1.51,32.43,,,,,,,,,,,,0,,,,,159.93,18.58,40.62,36.71,49.02,8.3,1.26,48.99,1.99,2.92,1.94,,1.23,1.77,,86.35,0.6,161.51,,0,14.18,,-0.13,,,,,,,,,,,,,,,,,,,,,0.0,,,,134.0,219.0,9.12,28.68,22.62,44.15,13.15,0.6,14.22,1.23,2.4,,,,,11.78,89.0,0.43,205.5,0.0,0.0,6.75,975.25,,57.0,123.0,5.28,35.72,23.28,40.75,8.98,0.71,48.4,0.0,0.0,,,,,14.12,82.0,0.5,125.75,0.0,0.0,4.0,997.0,,141.0,182.0,10.28,40.05,29.65,42.78,8.5,1.42,79.95,3.38,2.4,,,,,11.45,85.5,1.52,199.5,0.0,0.0,33.5,980.0,,154.0,194.25,10.42,29.75,24.32,40.35,3.8,0.7,11.58,1.27,10.75,,,,,13.28,78.0,1.23,273.5,0.0,0.0,5.0,986.5,,145.0,226.0,1.25,27.22,15.45,19.52,10.65,0.83,25.7,1.1,25.52,,,,,11.88,85.75,0.7,198.25,0.0,0.0,9.0,981.0,,109.0,192.75,4.0,29.42,18.88,31.52,34.7,1.06,18.92,0.1,0.5,,,,,14.02,84.0,0.88,164.5,0.0,0.0,8.0,989.5,,69.35,175.32,138.51,13.49,105.99,123.79,15.36,1.31,11.94,2.6,6.95,5.78,,3.69,2.88,11.0,29.0,,,0.0,0.0,,996.5,,,,,,,,,,,,,,,,,,,,,,0.0,,,
2024-12-31 05:00:00,73.5,136.11,2.73,10.72,7.92,,,1.48,31.2,,,,,,,,,,,,0,,,,,151.37,19.83,42.81,38.89,49.12,8.44,1.52,49.53,1.99,2.9,1.87,,1.29,1.79,,86.23,0.44,181.77,,0,14.15,,-0.15,,,,,,,,,,,,,,,,,,,,,0.0,,,,167.0,279.0,7.6,27.52,20.82,43.98,13.1,0.69,15.3,0.85,2.25,,,,,11.65,88.0,0.38,178.5,0.0,0.0,6.75,975.25,,79.0,139.0,7.52,38.67,26.75,41.92,9.17,0.74,39.15,0.0,0.05,,,,,14.25,82.0,0.3,207.5,0.0,0.0,3.75,997.0,,164.0,238.0,12.2,47.25,34.83,34.8,10.3,1.5,86.28,3.3,2.17,,,,,11.55,85.0,1.05,197.25,0.0,0.0,33.75,980.0,,149.25,189.75,11.52,28.48,24.5,40.8,3.6,0.68,9.25,1.1,8.3,,,,,13.28,77.25,0.9,191.75,0.0,0.0,5.0,986.25,,144.0,233.0,1.62,28.35,16.4,17.27,10.35,0.85,23.35,0.95,23.62,,,,,11.8,85.0,0.72,130.75,0.0,0.0,9.0,981.0,,99.5,170.0,5.45,25.25,17.88,31.82,35.33,0.98,21.65,0.1,0.5,,,,,13.98,84.0,1.05,93.0,0.0,0.0,8.0,990.0,,68.82,183.8,133.57,17.44,105.62,123.67,15.23,1.27,15.02,2.56,7.0,5.8,,3.73,2.91,11.0,29.0,,,0.0,0.0,,996.5,,,,,,,,,,,,,,,,,,,,,,0.0,,,
2024-12-31 06:00:00,77.14,133.79,2.8,9.98,7.58,,,1.46,30.24,,,,,,,,,,,,0,,,,,167.4,20.03,39.24,37.16,48.67,8.49,2.1,49.18,1.99,2.83,1.96,,1.16,1.77,,85.05,0.33,140.53,,0,14.1,,-0.22,,,,,,,,,,,,,,,,,,,,,0.0,,,,161.0,261.0,8.57,30.88,23.32,43.78,13.12,0.74,15.08,0.7,2.38,,,,,11.65,88.0,0.4,216.25,0.0,0.0,6.5,975.0,,79.0,147.0,6.3,39.25,26.05,43.45,9.52,0.8,31.45,1.05,7.2,,,,,14.32,82.75,0.35,172.5,0.0,0.0,3.5,997.0,,186.0,283.0,10.18,56.25,38.12,33.12,9.73,1.53,84.18,3.62,2.05,,,,,11.5,84.0,0.78,189.75,0.0,0.0,33.5,980.0,,163.25,219.75,11.95,28.62,24.95,40.3,3.6,0.68,7.45,1.05,7.18,,,,,13.28,76.75,1.2,201.5,0.0,0.0,5.0,986.5,,153.0,251.0,1.52,28.98,16.62,17.3,10.12,0.82,20.92,1.0,21.12,,,,,11.72,85.0,0.72,126.0,0.0,0.0,9.0,981.75,,88.5,156.5,5.1,26.25,18.12,32.65,34.95,0.96,19.65,0.1,0.5,,,,,13.92,84.0,0.88,114.5,0.0,0.0,8.0,990.0,,69.6,148.68,126.71,19.95,105.77,122.7,15.27,1.26,15.27,2.58,6.97,5.75,,3.65,2.96,11.0,29.0,,,0.0,0.0,,996.5,,,,,,,,,,,,,,,,,,,,,,0.0,,,
2024-12-31 07:00:00,77.66,136.73,3.36,14.34,10.36,,,1.47,28.37,,,,,,,,,,,,0,,,,,166.2,18.78,36.74,34.81,47.81,8.41,1.97,49.45,1.98,2.85,1.91,,1.32,1.77,,84.45,0.22,203.74,,0,17.32,,-0.12,127.84,167.55,22.15,27.71,33.41,71.66,45.67,0.2,20.83,0.3,,,,,0.08,10.05,87.07,0.76,146.26,0.0,0.0,5.33,,,159.0,280.0,10.42,30.12,24.48,43.25,13.42,0.88,11.45,0.9,2.4,,,,,11.72,87.0,0.42,164.0,0.0,0.0,8.75,975.25,,90.0,146.0,7.25,40.12,27.18,44.92,9.25,0.87,31.0,1.48,8.43,,,,,14.42,83.0,0.3,259.5,0.0,0.0,4.5,998.0,,193.0,277.0,12.78,59.7,42.12,34.72,11.1,1.61,75.3,4.0,2.1,,,,,11.55,84.0,0.88,205.75,0.0,0.0,34.0,980.0,,167.5,223.0,11.92,29.5,25.38,40.85,3.4,0.72,5.78,1.15,5.85,,,,,13.38,76.75,0.75,229.0,0.0,0.0,9.75,986.25,,163.0,260.0,3.05,38.15,22.8,22.48,10.15,0.8,15.45,0.95,19.9,,,,,11.85,84.25,0.68,76.5,0.0,0.0,11.25,978.75,,85.25,152.0,4.92,26.32,18.02,33.98,34.98,0.96,16.88,0.1,0.5,,,,,13.9,84.0,1.18,100.25,0.0,0.0,10.25,990.0,,68.8,144.3,111.56,31.74,104.7,121.36,14.81,1.3,22.5,1.69,7.67,1.98,,0.96,0.47,11.0,29.0,,,0.0,0.0,,996.5,,,,,,,,,,,,,,,,,,,,,,0.0,,,
2024-12-31 08:00:00,68.1,122.14,3.56,14.38,10.54,,,1.48,26.49,,,,,,,,,,,,0,,,,,182.68,14.41,26.43,25.73,46.68,8.35,2.18,48.99,1.94,2.97,1.83,,1.35,1.72,,81.55,0.82,337.91,,0,39.03,,-0.04,130.74,169.68,22.58,29.39,51.74,71.8,45.7,0.32,20.52,0.23,,,,0.04,0.1,10.31,86.46,1.3,181.86,0.0,0.0,23.48,,,165.0,272.0,18.5,36.52,34.52,42.92,14.93,1.11,9.95,1.08,3.25,,,,,11.95,86.25,0.45,213.75,0.0,0.0,27.0,975.25,,92.0,147.0,6.95,38.42,26.05,43.1,9.5,0.89,33.8,1.62,7.75,,,,,14.65,81.5,0.4,227.25,0.0,0.0,18.0,998.75,,193.0,294.0,30.32,62.32,58.25,37.78,10.2,1.86,78.6,4.6,2.22,,,,,11.8,82.75,1.02,174.25,0.0,0.0,43.25,980.0,,165.5,222.0,13.12,28.42,25.78,40.1,3.1,0.78,4.22,1.18,5.4,,,,,13.65,74.5,1.4,302.0,0.0,0.0,37.5,986.5,,188.0,302.0,7.5,38.12,26.38,28.78,10.02,0.86,13.9,1.08,21.2,,,,,12.15,82.25,0.78,74.75,0.0,0.0,33.0,977.25,,83.5,154.75,6.38,29.22,20.72,35.33,35.02,1.01,17.18,0.1,0.5,,,,,14.0,82.0,1.25,89.5,0.0,0.0,31.0,990.5,,67.88,172.95,75.36,75.65,101.62,118.8,14.5,1.42,22.21,1.67,7.48,1.88,,0.96,0.48,11.05,29.17,,,0.0,0.0,,996.5,,,,,,,,,,,,,,,,,,,,,,0.0,,,
2024-12-31 09:00:00,70.79,112.04,6.82,25.9,19.32,,,1.52,22.55,,,,,,,,,,,,0,,,,,175.1,20.67,43.62,40.0,47.34,8.55,1.08,48.76,2.02,2.85,1.9,,1.21,1.81,,78.32,0.89,173.79,,0,63.07,,-0.03,139.97,201.2,22.77,31.46,54.04,73.06,45.91,0.35,20.94,0.23,,,,0.07,0.18,10.74,84.75,1.77,155.63,0.0,0.0,54.74,,,207.0,335.0,20.95,37.97,37.3,42.0,18.73,1.21,10.72,1.58,9.22,,,,,12.42,82.5,0.42,210.75,0.0,0.0,69.0,975.75,,96.0,153.0,5.62,39.88,25.78,42.65,8.4,0.93,42.18,1.75,6.22,,,,,14.98,76.5,0.43,245.75,0.0,0.0,41.25,999.67,,215.0,306.0,29.0,67.12,59.12,42.45,9.43,1.85,66.72,4.95,3.15,,,,,12.22,79.5,0.98,209.0,0.0,0.0,72.75,980.0,,155.5,209.5,13.5,30.18,27.0,40.42,3.05,0.86,4.32,1.1,5.88,,,,,14.12,72.0,1.27,306.0,0.0,0.0,70.25,986.5,,171.0,299.0,4.78,36.65,23.42,30.45,10.3,0.87,18.65,1.1,20.32,,,,,12.7,79.0,0.65,70.75,0.0,0.0,66.5,977.0,,97.25,178.5,7.52,31.32,22.8,36.95,35.25,1.07,23.35,0.1,0.5,,,,,14.45,76.75,1.3,111.5,0.0,0.0,83.0,991.0,,70.95,140.62,55.46,105.3,101.31,118.14,14.2,1.38,32.16,1.67,7.63,1.9,,0.96,0.45,11.0,29.0,,,0.0,0.0,,996.5,,,,,,,,,,,,,,,,,,,,,,0.0,,,
2024-12-31 10:00:00,81.28,150.28,9.98,34.55,26.48,,,1.6,24.33,,,,,,,,,,,,0,,,,120.9,173.27,20.04,37.73,36.36,49.79,8.56,1.74,49.86,1.94,2.8,1.86,,1.31,1.79,,74.09,0.62,172.59,,0,114.15,,0.06,158.43,221.46,23.56,33.7,56.94,73.9,46.42,0.38,21.43,0.21,,,,0.03,0.1,11.52,81.39,1.09,47.52,0.0,0.0,93.26,,,227.0,353.0,20.05,36.7,35.95,44.2,19.95,1.32,12.98,1.68,9.2,,,,,13.0,79.25,0.48,189.0,0.0,0.0,103.25,976.0,,117.0,151.0,6.6,38.33,25.75,43.02,7.92,0.9,49.42,0.58,2.7,,,,,15.3,75.25,0.43,271.25,0.0,0.0,63.0,1000.0,,199.25,313.5,37.15,68.12,66.62,45.3,10.92,1.91,59.85,5.18,3.48,,,,,12.65,76.5,1.4,235.75,0.0,0.0,118.0,980.0,,162.25,218.5,16.1,31.5,29.85,39.12,3.52,1.01,5.18,1.08,5.68,,,,,14.65,68.75,1.38,297.75,0.0,0.0,121.5,986.5,,162.0,284.0,7.12,37.0,25.48,28.7,9.95,0.96,21.62,1.08,22.38,,,,,13.4,75.25,0.7,74.0,0.0,0.0,105.25,977.5,,102.75,192.75,9.25,30.7,23.88,37.02,35.1,1.06,30.98,0.1,0.5,,,,,15.2,72.0,1.25,122.75,0.0,0.0,136.0,991.0,,72.8,142.75,37.53,122.44,95.82,113.0,14.26,1.37,32.01,1.66,7.77,1.87,,0.97,0.46,11.0,29.0,,,0.0,0.0,,996.5,,,,,,,,,,,,,,,,,,,,,,0.0,,,
2024-12-31 11:00:00,90.54,184.36,10.4,39.11,29.26,,,1.64,29.75,,,,,,,,,,,,0,,,,,170.5,7.01,10.29,11.0,45.98,8.47,0.99,49.38,2.0,2.89,1.9,,1.35,1.82,,68.63,0.32,255.27,,0,139.85,,0.11,158.72,229.4,23.77,34.87,58.83,70.09,48.87,0.45,21.68,0.12,,,,0.03,0.26,12.44,77.86,1.08,262.45,0.0,0.0,135.28,,,247.0,390.0,19.55,42.25,38.22,44.1,45.15,2.25,17.2,1.7,6.5,,,,,13.45,76.5,0.5,184.5,0.0,0.0,139.25,976.0,,117.0,151.0,5.05,37.75,24.2,42.72,7.87,0.92,58.25,0.0,0.0,,,,,15.82,72.0,0.5,215.75,0.0,0.0,90.0,1000.0,,202.25,344.5,37.92,77.88,72.3,48.92,12.2,2.19,53.78,5.52,4.18,,,,,14.02,70.5,1.42,186.0,0.0,0.0,199.5,980.0,,190.25,268.5,17.82,33.05,32.08,40.6,3.9,1.12,7.62,1.27,6.1,,,,,15.08,66.5,1.88,280.0,0.0,0.0,166.25,986.25,,177.0,293.0,5.72,36.38,24.0,23.18,10.2,1.01,25.12,1.23,26.1,,,,,13.77,73.5,0.72,65.25,0.0,0.0,133.0,979.25,,112.75,200.25,12.12,35.88,28.95,37.52,35.22,1.11,37.22,0.1,0.5,,,,,15.9,67.0,1.25,142.75,0.0,0.0,187.5,991.0,,76.23,233.15,32.71,123.01,92.03,107.81,15.23,1.48,45.77,1.69,7.72,1.85,,0.97,0.47,11.0,29.0,,,0.0,0.0,,996.5,,,,,,,,,,,,,,,,,,,,,,0.0,,,
2024-12-31 12:00:00,96.42,192.1,7.51,46.39,30.78,,,1.68,41.72,,,,,,,,,,,,0,,,,82.2,182.5,14.26,29.5,27.29,46.83,16.52,0.68,49.32,1.96,2.85,1.91,,1.32,1.75,,67.52,1.36,131.76,,0,196.5,,0.23,164.14,237.24,24.04,33.48,57.46,66.45,46.29,0.53,21.84,0.14,,,,0.04,0.19,13.45,75.07,1.38,120.78,0.0,0.0,137.84,,,224.0,353.0,20.45,45.85,40.98,45.72,18.68,1.55,21.98,1.9,5.1,,,,,14.08,73.0,0.55,194.25,0.0,0.0,179.75,975.75,,119.0,146.0,5.48,37.65,24.48,44.0,8.45,0.96,66.85,0.0,0.0,,,,,16.4,70.0,0.45,285.25,0.0,0.0,116.0,999.5,,243.25,396.0,37.75,93.38,80.47,47.48,12.28,2.35,48.78,7.25,6.1,,,,,14.58,68.5,1.72,195.75,0.0,0.0,221.75,980.0,,228.5,326.25,16.5,34.83,31.9,41.6,4.53,1.24,11.25,1.35,7.22,,,,,16.05,62.0,1.92,293.75,0.0,0.0,273.75,986.0,,179.0,321.0,6.2,40.0,26.3,19.98,10.28,1.1,35.83,1.02,36.0,,,,,15.18,66.75,0.75,84.25,0.0,0.0,250.0,980.75,,113.75,214.0,12.52,44.92,34.08,38.08,35.17,1.2,46.75,0.1,0.5,,,,,17.0,62.25,1.35,139.5,0.0,0.0,257.0,990.75,,78.9,200.8,27.32,121.35,86.76,102.8,14.86,1.36,45.0,0.88,7.81,0.83,,1.69,1.5,11.0,29.0,,,0.0,0.0,,996.5,,,,,,,,,,,,,,,,,,,,,,0.0,,,
2024-12-31 13:00:00,120.6,228.46,5.52,58.02,35.35,,,1.8,61.82,,,,,,,,,,,,0,,,,84.45,207.7,17.5,38.55,34.74,47.83,19.36,0.68,49.18,1.99,2.89,1.9,,1.39,1.82,,64.41,0.98,171.46,,0,173.7,,0.18,167.58,243.0,23.36,35.78,58.79,61.82,51.72,0.58,22.35,0.26,,,,0.02,0.1,14.93,70.72,0.64,55.71,0.0,0.0,206.68,,,241.0,401.0,15.68,48.12,38.45,43.72,19.58,1.52,34.7,2.25,5.7,,,,,14.58,71.25,0.55,203.5,0.0,0.0,204.25,975.0,,116.0,139.0,6.28,38.35,25.5,44.65,8.5,0.98,77.15,0.0,0.02,,,,,17.38,66.75,0.47,243.75,0.0,0.0,122.0,998.0,,247.75,418.25,30.12,91.95,73.4,40.25,13.5,2.36,52.8,7.22,5.98,,,,,14.8,67.5,2.02,239.25,0.0,0.0,232.5,980.0,,238.75,345.0,12.6,36.95,29.9,41.7,6.12,1.28,17.73,1.62,8.85,,,,,16.52,60.75,2.35,257.0,0.0,0.0,300.25,986.0,,188.0,345.0,3.78,38.92,23.75,18.73,10.15,1.04,48.75,1.4,37.2,,,,,15.92,64.0,0.72,78.75,0.0,0.0,279.0,981.0,,128.0,243.5,11.68,50.92,36.58,37.35,35.5,1.23,64.3,0.1,0.5,,,,,17.62,59.0,1.48,158.5,0.0,0.0,225.25,990.0,,85.2,214.38,,,,,14.01,1.53,,0.87,7.59,0.85,,1.75,1.48,11.0,29.0,,,0.0,0.0,,996.5,,,,,,,,,,,,,,,,,,,,,,0.0,,,
2024-12-31 14:00:00,131.91,270.06,3.9,55.89,32.89,,,1.88,83.16,,,,,,,,,,,,0,,,,84.45,223.6,13.01,27.48,25.19,46.52,17.27,0.99,49.01,1.93,2.76,1.9,,1.31,1.76,,62.92,1.08,122.68,,0,104.95,,0.04,179.28,262.88,23.46,36.55,60.24,55.91,48.48,0.62,23.28,0.16,,,,0.02,0.07,15.48,68.82,1.27,221.77,0.0,0.0,163.92,,,231.0,393.0,13.8,41.98,33.5,45.28,15.73,1.04,49.52,2.15,5.2,,,,,15.3,68.0,0.45,179.25,0.0,0.0,140.0,975.0,,107.0,135.0,5.6,36.02,23.7,45.88,8.32,1.06,91.05,0.68,1.92,,,,,17.3,67.5,0.43,239.5,0.0,0.0,86.75,997.0,,268.25,432.25,19.32,95.95,66.62,40.5,9.87,2.4,60.0,7.28,5.52,,,,,14.98,67.5,2.12,231.5,0.0,0.0,190.0,980.0,,252.25,385.75,8.35,37.75,26.85,40.85,6.78,1.23,24.75,1.92,10.02,,,,,16.73,59.75,2.0,262.0,0.0,0.0,236.25,986.0,,191.0,334.0,2.6,47.18,27.22,18.75,10.82,1.12,62.08,1.3,44.6,,,,,16.38,62.25,0.72,104.0,0.0,0.0,229.0,981.0,,139.0,262.5,10.42,60.25,40.5,37.22,35.7,1.29,77.95,0.1,0.5,,,,,17.95,57.75,1.25,166.25,0.0,0.0,222.75,989.25,,,81.1,,,,,,1.38,61.83,0.85,7.61,0.86,,1.67,1.46,11.05,29.17,,,0.0,0.0,,996.5,,,,,,,,,,,,,,,,,,,,,,0.0,,,
2024-12-31 15:00:00,159.11,319.61,3.18,62.38,35.77,,,2.0,95.02,,,,,,,,,,,,0,,,,81.53,238.33,13.85,32.06,28.32,47.64,15.62,2.49,49.83,1.94,2.91,1.97,,1.32,1.75,,64.43,0.89,146.22,,0,77.17,,0.0,188.18,323.52,23.35,55.71,77.66,44.56,47.76,0.68,22.36,0.24,,,,0.04,0.12,15.6,69.28,0.18,187.7,0.0,0.0,87.74,,,213.0,374.0,9.32,37.12,27.3,44.2,13.6,0.86,66.53,2.52,4.7,,,,,14.98,69.25,0.32,179.75,0.0,0.0,94.75,975.0,,107.0,134.0,4.82,36.7,23.42,45.58,9.15,1.07,106.2,1.1,2.7,,,,,17.3,67.5,0.43,268.75,0.0,0.0,56.25,996.5,,265.5,444.25,20.55,96.65,68.1,42.48,8.68,2.36,77.28,7.2,5.65,,,,,14.85,69.0,1.55,253.25,0.0,0.0,120.75,980.0,,238.0,386.5,6.35,37.5,25.1,40.55,6.65,1.23,26.45,1.88,10.8,,,,,16.6,61.5,1.55,297.25,0.0,0.0,138.5,986.0,,205.0,405.0,2.45,50.12,28.65,25.15,11.15,1.06,70.22,1.4,62.4,,,,,16.2,64.0,0.75,98.75,0.0,0.0,140.25,978.5,,141.0,268.25,7.55,61.42,38.8,37.55,35.42,1.33,91.6,,,,,,,18.2,56.5,1.15,162.0,0.0,0.0,162.0,989.0,,,329.2,31.74,26.79,40.12,53.1,,,63.13,0.83,8.0,0.87,,1.66,1.53,11.0,29.0,,,0.0,0.0,,996.5,,,,,,,,,,,,,,,,,,,,,,0.0,,,
2024-12-31 16:00:00,174.9,323.51,3.48,70.07,40.12,,,2.12,61.68,,,,,,,,,,,,0,,,,88.1,239.65,16.1,36.53,32.52,48.7,14.86,4.2,49.55,1.98,2.88,1.94,,1.32,1.86,,69.87,0.83,144.95,,0,36.5,,-0.07,197.11,333.2,23.05,49.8,74.94,44.96,47.64,0.75,21.99,0.22,,,,0.05,0.13,14.85,73.09,0.61,183.92,0.0,0.0,38.54,,,198.0,353.0,8.65,42.6,29.85,42.3,12.75,0.89,61.55,2.75,5.35,,,,,14.7,72.0,0.3,163.0,0.0,0.0,62.0,975.0,,110.0,135.0,4.28,36.7,22.98,44.28,9.32,1.12,105.8,1.12,2.55,,,,,16.7,70.25,0.38,262.75,0.0,0.0,30.5,996.0,,265.75,444.75,14.92,101.95,66.28,45.4,7.48,2.36,64.63,7.05,6.08,,,,,14.35,71.75,1.5,260.75,0.0,0.0,67.75,980.0,,232.75,354.25,7.45,36.72,25.58,41.42,6.6,1.41,23.95,1.92,11.58,,,,,16.0,64.75,1.75,319.0,0.0,0.0,58.5,986.0,,204.0,407.0,2.35,49.3,28.12,36.7,11.12,1.03,63.68,1.55,47.45,,,,,15.25,69.25,0.72,72.5,0.0,0.0,62.75,976.0,,141.0,272.0,6.78,52.68,33.52,38.22,36.17,1.38,83.3,,,,,,,17.02,65.0,0.88,145.0,0.0,0.0,72.5,989.0,,,,,,,,,,,,,,,,,,,,,,0.0,,,,,,,,,,,,,,,,,,,,,,,,0.0,,,
2024-12-31 17:00:00,220.65,357.64,3.4,71.92,41.02,,,2.23,30.36,,,,,,,,,,,,0,,,,89.18,241.55,15.34,36.16,31.71,46.77,13.56,2.01,26.94,1.98,2.9,1.9,,1.27,1.76,,79.26,0.51,137.94,,0,13.77,,-0.11,210.37,321.4,22.12,34.7,56.96,68.8,48.06,0.93,21.95,0.1,,,,0.01,0.11,12.7,84.45,0.68,110.36,0.0,0.0,6.44,,,,,,,,,,,,,,,,,,,,,,,0.0,,,,105.0,139.0,4.45,36.08,22.82,43.75,9.03,1.17,75.28,1.08,2.75,,,,,15.78,76.0,0.45,236.5,0.0,0.0,10.0,996.0,,250.5,414.75,15.9,105.65,69.3,53.32,6.8,2.23,27.42,5.7,8.02,,,,,13.52,76.5,1.5,253.75,0.0,0.0,36.75,980.0,,241.0,371.5,6.0,37.98,25.05,39.72,6.4,1.34,18.1,1.95,13.8,,,,,15.15,69.5,1.75,316.5,0.0,0.0,10.0,986.0,,195.0,398.0,3.38,50.78,29.72,38.05,11.28,1.09,38.8,1.18,43.5,,,,,13.98,78.25,0.72,68.25,0.0,0.0,16.25,976.25,,159.75,288.0,5.8,44.4,28.35,39.22,35.2,1.42,36.95,0.0,0.0,,,,,15.22,79.0,0.85,101.25,0.0,0.0,22.0,989.0,,,,,,,,,,,,,,,,,,,,,,0.0,,,,,,,,,,,,,,,,,,,,,,,,0.0,,,
2024-12-31 18:00:00,182.98,346.7,4.11,77.2,44.4,,,2.18,21.37,,,,,,,,,,,,0,,,,68.58,224.27,17.87,39.68,35.64,48.66,9.74,0.22,8.54,1.94,2.88,1.92,,1.27,1.73,,89.32,0.55,116.3,,0,13.55,,-0.11,242.36,374.06,22.17,34.79,56.89,71.13,48.56,1.08,22.38,0.25,,,,0.02,0.12,11.73,89.78,0.54,91.79,0.0,0.0,,,,,,,,,,,,,,,,,,,,,,,,0.0,,,,99.0,121.0,4.78,38.38,24.3,39.4,10.25,1.19,42.18,0.48,1.27,,,,,14.6,82.5,0.3,220.5,0.0,0.0,3.25,996.0,,210.5,345.75,17.52,112.6,74.05,59.95,5.72,2.3,38.4,5.55,8.68,,,,,12.8,80.5,0.85,244.0,0.0,0.0,33.75,979.75,,233.75,347.5,7.98,35.6,25.4,38.7,5.97,1.38,11.1,2.08,14.78,,,,,14.55,73.0,1.12,215.75,0.0,0.0,5.0,986.75,,261.0,469.0,10.8,59.95,40.62,37.22,11.42,1.38,21.0,1.65,69.35,,,,,12.78,85.0,0.92,55.0,0.0,0.0,9.0,976.75,,151.0,259.25,8.22,37.17,26.42,37.88,35.1,1.42,11.32,,,,,,,13.65,83.25,0.75,98.5,0.0,0.0,8.25,989.5,,,,,,,,,,,,,,,,,,,,,,0.0,,,,,,,,,,,,,,,,,,,,,,,,0.0,,,
2024-12-31 19:00:00,161.57,316.68,18.52,80.81,58.02,,,2.36,17.64,,,,,,,,,,,,0,,,,57.35,213.95,16.4,34.28,31.57,47.82,13.14,0.0,9.62,1.96,2.88,1.8,,1.32,1.84,,93.7,0.49,58.0,,0,14.05,,-0.1,239.28,337.0,22.49,33.12,55.81,72.52,48.82,1.3,21.7,0.18,,,,0.06,0.11,11.28,91.65,0.37,91.75,0.0,0.0,,,,,,,,,,,,,,,,,,,,,,,,0.0,,,,101.0,128.0,5.38,43.05,27.28,42.1,10.68,1.33,26.58,0.0,0.0,,,,,14.02,82.0,0.35,265.75,0.0,0.0,3.0,996.75,,219.25,323.75,32.4,120.05,90.08,64.4,6.68,2.48,31.95,6.35,8.43,,,,,12.12,85.25,0.57,251.75,0.0,0.0,33.75,979.75,,232.25,336.5,11.92,34.0,27.8,39.52,4.62,1.71,4.25,2.1,14.42,,,,,13.6,78.25,0.32,34.0,0.0,0.0,5.0,986.75,,290.0,537.0,4.08,60.45,35.48,31.75,11.6,1.62,15.65,1.8,82.75,,,,,12.1,88.5,1.0,55.0,0.0,0.0,9.0,979.0,,141.5,245.0,11.28,43.62,32.4,37.0,35.78,1.52,4.6,,,,,,,13.38,82.5,0.88,82.75,0.0,0.0,8.0,990.0,,,,,,,,,,,,,,,,,,,,,,0.0,,,,,,,,,,,,,,,,,,,,,,,,0.0,,,
2024-12-31 20:00:00,182.16,328.23,105.54,72.89,124.46,,,3.01,20.23,,,,,,,,,,,,0,,,,60.55,207.3,15.52,33.56,30.47,48.38,20.79,0.04,9.14,1.94,2.91,1.92,,1.31,1.82,,94.93,0.63,105.49,,0,14.8,,-0.06,243.25,380.05,21.94,30.72,52.74,75.1,48.76,1.6,21.45,0.3,,,,0.04,0.08,11.7,89.95,0.47,102.62,0.0,0.0,,,,,,,,,,,,,,,,,,,,,,,,0.0,,,,105.0,133.0,6.8,45.92,29.98,41.95,11.3,1.43,20.8,0.0,0.02,,,,,13.88,82.0,0.35,264.5,0.0,0.0,3.0,997.75,,244.0,359.75,76.22,117.92,124.42,61.12,10.1,2.95,13.9,7.6,8.02,,,,,11.92,87.5,0.6,232.25,0.0,0.0,34.0,979.75,,217.0,325.5,15.68,36.58,32.2,41.0,4.22,2.16,2.25,2.12,13.98,,,,,13.0,83.0,0.32,32.25,0.0,0.0,5.0,986.5,,277.0,494.0,19.52,65.6,50.78,24.48,11.88,1.86,10.75,2.17,71.45,,,,,12.1,90.0,0.52,55.0,0.0,0.0,9.0,980.75,,137.0,237.25,14.45,52.38,39.62,38.42,35.7,1.71,5.08,,,,,,,13.7,83.0,1.02,76.0,0.0,0.0,8.0,990.0,,,,,,,,,,,,,,,,,,,,,,0.0,,,,,,,,,,,,,,,,,,,,,,,,0.0,,,
2024-12-31 21:00:00,213.17,394.16,96.09,69.88,115.33,,,3.1,20.68,,,,,,,,,,,,0,,,,74.22,215.4,18.22,39.48,35.82,46.83,14.44,0.12,8.6,2.0,2.94,1.92,,1.32,1.76,,93.78,0.88,116.62,,0,14.28,,-0.08,280.92,434.41,22.65,29.12,52.05,76.15,48.85,1.74,21.47,0.16,,,,0.04,0.1,11.39,89.44,0.9,163.87,0.0,0.0,,,,,,,,,,,,,,,,,,,,,,,,0.0,,,,102.0,147.0,8.12,44.1,30.08,40.38,10.95,1.45,13.7,0.0,0.12,,,,,13.38,81.25,0.35,139.5,0.0,0.0,4.0,998.0,,271.0,441.0,119.0,115.92,157.93,49.98,12.4,3.77,22.0,9.0,9.0,,,,,11.85,90.0,0.78,232.25,0.0,0.0,33.75,980.0,,241.25,365.75,22.8,35.58,37.45,40.08,4.55,2.36,3.32,2.32,14.08,,,,,13.52,82.0,0.7,309.75,0.0,0.0,5.0,986.75,,285.0,621.0,59.08,65.12,82.65,25.62,13.2,2.23,7.25,2.33,97.0,,,,,11.78,91.25,0.85,55.0,0.0,0.0,9.0,981.0,,155.5,274.0,19.9,55.42,45.62,38.88,36.17,1.85,4.68,,,,,,,13.88,82.75,1.27,74.0,0.0,0.0,8.0,990.0,,,,,,,,,,,,,,,,,,,,,,0.0,,,,,,,,,,,,,,,,,,,,,,,,0.0,,,
2024-12-31 22:00:00,217.87,378.72,117.25,59.74,127.0,,,3.2,18.91,,,,,,,,,,,,0,,,,83.72,224.02,15.98,33.26,30.68,48.21,19.39,0.07,9.22,1.93,2.91,1.87,,1.32,1.77,,91.8,0.82,138.5,,0,13.25,,-0.1,285.56,415.76,21.99,26.78,49.02,76.35,48.72,1.82,20.9,0.24,,,,0.02,0.14,10.58,92.28,0.34,169.24,0.0,0.0,,,,,,,,,,,,,,,,,,,,,,,,0.0,,,,100.0,145.0,9.75,38.8,28.58,43.25,10.92,1.56,10.18,0.92,1.15,,,,,12.95,86.0,0.3,214.5,0.0,0.0,3.0,997.5,,329.0,514.25,103.58,91.38,132.75,52.85,12.62,3.02,25.2,10.0,10.68,,,,,11.7,90.75,0.68,228.0,0.0,0.0,34.25,980.0,,270.75,409.75,26.5,37.62,41.55,42.15,4.7,1.89,2.68,2.5,14.72,,,,,13.4,81.75,0.8,318.0,0.0,0.0,5.0,986.25,,313.0,592.0,52.2,59.25,73.97,26.8,13.25,2.44,8.5,2.55,88.32,,,,,11.45,92.25,1.05,55.0,0.0,0.0,9.0,981.0,,166.5,305.0,35.08,40.45,50.05,37.58,35.78,1.93,3.72,,,,,,,12.75,83.0,0.92,86.75,0.0,0.0,8.0,990.0,,,,,,,,,,,,,,,,,,,,,,0.0,,,,,,,,,,,,,,,,,,,,,,,,0.0,,,
2024-12-31 23:00:00,213.38,384.93,107.46,48.52,113.23,,,3.19,17.99,,,,,,,,,,,,0,,,,77.2,234.07,17.63,35.56,33.25,48.71,18.84,0.03,8.74,1.99,2.9,1.92,,1.36,1.72,,93.41,0.55,187.75,,0,13.47,,-0.1,282.96,445.34,20.91,24.22,45.25,78.1,49.08,2.07,21.24,0.27,,,,0.01,0.12,9.83,95.12,0.14,169.72,0.0,0.0,,,,,,,,,,,,,,,,,,,,,,,,0.0,,,,94.0,125.0,9.98,39.58,29.18,38.5,10.6,1.69,8.95,1.68,2.08,,,,,12.52,86.0,0.28,242.0,0.0,0.0,3.0,997.0,,310.75,468.0,105.05,87.0,131.45,51.9,13.25,2.39,20.35,9.57,10.38,,,,,11.45,92.25,0.4,271.75,0.0,0.0,34.75,980.75,,276.0,409.0,27.6,37.6,42.43,40.63,4.83,1.71,2.37,2.6,14.6,,,,,13.0,83.0,0.5,277.67,0.0,0.0,5.0,986.33,,350.0,563.0,60.5,56.75,79.38,31.98,14.0,1.77,7.22,3.77,84.32,,,,,11.22,93.25,0.95,55.0,0.0,0.0,9.0,979.0,,185.25,311.75,39.1,23.7,44.4,36.5,35.98,1.92,3.88,,,,,,,11.8,88.0,0.82,82.75,0.0,0.0,8.0,990.0,,,,,,,,,,,,,,,,,,,,,,0.0,,,,,,,,,,,,,,,,,,,,,,,,0.0,,,
